[2026-08-24T07:16:17.277+0000] {processor.py:186} INFO - Started process (PID=263) to work on /opt/airflow/dags/03_branching_dag.py
[2026-08-24T07:16:17.278+0000] {processor.py:914} INFO - Processing file /opt/airflow/dags/03_branching_dag.py for tasks to queue
[2026-08-24T07:16:17.280+0000] {logging_mixin.py:190} INFO - [2026-08-24T07:16:17.280+0000] {dagbag.py:588} INFO - Filling up the DagBag from /opt/airflow/dags/03_branching_dag.py
[2026-08-24T07:16:17.472+0000] {processor.py:925} INFO - DAG(s) 'branching_dag' retrieved from /opt/airflow/dags/03_branching_dag.py
[2026-08-24T07:16:17.566+0000] {logging_mixin.py:190} INFO - [2026-08-24T07:16:17.566+0000] {override.py:1911} INFO - Created Permission View: can delete on DAG:branching_dag
[2026-08-24T07:16:17.575+0000] {logging_mixin.py:190} INFO - [2026-08-24T07:16:17.575+0000] {override.py:1911} INFO - Created Permission View: can edit on DAG:branching_dag
[2026-08-24T07:16:17.582+0000] {logging_mixin.py:190} INFO - [2026-08-24T07:16:17.581+0000] {override.py:1911} INFO - Created Permission View: can read on DAG:branching_dag
[2026-08-24T07:16:17.589+0000] {logging_mixin.py:190} INFO - [2026-08-24T07:16:17.589+0000] {override.py:1911} INFO - Created Permission View: can delete on DAG Run:branching_dag
[2026-08-24T07:16:17.601+0000] {logging_mixin.py:190} INFO - [2026-08-24T07:16:17.601+0000] {override.py:1911} INFO - Created Permission View: can create on DAG Run:branching_dag
[2026-08-24T07:16:17.610+0000] {logging_mixin.py:190} INFO - [2026-08-24T07:16:17.610+0000] {override.py:1911} INFO - Created Permission View: menu access on DAG Run:branching_dag
[2026-08-24T07:16:17.622+0000] {logging_mixin.py:190} INFO - [2026-08-24T07:16:17.621+0000] {override.py:1911} INFO - Created Permission View: can read on DAG Run:branching_dag
[2026-08-24T07:16:17.625+0000] {logging_mixin.py:190} INFO - [2026-08-24T07:16:17.625+0000] {dag.py:3239} INFO - Sync 1 DAGs
[2026-08-24T07:16:17.642+0000] {logging_mixin.py:190} INFO - [2026-08-24T07:16:17.642+0000] {dag.py:3262} INFO - Creating ORM DAG for branching_dag
[2026-08-24T07:16:17.643+0000] {logging_mixin.py:190} INFO - [2026-08-24T07:16:17.643+0000] {dag.py:4180} INFO - Setting next_dagrun for branching_dag to None, run_after=None
[2026-08-24T07:16:17.670+0000] {processor.py:208} INFO - Processing /opt/airflow/dags/03_branching_dag.py took 0.399 seconds
[2026-08-24T07:16:47.804+0000] {processor.py:186} INFO - Started process (PID=274) to work on /opt/airflow/dags/03_branching_dag.py
[2026-08-24T07:16:47.810+0000] {processor.py:914} INFO - Processing file /opt/airflow/dags/03_branching_dag.py for tasks to queue
[2026-08-24T07:16:47.823+0000] {logging_mixin.py:190} INFO - [2026-08-24T07:16:47.822+0000] {dagbag.py:588} INFO - Filling up the DagBag from /opt/airflow/dags/03_branching_dag.py
[2026-08-24T07:16:47.860+0000] {processor.py:925} INFO - DAG(s) 'branching_dag' retrieved from /opt/airflow/dags/03_branching_dag.py
[2026-08-24T07:16:47.887+0000] {logging_mixin.py:190} INFO - [2026-08-24T07:16:47.887+0000] {dag.py:3239} INFO - Sync 1 DAGs
[2026-08-24T07:16:47.898+0000] {logging_mixin.py:190} INFO - [2026-08-24T07:16:47.898+0000] {dag.py:4180} INFO - Setting next_dagrun for branching_dag to None, run_after=None
[2026-08-24T07:16:47.913+0000] {processor.py:208} INFO - Processing /opt/airflow/dags/03_branching_dag.py took 0.130 seconds
[2026-08-24T07:17:18.837+0000] {processor.py:186} INFO - Started process (PID=285) to work on /opt/airflow/dags/03_branching_dag.py
[2026-08-24T07:17:18.838+0000] {processor.py:914} INFO - Processing file /opt/airflow/dags/03_branching_dag.py for tasks to queue
[2026-08-24T07:17:18.840+0000] {logging_mixin.py:190} INFO - [2026-08-24T07:17:18.840+0000] {dagbag.py:588} INFO - Filling up the DagBag from /opt/airflow/dags/03_branching_dag.py
[2026-08-24T07:17:18.859+0000] {processor.py:925} INFO - DAG(s) 'branching_dag' retrieved from /opt/airflow/dags/03_branching_dag.py
[2026-08-24T07:17:18.892+0000] {logging_mixin.py:190} INFO - [2026-08-24T07:17:18.891+0000] {dag.py:3239} INFO - Sync 1 DAGs
[2026-08-24T07:17:18.904+0000] {logging_mixin.py:190} INFO - [2026-08-24T07:17:18.904+0000] {dag.py:4180} INFO - Setting next_dagrun for branching_dag to None, run_after=None
[2026-08-24T07:17:18.922+0000] {processor.py:208} INFO - Processing /opt/airflow/dags/03_branching_dag.py took 0.090 seconds
[2026-08-24T07:17:49.717+0000] {processor.py:186} INFO - Started process (PID=296) to work on /opt/airflow/dags/03_branching_dag.py
[2026-08-24T07:17:49.718+0000] {processor.py:914} INFO - Processing file /opt/airflow/dags/03_branching_dag.py for tasks to queue
[2026-08-24T07:17:49.720+0000] {logging_mixin.py:190} INFO - [2026-08-24T07:17:49.720+0000] {dagbag.py:588} INFO - Filling up the DagBag from /opt/airflow/dags/03_branching_dag.py
[2026-08-24T07:17:49.734+0000] {processor.py:925} INFO - DAG(s) 'branching_dag' retrieved from /opt/airflow/dags/03_branching_dag.py
[2026-08-24T07:17:49.756+0000] {logging_mixin.py:190} INFO - [2026-08-24T07:17:49.756+0000] {dag.py:3239} INFO - Sync 1 DAGs
[2026-08-24T07:17:49.766+0000] {logging_mixin.py:190} INFO - [2026-08-24T07:17:49.766+0000] {dag.py:4180} INFO - Setting next_dagrun for branching_dag to None, run_after=None
[2026-08-24T07:17:49.935+0000] {processor.py:208} INFO - Processing /opt/airflow/dags/03_branching_dag.py took 0.225 seconds
[2026-08-24T07:18:20.017+0000] {processor.py:186} INFO - Started process (PID=307) to work on /opt/airflow/dags/03_branching_dag.py
[2026-08-24T07:18:20.020+0000] {processor.py:914} INFO - Processing file /opt/airflow/dags/03_branching_dag.py for tasks to queue
[2026-08-24T07:18:20.025+0000] {logging_mixin.py:190} INFO - [2026-08-24T07:18:20.024+0000] {dagbag.py:588} INFO - Filling up the DagBag from /opt/airflow/dags/03_branching_dag.py
[2026-08-24T07:18:20.069+0000] {processor.py:925} INFO - DAG(s) 'branching_dag' retrieved from /opt/airflow/dags/03_branching_dag.py
[2026-08-24T07:18:20.102+0000] {logging_mixin.py:190} INFO - [2026-08-24T07:18:20.102+0000] {dag.py:3239} INFO - Sync 1 DAGs
[2026-08-24T07:18:20.117+0000] {logging_mixin.py:190} INFO - [2026-08-24T07:18:20.117+0000] {dag.py:4180} INFO - Setting next_dagrun for branching_dag to None, run_after=None
[2026-08-24T07:18:20.147+0000] {processor.py:208} INFO - Processing /opt/airflow/dags/03_branching_dag.py took 0.144 seconds
[2026-08-24T07:18:50.871+0000] {processor.py:186} INFO - Started process (PID=318) to work on /opt/airflow/dags/03_branching_dag.py
[2026-08-24T07:18:50.872+0000] {processor.py:914} INFO - Processing file /opt/airflow/dags/03_branching_dag.py for tasks to queue
[2026-08-24T07:18:50.874+0000] {logging_mixin.py:190} INFO - [2026-08-24T07:18:50.874+0000] {dagbag.py:588} INFO - Filling up the DagBag from /opt/airflow/dags/03_branching_dag.py
[2026-08-24T07:18:50.888+0000] {processor.py:925} INFO - DAG(s) 'branching_dag' retrieved from /opt/airflow/dags/03_branching_dag.py
[2026-08-24T07:18:50.911+0000] {logging_mixin.py:190} INFO - [2026-08-24T07:18:50.911+0000] {dag.py:3239} INFO - Sync 1 DAGs
[2026-08-24T07:18:50.923+0000] {logging_mixin.py:190} INFO - [2026-08-24T07:18:50.923+0000] {dag.py:4180} INFO - Setting next_dagrun for branching_dag to None, run_after=None
[2026-08-24T07:18:50.980+0000] {processor.py:208} INFO - Processing /opt/airflow/dags/03_branching_dag.py took 0.113 seconds
[2026-08-24T07:19:21.855+0000] {processor.py:186} INFO - Started process (PID=329) to work on /opt/airflow/dags/03_branching_dag.py
[2026-08-24T07:19:21.858+0000] {processor.py:914} INFO - Processing file /opt/airflow/dags/03_branching_dag.py for tasks to queue
[2026-08-24T07:19:21.864+0000] {logging_mixin.py:190} INFO - [2026-08-24T07:19:21.864+0000] {dagbag.py:588} INFO - Filling up the DagBag from /opt/airflow/dags/03_branching_dag.py
[2026-08-24T07:19:21.903+0000] {processor.py:925} INFO - DAG(s) 'branching_dag' retrieved from /opt/airflow/dags/03_branching_dag.py
[2026-08-24T07:19:21.931+0000] {logging_mixin.py:190} INFO - [2026-08-24T07:19:21.931+0000] {dag.py:3239} INFO - Sync 1 DAGs
[2026-08-24T07:19:21.947+0000] {logging_mixin.py:190} INFO - [2026-08-24T07:19:21.946+0000] {dag.py:4180} INFO - Setting next_dagrun for branching_dag to None, run_after=None
[2026-08-24T07:19:21.968+0000] {processor.py:208} INFO - Processing /opt/airflow/dags/03_branching_dag.py took 0.131 seconds
[2026-08-24T07:19:52.993+0000] {processor.py:186} INFO - Started process (PID=346) to work on /opt/airflow/dags/03_branching_dag.py
[2026-08-24T07:19:52.995+0000] {processor.py:914} INFO - Processing file /opt/airflow/dags/03_branching_dag.py for tasks to queue
[2026-08-24T07:19:52.998+0000] {logging_mixin.py:190} INFO - [2026-08-24T07:19:52.998+0000] {dagbag.py:588} INFO - Filling up the DagBag from /opt/airflow/dags/03_branching_dag.py
[2026-08-24T07:19:53.034+0000] {processor.py:925} INFO - DAG(s) 'branching_dag' retrieved from /opt/airflow/dags/03_branching_dag.py
[2026-08-24T07:19:53.089+0000] {logging_mixin.py:190} INFO - [2026-08-24T07:19:53.089+0000] {dag.py:3239} INFO - Sync 1 DAGs
[2026-08-24T07:19:53.124+0000] {logging_mixin.py:190} INFO - [2026-08-24T07:19:53.123+0000] {dag.py:4180} INFO - Setting next_dagrun for branching_dag to None, run_after=None
[2026-08-24T07:19:53.171+0000] {processor.py:208} INFO - Processing /opt/airflow/dags/03_branching_dag.py took 0.188 seconds
[2026-08-24T07:20:24.123+0000] {processor.py:186} INFO - Started process (PID=357) to work on /opt/airflow/dags/03_branching_dag.py
[2026-08-24T07:20:24.125+0000] {processor.py:914} INFO - Processing file /opt/airflow/dags/03_branching_dag.py for tasks to queue
[2026-08-24T07:20:24.127+0000] {logging_mixin.py:190} INFO - [2026-08-24T07:20:24.127+0000] {dagbag.py:588} INFO - Filling up the DagBag from /opt/airflow/dags/03_branching_dag.py
[2026-08-24T07:20:24.167+0000] {processor.py:925} INFO - DAG(s) 'branching_dag' retrieved from /opt/airflow/dags/03_branching_dag.py
[2026-08-24T07:20:24.200+0000] {logging_mixin.py:190} INFO - [2026-08-24T07:20:24.199+0000] {dag.py:3239} INFO - Sync 1 DAGs
[2026-08-24T07:20:24.212+0000] {logging_mixin.py:190} INFO - [2026-08-24T07:20:24.212+0000] {dag.py:4180} INFO - Setting next_dagrun for branching_dag to None, run_after=None
[2026-08-24T07:20:24.229+0000] {processor.py:208} INFO - Processing /opt/airflow/dags/03_branching_dag.py took 0.114 seconds
[2026-08-24T07:20:55.003+0000] {processor.py:186} INFO - Started process (PID=369) to work on /opt/airflow/dags/03_branching_dag.py
[2026-08-24T07:20:55.004+0000] {processor.py:914} INFO - Processing file /opt/airflow/dags/03_branching_dag.py for tasks to queue
[2026-08-24T07:20:55.006+0000] {logging_mixin.py:190} INFO - [2026-08-24T07:20:55.006+0000] {dagbag.py:588} INFO - Filling up the DagBag from /opt/airflow/dags/03_branching_dag.py
[2026-08-24T07:20:55.024+0000] {processor.py:925} INFO - DAG(s) 'branching_dag' retrieved from /opt/airflow/dags/03_branching_dag.py
[2026-08-24T07:20:55.045+0000] {logging_mixin.py:190} INFO - [2026-08-24T07:20:55.045+0000] {dag.py:3239} INFO - Sync 1 DAGs
[2026-08-24T07:20:55.057+0000] {logging_mixin.py:190} INFO - [2026-08-24T07:20:55.056+0000] {dag.py:4180} INFO - Setting next_dagrun for branching_dag to None, run_after=None
[2026-08-24T07:20:55.089+0000] {processor.py:208} INFO - Processing /opt/airflow/dags/03_branching_dag.py took 0.091 seconds
[2026-08-24T07:21:26.304+0000] {processor.py:186} INFO - Started process (PID=380) to work on /opt/airflow/dags/03_branching_dag.py
[2026-08-24T07:21:26.306+0000] {processor.py:914} INFO - Processing file /opt/airflow/dags/03_branching_dag.py for tasks to queue
[2026-08-24T07:21:26.308+0000] {logging_mixin.py:190} INFO - [2026-08-24T07:21:26.308+0000] {dagbag.py:588} INFO - Filling up the DagBag from /opt/airflow/dags/03_branching_dag.py
[2026-08-24T07:21:26.334+0000] {processor.py:925} INFO - DAG(s) 'branching_dag' retrieved from /opt/airflow/dags/03_branching_dag.py
[2026-08-24T07:21:26.358+0000] {logging_mixin.py:190} INFO - [2026-08-24T07:21:26.358+0000] {dag.py:3239} INFO - Sync 1 DAGs
[2026-08-24T07:21:26.370+0000] {logging_mixin.py:190} INFO - [2026-08-24T07:21:26.370+0000] {dag.py:4180} INFO - Setting next_dagrun for branching_dag to None, run_after=None
[2026-08-24T07:21:26.388+0000] {processor.py:208} INFO - Processing /opt/airflow/dags/03_branching_dag.py took 0.095 seconds
[2026-08-24T07:21:57.157+0000] {processor.py:186} INFO - Started process (PID=391) to work on /opt/airflow/dags/03_branching_dag.py
[2026-08-24T07:21:57.159+0000] {processor.py:914} INFO - Processing file /opt/airflow/dags/03_branching_dag.py for tasks to queue
[2026-08-24T07:21:57.161+0000] {logging_mixin.py:190} INFO - [2026-08-24T07:21:57.161+0000] {dagbag.py:588} INFO - Filling up the DagBag from /opt/airflow/dags/03_branching_dag.py
[2026-08-24T07:21:57.194+0000] {processor.py:925} INFO - DAG(s) 'branching_dag' retrieved from /opt/airflow/dags/03_branching_dag.py
[2026-08-24T07:21:57.221+0000] {logging_mixin.py:190} INFO - [2026-08-24T07:21:57.221+0000] {dag.py:3239} INFO - Sync 1 DAGs
[2026-08-24T07:21:57.232+0000] {logging_mixin.py:190} INFO - [2026-08-24T07:21:57.232+0000] {dag.py:4180} INFO - Setting next_dagrun for branching_dag to None, run_after=None
[2026-08-24T07:21:57.250+0000] {processor.py:208} INFO - Processing /opt/airflow/dags/03_branching_dag.py took 0.101 seconds
[2026-08-24T07:22:27.936+0000] {processor.py:186} INFO - Started process (PID=402) to work on /opt/airflow/dags/03_branching_dag.py
[2026-08-24T07:22:27.939+0000] {processor.py:914} INFO - Processing file /opt/airflow/dags/03_branching_dag.py for tasks to queue
[2026-08-24T07:22:27.941+0000] {logging_mixin.py:190} INFO - [2026-08-24T07:22:27.941+0000] {dagbag.py:588} INFO - Filling up the DagBag from /opt/airflow/dags/03_branching_dag.py
[2026-08-24T07:22:27.957+0000] {processor.py:925} INFO - DAG(s) 'branching_dag' retrieved from /opt/airflow/dags/03_branching_dag.py
[2026-08-24T07:22:27.978+0000] {logging_mixin.py:190} INFO - [2026-08-24T07:22:27.978+0000] {dag.py:3239} INFO - Sync 1 DAGs
[2026-08-24T07:22:27.989+0000] {logging_mixin.py:190} INFO - [2026-08-24T07:22:27.989+0000] {dag.py:4180} INFO - Setting next_dagrun for branching_dag to None, run_after=None
[2026-08-24T07:22:28.010+0000] {processor.py:208} INFO - Processing /opt/airflow/dags/03_branching_dag.py took 0.079 seconds
[2026-08-24T07:22:58.801+0000] {processor.py:186} INFO - Started process (PID=413) to work on /opt/airflow/dags/03_branching_dag.py
[2026-08-24T07:22:58.802+0000] {processor.py:914} INFO - Processing file /opt/airflow/dags/03_branching_dag.py for tasks to queue
[2026-08-24T07:22:58.804+0000] {logging_mixin.py:190} INFO - [2026-08-24T07:22:58.804+0000] {dagbag.py:588} INFO - Filling up the DagBag from /opt/airflow/dags/03_branching_dag.py
[2026-08-24T07:22:58.824+0000] {processor.py:925} INFO - DAG(s) 'branching_dag' retrieved from /opt/airflow/dags/03_branching_dag.py
[2026-08-24T07:22:58.853+0000] {logging_mixin.py:190} INFO - [2026-08-24T07:22:58.853+0000] {dag.py:3239} INFO - Sync 1 DAGs
[2026-08-24T07:22:58.865+0000] {logging_mixin.py:190} INFO - [2026-08-24T07:22:58.864+0000] {dag.py:4180} INFO - Setting next_dagrun for branching_dag to None, run_after=None
[2026-08-24T07:22:58.887+0000] {processor.py:208} INFO - Processing /opt/airflow/dags/03_branching_dag.py took 0.091 seconds
[2026-08-24T07:23:29.582+0000] {processor.py:186} INFO - Started process (PID=424) to work on /opt/airflow/dags/03_branching_dag.py
[2026-08-24T07:23:29.583+0000] {processor.py:914} INFO - Processing file /opt/airflow/dags/03_branching_dag.py for tasks to queue
[2026-08-24T07:23:29.586+0000] {logging_mixin.py:190} INFO - [2026-08-24T07:23:29.585+0000] {dagbag.py:588} INFO - Filling up the DagBag from /opt/airflow/dags/03_branching_dag.py
[2026-08-24T07:23:29.603+0000] {processor.py:925} INFO - DAG(s) 'branching_dag' retrieved from /opt/airflow/dags/03_branching_dag.py
[2026-08-24T07:23:29.625+0000] {logging_mixin.py:190} INFO - [2026-08-24T07:23:29.625+0000] {dag.py:3239} INFO - Sync 1 DAGs
[2026-08-24T07:23:29.636+0000] {logging_mixin.py:190} INFO - [2026-08-24T07:23:29.636+0000] {dag.py:4180} INFO - Setting next_dagrun for branching_dag to None, run_after=None
[2026-08-24T07:23:29.659+0000] {processor.py:208} INFO - Processing /opt/airflow/dags/03_branching_dag.py took 0.083 seconds
[2026-08-24T07:24:00.433+0000] {processor.py:186} INFO - Started process (PID=435) to work on /opt/airflow/dags/03_branching_dag.py
[2026-08-24T07:24:00.435+0000] {processor.py:914} INFO - Processing file /opt/airflow/dags/03_branching_dag.py for tasks to queue
[2026-08-24T07:24:00.438+0000] {logging_mixin.py:190} INFO - [2026-08-24T07:24:00.437+0000] {dagbag.py:588} INFO - Filling up the DagBag from /opt/airflow/dags/03_branching_dag.py
[2026-08-24T07:24:00.461+0000] {processor.py:925} INFO - DAG(s) 'branching_dag' retrieved from /opt/airflow/dags/03_branching_dag.py
[2026-08-24T07:24:00.497+0000] {logging_mixin.py:190} INFO - [2026-08-24T07:24:00.497+0000] {dag.py:3239} INFO - Sync 1 DAGs
[2026-08-24T07:24:00.510+0000] {logging_mixin.py:190} INFO - [2026-08-24T07:24:00.510+0000] {dag.py:4180} INFO - Setting next_dagrun for branching_dag to None, run_after=None
[2026-08-24T07:24:00.531+0000] {processor.py:208} INFO - Processing /opt/airflow/dags/03_branching_dag.py took 0.104 seconds
[2026-08-24T07:24:31.521+0000] {processor.py:186} INFO - Started process (PID=446) to work on /opt/airflow/dags/03_branching_dag.py
[2026-08-24T07:24:31.522+0000] {processor.py:914} INFO - Processing file /opt/airflow/dags/03_branching_dag.py for tasks to queue
[2026-08-24T07:24:31.526+0000] {logging_mixin.py:190} INFO - [2026-08-24T07:24:31.525+0000] {dagbag.py:588} INFO - Filling up the DagBag from /opt/airflow/dags/03_branching_dag.py
[2026-08-24T07:24:31.569+0000] {processor.py:925} INFO - DAG(s) 'branching_dag' retrieved from /opt/airflow/dags/03_branching_dag.py
[2026-08-24T07:24:31.593+0000] {logging_mixin.py:190} INFO - [2026-08-24T07:24:31.592+0000] {dag.py:3239} INFO - Sync 1 DAGs
[2026-08-24T07:24:31.607+0000] {logging_mixin.py:190} INFO - [2026-08-24T07:24:31.607+0000] {dag.py:4180} INFO - Setting next_dagrun for branching_dag to None, run_after=None
[2026-08-24T07:24:31.628+0000] {processor.py:208} INFO - Processing /opt/airflow/dags/03_branching_dag.py took 0.115 seconds
[2026-08-24T07:25:01.781+0000] {processor.py:186} INFO - Started process (PID=457) to work on /opt/airflow/dags/03_branching_dag.py
[2026-08-24T07:25:01.782+0000] {processor.py:914} INFO - Processing file /opt/airflow/dags/03_branching_dag.py for tasks to queue
[2026-08-24T07:25:01.784+0000] {logging_mixin.py:190} INFO - [2026-08-24T07:25:01.784+0000] {dagbag.py:588} INFO - Filling up the DagBag from /opt/airflow/dags/03_branching_dag.py
[2026-08-24T07:25:01.797+0000] {processor.py:925} INFO - DAG(s) 'branching_dag' retrieved from /opt/airflow/dags/03_branching_dag.py
[2026-08-24T07:25:01.817+0000] {logging_mixin.py:190} INFO - [2026-08-24T07:25:01.817+0000] {dag.py:3239} INFO - Sync 1 DAGs
[2026-08-24T07:25:01.827+0000] {logging_mixin.py:190} INFO - [2026-08-24T07:25:01.827+0000] {dag.py:4180} INFO - Setting next_dagrun for branching_dag to None, run_after=None
[2026-08-24T07:25:01.847+0000] {processor.py:208} INFO - Processing /opt/airflow/dags/03_branching_dag.py took 0.071 seconds
[2026-08-24T07:25:32.705+0000] {processor.py:186} INFO - Started process (PID=468) to work on /opt/airflow/dags/03_branching_dag.py
[2026-08-24T07:25:32.706+0000] {processor.py:914} INFO - Processing file /opt/airflow/dags/03_branching_dag.py for tasks to queue
[2026-08-24T07:25:32.709+0000] {logging_mixin.py:190} INFO - [2026-08-24T07:25:32.708+0000] {dagbag.py:588} INFO - Filling up the DagBag from /opt/airflow/dags/03_branching_dag.py
[2026-08-24T07:25:32.727+0000] {processor.py:925} INFO - DAG(s) 'branching_dag' retrieved from /opt/airflow/dags/03_branching_dag.py
[2026-08-24T07:25:32.751+0000] {logging_mixin.py:190} INFO - [2026-08-24T07:25:32.751+0000] {dag.py:3239} INFO - Sync 1 DAGs
[2026-08-24T07:25:32.764+0000] {logging_mixin.py:190} INFO - [2026-08-24T07:25:32.763+0000] {dag.py:4180} INFO - Setting next_dagrun for branching_dag to None, run_after=None
[2026-08-24T07:25:32.790+0000] {processor.py:208} INFO - Processing /opt/airflow/dags/03_branching_dag.py took 0.089 seconds
[2026-08-24T07:26:02.911+0000] {processor.py:186} INFO - Started process (PID=479) to work on /opt/airflow/dags/03_branching_dag.py
[2026-08-24T07:26:02.913+0000] {processor.py:914} INFO - Processing file /opt/airflow/dags/03_branching_dag.py for tasks to queue
[2026-08-24T07:26:02.920+0000] {logging_mixin.py:190} INFO - [2026-08-24T07:26:02.920+0000] {dagbag.py:588} INFO - Filling up the DagBag from /opt/airflow/dags/03_branching_dag.py
[2026-08-24T07:26:02.974+0000] {processor.py:925} INFO - DAG(s) 'branching_dag' retrieved from /opt/airflow/dags/03_branching_dag.py
[2026-08-24T07:26:03.005+0000] {logging_mixin.py:190} INFO - [2026-08-24T07:26:03.005+0000] {dag.py:3239} INFO - Sync 1 DAGs
[2026-08-24T07:26:03.016+0000] {logging_mixin.py:190} INFO - [2026-08-24T07:26:03.015+0000] {dag.py:4180} INFO - Setting next_dagrun for branching_dag to None, run_after=None
[2026-08-24T07:26:03.048+0000] {processor.py:208} INFO - Processing /opt/airflow/dags/03_branching_dag.py took 0.147 seconds
[2026-08-24T07:26:33.144+0000] {processor.py:186} INFO - Started process (PID=490) to work on /opt/airflow/dags/03_branching_dag.py
[2026-08-24T07:26:33.147+0000] {processor.py:914} INFO - Processing file /opt/airflow/dags/03_branching_dag.py for tasks to queue
[2026-08-24T07:26:33.155+0000] {logging_mixin.py:190} INFO - [2026-08-24T07:26:33.154+0000] {dagbag.py:588} INFO - Filling up the DagBag from /opt/airflow/dags/03_branching_dag.py
[2026-08-24T07:26:33.193+0000] {processor.py:925} INFO - DAG(s) 'branching_dag' retrieved from /opt/airflow/dags/03_branching_dag.py
[2026-08-24T07:26:33.226+0000] {logging_mixin.py:190} INFO - [2026-08-24T07:26:33.226+0000] {dag.py:3239} INFO - Sync 1 DAGs
[2026-08-24T07:26:33.241+0000] {logging_mixin.py:190} INFO - [2026-08-24T07:26:33.241+0000] {dag.py:4180} INFO - Setting next_dagrun for branching_dag to None, run_after=None
[2026-08-24T07:26:33.258+0000] {processor.py:208} INFO - Processing /opt/airflow/dags/03_branching_dag.py took 0.128 seconds
[2026-08-24T07:27:03.413+0000] {processor.py:186} INFO - Started process (PID=501) to work on /opt/airflow/dags/03_branching_dag.py
[2026-08-24T07:27:03.414+0000] {processor.py:914} INFO - Processing file /opt/airflow/dags/03_branching_dag.py for tasks to queue
[2026-08-24T07:27:03.416+0000] {logging_mixin.py:190} INFO - [2026-08-24T07:27:03.416+0000] {dagbag.py:588} INFO - Filling up the DagBag from /opt/airflow/dags/03_branching_dag.py
[2026-08-24T07:27:03.441+0000] {processor.py:925} INFO - DAG(s) 'branching_dag' retrieved from /opt/airflow/dags/03_branching_dag.py
[2026-08-24T07:27:03.464+0000] {logging_mixin.py:190} INFO - [2026-08-24T07:27:03.464+0000] {dag.py:3239} INFO - Sync 1 DAGs
[2026-08-24T07:27:03.475+0000] {logging_mixin.py:190} INFO - [2026-08-24T07:27:03.475+0000] {dag.py:4180} INFO - Setting next_dagrun for branching_dag to None, run_after=None
[2026-08-24T07:27:03.492+0000] {processor.py:208} INFO - Processing /opt/airflow/dags/03_branching_dag.py took 0.085 seconds
[2026-08-24T07:27:34.235+0000] {processor.py:186} INFO - Started process (PID=512) to work on /opt/airflow/dags/03_branching_dag.py
[2026-08-24T07:27:34.236+0000] {processor.py:914} INFO - Processing file /opt/airflow/dags/03_branching_dag.py for tasks to queue
[2026-08-24T07:27:34.238+0000] {logging_mixin.py:190} INFO - [2026-08-24T07:27:34.238+0000] {dagbag.py:588} INFO - Filling up the DagBag from /opt/airflow/dags/03_branching_dag.py
[2026-08-24T07:27:34.256+0000] {processor.py:925} INFO - DAG(s) 'branching_dag' retrieved from /opt/airflow/dags/03_branching_dag.py
[2026-08-24T07:27:34.278+0000] {logging_mixin.py:190} INFO - [2026-08-24T07:27:34.278+0000] {dag.py:3239} INFO - Sync 1 DAGs
[2026-08-24T07:27:34.290+0000] {logging_mixin.py:190} INFO - [2026-08-24T07:27:34.290+0000] {dag.py:4180} INFO - Setting next_dagrun for branching_dag to None, run_after=None
[2026-08-24T07:27:34.311+0000] {processor.py:208} INFO - Processing /opt/airflow/dags/03_branching_dag.py took 0.081 seconds
[2026-08-24T07:28:05.159+0000] {processor.py:186} INFO - Started process (PID=523) to work on /opt/airflow/dags/03_branching_dag.py
[2026-08-24T07:28:05.160+0000] {processor.py:914} INFO - Processing file /opt/airflow/dags/03_branching_dag.py for tasks to queue
[2026-08-24T07:28:05.163+0000] {logging_mixin.py:190} INFO - [2026-08-24T07:28:05.163+0000] {dagbag.py:588} INFO - Filling up the DagBag from /opt/airflow/dags/03_branching_dag.py
[2026-08-24T07:28:05.180+0000] {processor.py:925} INFO - DAG(s) 'branching_dag' retrieved from /opt/airflow/dags/03_branching_dag.py
[2026-08-24T07:28:05.201+0000] {logging_mixin.py:190} INFO - [2026-08-24T07:28:05.201+0000] {dag.py:3239} INFO - Sync 1 DAGs
[2026-08-24T07:28:05.213+0000] {logging_mixin.py:190} INFO - [2026-08-24T07:28:05.213+0000] {dag.py:4180} INFO - Setting next_dagrun for branching_dag to None, run_after=None
[2026-08-24T07:28:05.239+0000] {processor.py:208} INFO - Processing /opt/airflow/dags/03_branching_dag.py took 0.085 seconds
[2026-08-24T07:28:36.226+0000] {processor.py:186} INFO - Started process (PID=535) to work on /opt/airflow/dags/03_branching_dag.py
[2026-08-24T07:28:36.227+0000] {processor.py:914} INFO - Processing file /opt/airflow/dags/03_branching_dag.py for tasks to queue
[2026-08-24T07:28:36.229+0000] {logging_mixin.py:190} INFO - [2026-08-24T07:28:36.229+0000] {dagbag.py:588} INFO - Filling up the DagBag from /opt/airflow/dags/03_branching_dag.py
[2026-08-24T07:28:36.255+0000] {processor.py:925} INFO - DAG(s) 'branching_dag' retrieved from /opt/airflow/dags/03_branching_dag.py
[2026-08-24T07:28:36.279+0000] {logging_mixin.py:190} INFO - [2026-08-24T07:28:36.279+0000] {dag.py:3239} INFO - Sync 1 DAGs
[2026-08-24T07:28:36.291+0000] {logging_mixin.py:190} INFO - [2026-08-24T07:28:36.291+0000] {dag.py:4180} INFO - Setting next_dagrun for branching_dag to None, run_after=None
[2026-08-24T07:28:36.307+0000] {processor.py:208} INFO - Processing /opt/airflow/dags/03_branching_dag.py took 0.086 seconds
[2026-08-24T07:29:07.225+0000] {processor.py:186} INFO - Started process (PID=546) to work on /opt/airflow/dags/03_branching_dag.py
[2026-08-24T07:29:07.226+0000] {processor.py:914} INFO - Processing file /opt/airflow/dags/03_branching_dag.py for tasks to queue
[2026-08-24T07:29:07.228+0000] {logging_mixin.py:190} INFO - [2026-08-24T07:29:07.228+0000] {dagbag.py:588} INFO - Filling up the DagBag from /opt/airflow/dags/03_branching_dag.py
[2026-08-24T07:29:07.247+0000] {processor.py:925} INFO - DAG(s) 'branching_dag' retrieved from /opt/airflow/dags/03_branching_dag.py
[2026-08-24T07:29:07.272+0000] {logging_mixin.py:190} INFO - [2026-08-24T07:29:07.271+0000] {dag.py:3239} INFO - Sync 1 DAGs
[2026-08-24T07:29:07.283+0000] {logging_mixin.py:190} INFO - [2026-08-24T07:29:07.283+0000] {dag.py:4180} INFO - Setting next_dagrun for branching_dag to None, run_after=None
[2026-08-24T07:29:07.304+0000] {processor.py:208} INFO - Processing /opt/airflow/dags/03_branching_dag.py took 0.084 seconds
[2026-08-24T07:29:37.995+0000] {processor.py:186} INFO - Started process (PID=557) to work on /opt/airflow/dags/03_branching_dag.py
[2026-08-24T07:29:37.997+0000] {processor.py:914} INFO - Processing file /opt/airflow/dags/03_branching_dag.py for tasks to queue
[2026-08-24T07:29:38.002+0000] {logging_mixin.py:190} INFO - [2026-08-24T07:29:38.002+0000] {dagbag.py:588} INFO - Filling up the DagBag from /opt/airflow/dags/03_branching_dag.py
[2026-08-24T07:29:38.040+0000] {processor.py:925} INFO - DAG(s) 'branching_dag' retrieved from /opt/airflow/dags/03_branching_dag.py
[2026-08-24T07:29:38.063+0000] {logging_mixin.py:190} INFO - [2026-08-24T07:29:38.062+0000] {dag.py:3239} INFO - Sync 1 DAGs
[2026-08-24T07:29:38.075+0000] {logging_mixin.py:190} INFO - [2026-08-24T07:29:38.074+0000] {dag.py:4180} INFO - Setting next_dagrun for branching_dag to None, run_after=None
[2026-08-24T07:29:38.094+0000] {processor.py:208} INFO - Processing /opt/airflow/dags/03_branching_dag.py took 0.106 seconds
[2026-08-24T07:30:08.923+0000] {processor.py:186} INFO - Started process (PID=568) to work on /opt/airflow/dags/03_branching_dag.py
[2026-08-24T07:30:08.923+0000] {processor.py:914} INFO - Processing file /opt/airflow/dags/03_branching_dag.py for tasks to queue
[2026-08-24T07:30:08.925+0000] {logging_mixin.py:190} INFO - [2026-08-24T07:30:08.925+0000] {dagbag.py:588} INFO - Filling up the DagBag from /opt/airflow/dags/03_branching_dag.py
[2026-08-24T07:30:08.944+0000] {processor.py:925} INFO - DAG(s) 'branching_dag' retrieved from /opt/airflow/dags/03_branching_dag.py
[2026-08-24T07:30:08.965+0000] {logging_mixin.py:190} INFO - [2026-08-24T07:30:08.965+0000] {dag.py:3239} INFO - Sync 1 DAGs
[2026-08-24T07:30:08.976+0000] {logging_mixin.py:190} INFO - [2026-08-24T07:30:08.976+0000] {dag.py:4180} INFO - Setting next_dagrun for branching_dag to None, run_after=None
[2026-08-24T07:30:08.998+0000] {processor.py:208} INFO - Processing /opt/airflow/dags/03_branching_dag.py took 0.080 seconds
[2026-08-24T07:30:39.124+0000] {processor.py:186} INFO - Started process (PID=579) to work on /opt/airflow/dags/03_branching_dag.py
[2026-08-24T07:30:39.125+0000] {processor.py:914} INFO - Processing file /opt/airflow/dags/03_branching_dag.py for tasks to queue
[2026-08-24T07:30:39.127+0000] {logging_mixin.py:190} INFO - [2026-08-24T07:30:39.126+0000] {dagbag.py:588} INFO - Filling up the DagBag from /opt/airflow/dags/03_branching_dag.py
[2026-08-24T07:30:39.142+0000] {processor.py:925} INFO - DAG(s) 'branching_dag' retrieved from /opt/airflow/dags/03_branching_dag.py
[2026-08-24T07:30:39.164+0000] {logging_mixin.py:190} INFO - [2026-08-24T07:30:39.164+0000] {dag.py:3239} INFO - Sync 1 DAGs
[2026-08-24T07:30:39.175+0000] {logging_mixin.py:190} INFO - [2026-08-24T07:30:39.175+0000] {dag.py:4180} INFO - Setting next_dagrun for branching_dag to None, run_after=None
[2026-08-24T07:30:39.199+0000] {processor.py:208} INFO - Processing /opt/airflow/dags/03_branching_dag.py took 0.080 seconds
[2026-08-24T07:31:10.153+0000] {processor.py:186} INFO - Started process (PID=590) to work on /opt/airflow/dags/03_branching_dag.py
[2026-08-24T07:31:10.154+0000] {processor.py:914} INFO - Processing file /opt/airflow/dags/03_branching_dag.py for tasks to queue
[2026-08-24T07:31:10.157+0000] {logging_mixin.py:190} INFO - [2026-08-24T07:31:10.157+0000] {dagbag.py:588} INFO - Filling up the DagBag from /opt/airflow/dags/03_branching_dag.py
[2026-08-24T07:31:10.201+0000] {processor.py:925} INFO - DAG(s) 'branching_dag' retrieved from /opt/airflow/dags/03_branching_dag.py
[2026-08-24T07:31:10.227+0000] {logging_mixin.py:190} INFO - [2026-08-24T07:31:10.226+0000] {dag.py:3239} INFO - Sync 1 DAGs
[2026-08-24T07:31:10.238+0000] {logging_mixin.py:190} INFO - [2026-08-24T07:31:10.238+0000] {dag.py:4180} INFO - Setting next_dagrun for branching_dag to None, run_after=None
[2026-08-24T07:31:10.259+0000] {processor.py:208} INFO - Processing /opt/airflow/dags/03_branching_dag.py took 0.113 seconds
[2026-08-24T07:31:40.490+0000] {processor.py:186} INFO - Started process (PID=601) to work on /opt/airflow/dags/03_branching_dag.py
[2026-08-24T07:31:40.491+0000] {processor.py:914} INFO - Processing file /opt/airflow/dags/03_branching_dag.py for tasks to queue
[2026-08-24T07:31:40.493+0000] {logging_mixin.py:190} INFO - [2026-08-24T07:31:40.493+0000] {dagbag.py:588} INFO - Filling up the DagBag from /opt/airflow/dags/03_branching_dag.py
[2026-08-24T07:31:40.518+0000] {processor.py:925} INFO - DAG(s) 'branching_dag' retrieved from /opt/airflow/dags/03_branching_dag.py
[2026-08-24T07:31:40.540+0000] {logging_mixin.py:190} INFO - [2026-08-24T07:31:40.540+0000] {dag.py:3239} INFO - Sync 1 DAGs
[2026-08-24T07:31:40.552+0000] {logging_mixin.py:190} INFO - [2026-08-24T07:31:40.552+0000] {dag.py:4180} INFO - Setting next_dagrun for branching_dag to None, run_after=None
[2026-08-24T07:31:40.578+0000] {processor.py:208} INFO - Processing /opt/airflow/dags/03_branching_dag.py took 0.093 seconds
[2026-08-24T07:32:11.359+0000] {processor.py:186} INFO - Started process (PID=612) to work on /opt/airflow/dags/03_branching_dag.py
[2026-08-24T07:32:11.360+0000] {processor.py:914} INFO - Processing file /opt/airflow/dags/03_branching_dag.py for tasks to queue
[2026-08-24T07:32:11.362+0000] {logging_mixin.py:190} INFO - [2026-08-24T07:32:11.362+0000] {dagbag.py:588} INFO - Filling up the DagBag from /opt/airflow/dags/03_branching_dag.py
[2026-08-24T07:32:11.376+0000] {processor.py:925} INFO - DAG(s) 'branching_dag' retrieved from /opt/airflow/dags/03_branching_dag.py
[2026-08-24T07:32:11.398+0000] {logging_mixin.py:190} INFO - [2026-08-24T07:32:11.398+0000] {dag.py:3239} INFO - Sync 1 DAGs
[2026-08-24T07:32:11.413+0000] {logging_mixin.py:190} INFO - [2026-08-24T07:32:11.413+0000] {dag.py:4180} INFO - Setting next_dagrun for branching_dag to None, run_after=None
[2026-08-24T07:32:11.434+0000] {processor.py:208} INFO - Processing /opt/airflow/dags/03_branching_dag.py took 0.079 seconds
[2026-08-24T07:32:41.533+0000] {processor.py:186} INFO - Started process (PID=623) to work on /opt/airflow/dags/03_branching_dag.py
[2026-08-24T07:32:41.534+0000] {processor.py:914} INFO - Processing file /opt/airflow/dags/03_branching_dag.py for tasks to queue
[2026-08-24T07:32:41.540+0000] {logging_mixin.py:190} INFO - [2026-08-24T07:32:41.539+0000] {dagbag.py:588} INFO - Filling up the DagBag from /opt/airflow/dags/03_branching_dag.py
[2026-08-24T07:32:41.557+0000] {processor.py:925} INFO - DAG(s) 'branching_dag' retrieved from /opt/airflow/dags/03_branching_dag.py
[2026-08-24T07:32:41.579+0000] {logging_mixin.py:190} INFO - [2026-08-24T07:32:41.578+0000] {dag.py:3239} INFO - Sync 1 DAGs
[2026-08-24T07:32:41.589+0000] {logging_mixin.py:190} INFO - [2026-08-24T07:32:41.589+0000] {dag.py:4180} INFO - Setting next_dagrun for branching_dag to None, run_after=None
[2026-08-24T07:32:41.607+0000] {processor.py:208} INFO - Processing /opt/airflow/dags/03_branching_dag.py took 0.081 seconds
[2026-08-24T07:33:12.277+0000] {processor.py:186} INFO - Started process (PID=634) to work on /opt/airflow/dags/03_branching_dag.py
[2026-08-24T07:33:12.279+0000] {processor.py:914} INFO - Processing file /opt/airflow/dags/03_branching_dag.py for tasks to queue
[2026-08-24T07:33:12.281+0000] {logging_mixin.py:190} INFO - [2026-08-24T07:33:12.280+0000] {dagbag.py:588} INFO - Filling up the DagBag from /opt/airflow/dags/03_branching_dag.py
[2026-08-24T07:33:12.308+0000] {processor.py:925} INFO - DAG(s) 'branching_dag' retrieved from /opt/airflow/dags/03_branching_dag.py
[2026-08-24T07:33:12.330+0000] {logging_mixin.py:190} INFO - [2026-08-24T07:33:12.329+0000] {dag.py:3239} INFO - Sync 1 DAGs
[2026-08-24T07:33:12.340+0000] {logging_mixin.py:190} INFO - [2026-08-24T07:33:12.340+0000] {dag.py:4180} INFO - Setting next_dagrun for branching_dag to None, run_after=None
[2026-08-24T07:33:12.364+0000] {processor.py:208} INFO - Processing /opt/airflow/dags/03_branching_dag.py took 0.093 seconds
[2026-08-24T07:33:43.137+0000] {processor.py:186} INFO - Started process (PID=645) to work on /opt/airflow/dags/03_branching_dag.py
[2026-08-24T07:33:43.138+0000] {processor.py:914} INFO - Processing file /opt/airflow/dags/03_branching_dag.py for tasks to queue
[2026-08-24T07:33:43.140+0000] {logging_mixin.py:190} INFO - [2026-08-24T07:33:43.139+0000] {dagbag.py:588} INFO - Filling up the DagBag from /opt/airflow/dags/03_branching_dag.py
[2026-08-24T07:33:43.155+0000] {processor.py:925} INFO - DAG(s) 'branching_dag' retrieved from /opt/airflow/dags/03_branching_dag.py
[2026-08-24T07:33:43.176+0000] {logging_mixin.py:190} INFO - [2026-08-24T07:33:43.176+0000] {dag.py:3239} INFO - Sync 1 DAGs
[2026-08-24T07:33:43.187+0000] {logging_mixin.py:190} INFO - [2026-08-24T07:33:43.187+0000] {dag.py:4180} INFO - Setting next_dagrun for branching_dag to None, run_after=None
[2026-08-24T07:33:43.211+0000] {processor.py:208} INFO - Processing /opt/airflow/dags/03_branching_dag.py took 0.079 seconds
[2026-08-24T07:34:14.004+0000] {processor.py:186} INFO - Started process (PID=656) to work on /opt/airflow/dags/03_branching_dag.py
[2026-08-24T07:34:14.006+0000] {processor.py:914} INFO - Processing file /opt/airflow/dags/03_branching_dag.py for tasks to queue
[2026-08-24T07:34:14.008+0000] {logging_mixin.py:190} INFO - [2026-08-24T07:34:14.008+0000] {dagbag.py:588} INFO - Filling up the DagBag from /opt/airflow/dags/03_branching_dag.py
[2026-08-24T07:34:14.027+0000] {processor.py:925} INFO - DAG(s) 'branching_dag' retrieved from /opt/airflow/dags/03_branching_dag.py
[2026-08-24T07:34:14.048+0000] {logging_mixin.py:190} INFO - [2026-08-24T07:34:14.048+0000] {dag.py:3239} INFO - Sync 1 DAGs
[2026-08-24T07:34:14.060+0000] {logging_mixin.py:190} INFO - [2026-08-24T07:34:14.059+0000] {dag.py:4180} INFO - Setting next_dagrun for branching_dag to None, run_after=None
[2026-08-24T07:34:14.082+0000] {processor.py:208} INFO - Processing /opt/airflow/dags/03_branching_dag.py took 0.085 seconds
[2026-08-24T07:34:44.933+0000] {processor.py:186} INFO - Started process (PID=667) to work on /opt/airflow/dags/03_branching_dag.py
[2026-08-24T07:34:44.934+0000] {processor.py:914} INFO - Processing file /opt/airflow/dags/03_branching_dag.py for tasks to queue
[2026-08-24T07:34:44.936+0000] {logging_mixin.py:190} INFO - [2026-08-24T07:34:44.936+0000] {dagbag.py:588} INFO - Filling up the DagBag from /opt/airflow/dags/03_branching_dag.py
[2026-08-24T07:34:44.954+0000] {processor.py:925} INFO - DAG(s) 'branching_dag' retrieved from /opt/airflow/dags/03_branching_dag.py
[2026-08-24T07:34:44.982+0000] {logging_mixin.py:190} INFO - [2026-08-24T07:34:44.981+0000] {dag.py:3239} INFO - Sync 1 DAGs
[2026-08-24T07:34:45.003+0000] {logging_mixin.py:190} INFO - [2026-08-24T07:34:45.002+0000] {dag.py:4180} INFO - Setting next_dagrun for branching_dag to None, run_after=None
[2026-08-24T07:34:45.027+0000] {processor.py:208} INFO - Processing /opt/airflow/dags/03_branching_dag.py took 0.099 seconds
[2026-08-24T07:35:15.994+0000] {processor.py:186} INFO - Started process (PID=678) to work on /opt/airflow/dags/03_branching_dag.py
[2026-08-24T07:35:16.001+0000] {processor.py:914} INFO - Processing file /opt/airflow/dags/03_branching_dag.py for tasks to queue
[2026-08-24T07:35:16.003+0000] {logging_mixin.py:190} INFO - [2026-08-24T07:35:16.003+0000] {dagbag.py:588} INFO - Filling up the DagBag from /opt/airflow/dags/03_branching_dag.py
[2026-08-24T07:35:16.036+0000] {processor.py:925} INFO - DAG(s) 'branching_dag' retrieved from /opt/airflow/dags/03_branching_dag.py
[2026-08-24T07:35:16.058+0000] {logging_mixin.py:190} INFO - [2026-08-24T07:35:16.058+0000] {dag.py:3239} INFO - Sync 1 DAGs
[2026-08-24T07:35:16.069+0000] {logging_mixin.py:190} INFO - [2026-08-24T07:35:16.069+0000] {dag.py:4180} INFO - Setting next_dagrun for branching_dag to None, run_after=None
[2026-08-24T07:35:16.090+0000] {processor.py:208} INFO - Processing /opt/airflow/dags/03_branching_dag.py took 0.101 seconds
[2026-08-24T07:35:46.902+0000] {processor.py:186} INFO - Started process (PID=688) to work on /opt/airflow/dags/03_branching_dag.py
[2026-08-24T07:35:46.903+0000] {processor.py:914} INFO - Processing file /opt/airflow/dags/03_branching_dag.py for tasks to queue
[2026-08-24T07:35:46.904+0000] {logging_mixin.py:190} INFO - [2026-08-24T07:35:46.904+0000] {dagbag.py:588} INFO - Filling up the DagBag from /opt/airflow/dags/03_branching_dag.py
[2026-08-24T07:35:46.919+0000] {processor.py:925} INFO - DAG(s) 'branching_dag' retrieved from /opt/airflow/dags/03_branching_dag.py
[2026-08-24T07:35:46.941+0000] {logging_mixin.py:190} INFO - [2026-08-24T07:35:46.940+0000] {dag.py:3239} INFO - Sync 1 DAGs
[2026-08-24T07:35:46.952+0000] {logging_mixin.py:190} INFO - [2026-08-24T07:35:46.951+0000] {dag.py:4180} INFO - Setting next_dagrun for branching_dag to None, run_after=None
[2026-08-24T07:35:46.972+0000] {processor.py:208} INFO - Processing /opt/airflow/dags/03_branching_dag.py took 0.075 seconds
[2026-08-24T07:36:17.712+0000] {processor.py:186} INFO - Started process (PID=699) to work on /opt/airflow/dags/03_branching_dag.py
[2026-08-24T07:36:17.714+0000] {processor.py:914} INFO - Processing file /opt/airflow/dags/03_branching_dag.py for tasks to queue
[2026-08-24T07:36:17.716+0000] {logging_mixin.py:190} INFO - [2026-08-24T07:36:17.716+0000] {dagbag.py:588} INFO - Filling up the DagBag from /opt/airflow/dags/03_branching_dag.py
[2026-08-24T07:36:17.742+0000] {processor.py:925} INFO - DAG(s) 'branching_dag' retrieved from /opt/airflow/dags/03_branching_dag.py
[2026-08-24T07:36:17.766+0000] {logging_mixin.py:190} INFO - [2026-08-24T07:36:17.766+0000] {dag.py:3239} INFO - Sync 1 DAGs
[2026-08-24T07:36:17.777+0000] {logging_mixin.py:190} INFO - [2026-08-24T07:36:17.777+0000] {dag.py:4180} INFO - Setting next_dagrun for branching_dag to None, run_after=None
[2026-08-24T07:36:17.796+0000] {processor.py:208} INFO - Processing /opt/airflow/dags/03_branching_dag.py took 0.090 seconds
[2026-08-24T07:36:48.488+0000] {processor.py:186} INFO - Started process (PID=710) to work on /opt/airflow/dags/03_branching_dag.py
[2026-08-24T07:36:48.490+0000] {processor.py:914} INFO - Processing file /opt/airflow/dags/03_branching_dag.py for tasks to queue
[2026-08-24T07:36:48.492+0000] {logging_mixin.py:190} INFO - [2026-08-24T07:36:48.492+0000] {dagbag.py:588} INFO - Filling up the DagBag from /opt/airflow/dags/03_branching_dag.py
[2026-08-24T07:36:48.508+0000] {processor.py:925} INFO - DAG(s) 'branching_dag' retrieved from /opt/airflow/dags/03_branching_dag.py
[2026-08-24T07:36:48.530+0000] {logging_mixin.py:190} INFO - [2026-08-24T07:36:48.530+0000] {dag.py:3239} INFO - Sync 1 DAGs
[2026-08-24T07:36:48.541+0000] {logging_mixin.py:190} INFO - [2026-08-24T07:36:48.540+0000] {dag.py:4180} INFO - Setting next_dagrun for branching_dag to None, run_after=None
[2026-08-24T07:36:48.564+0000] {processor.py:208} INFO - Processing /opt/airflow/dags/03_branching_dag.py took 0.083 seconds
[2026-08-24T07:37:19.480+0000] {processor.py:186} INFO - Started process (PID=721) to work on /opt/airflow/dags/03_branching_dag.py
[2026-08-24T07:37:19.481+0000] {processor.py:914} INFO - Processing file /opt/airflow/dags/03_branching_dag.py for tasks to queue
[2026-08-24T07:37:19.484+0000] {logging_mixin.py:190} INFO - [2026-08-24T07:37:19.483+0000] {dagbag.py:588} INFO - Filling up the DagBag from /opt/airflow/dags/03_branching_dag.py
[2026-08-24T07:37:19.500+0000] {processor.py:925} INFO - DAG(s) 'branching_dag' retrieved from /opt/airflow/dags/03_branching_dag.py
[2026-08-24T07:37:19.523+0000] {logging_mixin.py:190} INFO - [2026-08-24T07:37:19.523+0000] {dag.py:3239} INFO - Sync 1 DAGs
[2026-08-24T07:37:19.537+0000] {logging_mixin.py:190} INFO - [2026-08-24T07:37:19.536+0000] {dag.py:4180} INFO - Setting next_dagrun for branching_dag to None, run_after=None
[2026-08-24T07:37:19.553+0000] {processor.py:208} INFO - Processing /opt/airflow/dags/03_branching_dag.py took 0.082 seconds
[2026-08-24T07:37:50.377+0000] {processor.py:186} INFO - Started process (PID=732) to work on /opt/airflow/dags/03_branching_dag.py
[2026-08-24T07:37:50.379+0000] {processor.py:914} INFO - Processing file /opt/airflow/dags/03_branching_dag.py for tasks to queue
[2026-08-24T07:37:50.381+0000] {logging_mixin.py:190} INFO - [2026-08-24T07:37:50.380+0000] {dagbag.py:588} INFO - Filling up the DagBag from /opt/airflow/dags/03_branching_dag.py
[2026-08-24T07:37:50.400+0000] {processor.py:925} INFO - DAG(s) 'branching_dag' retrieved from /opt/airflow/dags/03_branching_dag.py
[2026-08-24T07:37:50.423+0000] {logging_mixin.py:190} INFO - [2026-08-24T07:37:50.423+0000] {dag.py:3239} INFO - Sync 1 DAGs
[2026-08-24T07:37:50.434+0000] {logging_mixin.py:190} INFO - [2026-08-24T07:37:50.434+0000] {dag.py:4180} INFO - Setting next_dagrun for branching_dag to None, run_after=None
[2026-08-24T07:37:50.455+0000] {processor.py:208} INFO - Processing /opt/airflow/dags/03_branching_dag.py took 0.083 seconds
[2026-08-24T07:38:21.196+0000] {processor.py:186} INFO - Started process (PID=743) to work on /opt/airflow/dags/03_branching_dag.py
[2026-08-24T07:38:21.197+0000] {processor.py:914} INFO - Processing file /opt/airflow/dags/03_branching_dag.py for tasks to queue
[2026-08-24T07:38:21.199+0000] {logging_mixin.py:190} INFO - [2026-08-24T07:38:21.199+0000] {dagbag.py:588} INFO - Filling up the DagBag from /opt/airflow/dags/03_branching_dag.py
[2026-08-24T07:38:21.222+0000] {processor.py:925} INFO - DAG(s) 'branching_dag' retrieved from /opt/airflow/dags/03_branching_dag.py
[2026-08-24T07:38:21.251+0000] {logging_mixin.py:190} INFO - [2026-08-24T07:38:21.251+0000] {dag.py:3239} INFO - Sync 1 DAGs
[2026-08-24T07:38:21.269+0000] {logging_mixin.py:190} INFO - [2026-08-24T07:38:21.269+0000] {dag.py:4180} INFO - Setting next_dagrun for branching_dag to None, run_after=None
[2026-08-24T07:38:21.290+0000] {processor.py:208} INFO - Processing /opt/airflow/dags/03_branching_dag.py took 0.099 seconds
[2026-08-24T07:38:52.128+0000] {processor.py:186} INFO - Started process (PID=754) to work on /opt/airflow/dags/03_branching_dag.py
[2026-08-24T07:38:52.129+0000] {processor.py:914} INFO - Processing file /opt/airflow/dags/03_branching_dag.py for tasks to queue
[2026-08-24T07:38:52.131+0000] {logging_mixin.py:190} INFO - [2026-08-24T07:38:52.131+0000] {dagbag.py:588} INFO - Filling up the DagBag from /opt/airflow/dags/03_branching_dag.py
[2026-08-24T07:38:52.150+0000] {processor.py:925} INFO - DAG(s) 'branching_dag' retrieved from /opt/airflow/dags/03_branching_dag.py
[2026-08-24T07:38:52.173+0000] {logging_mixin.py:190} INFO - [2026-08-24T07:38:52.173+0000] {dag.py:3239} INFO - Sync 1 DAGs
[2026-08-24T07:38:52.183+0000] {logging_mixin.py:190} INFO - [2026-08-24T07:38:52.183+0000] {dag.py:4180} INFO - Setting next_dagrun for branching_dag to None, run_after=None
[2026-08-24T07:38:52.199+0000] {processor.py:208} INFO - Processing /opt/airflow/dags/03_branching_dag.py took 0.075 seconds
[2026-08-24T07:39:22.958+0000] {processor.py:186} INFO - Started process (PID=765) to work on /opt/airflow/dags/03_branching_dag.py
[2026-08-24T07:39:22.959+0000] {processor.py:914} INFO - Processing file /opt/airflow/dags/03_branching_dag.py for tasks to queue
[2026-08-24T07:39:22.962+0000] {logging_mixin.py:190} INFO - [2026-08-24T07:39:22.961+0000] {dagbag.py:588} INFO - Filling up the DagBag from /opt/airflow/dags/03_branching_dag.py
[2026-08-24T07:39:22.995+0000] {processor.py:925} INFO - DAG(s) 'branching_dag' retrieved from /opt/airflow/dags/03_branching_dag.py
[2026-08-24T07:39:23.017+0000] {logging_mixin.py:190} INFO - [2026-08-24T07:39:23.017+0000] {dag.py:3239} INFO - Sync 1 DAGs
[2026-08-24T07:39:23.027+0000] {logging_mixin.py:190} INFO - [2026-08-24T07:39:23.027+0000] {dag.py:4180} INFO - Setting next_dagrun for branching_dag to None, run_after=None
[2026-08-24T07:39:23.050+0000] {processor.py:208} INFO - Processing /opt/airflow/dags/03_branching_dag.py took 0.096 seconds
[2026-08-24T07:39:54.016+0000] {processor.py:186} INFO - Started process (PID=776) to work on /opt/airflow/dags/03_branching_dag.py
[2026-08-24T07:39:54.019+0000] {processor.py:914} INFO - Processing file /opt/airflow/dags/03_branching_dag.py for tasks to queue
[2026-08-24T07:39:54.026+0000] {logging_mixin.py:190} INFO - [2026-08-24T07:39:54.026+0000] {dagbag.py:588} INFO - Filling up the DagBag from /opt/airflow/dags/03_branching_dag.py
[2026-08-24T07:39:54.087+0000] {processor.py:925} INFO - DAG(s) 'branching_dag' retrieved from /opt/airflow/dags/03_branching_dag.py
[2026-08-24T07:39:54.133+0000] {logging_mixin.py:190} INFO - [2026-08-24T07:39:54.133+0000] {dag.py:3239} INFO - Sync 1 DAGs
[2026-08-24T07:39:54.151+0000] {logging_mixin.py:190} INFO - [2026-08-24T07:39:54.150+0000] {dag.py:4180} INFO - Setting next_dagrun for branching_dag to None, run_after=None
[2026-08-24T07:39:54.176+0000] {processor.py:208} INFO - Processing /opt/airflow/dags/03_branching_dag.py took 0.171 seconds
[2026-08-24T07:40:24.955+0000] {processor.py:186} INFO - Started process (PID=793) to work on /opt/airflow/dags/03_branching_dag.py
[2026-08-24T07:40:24.957+0000] {processor.py:914} INFO - Processing file /opt/airflow/dags/03_branching_dag.py for tasks to queue
[2026-08-24T07:40:24.962+0000] {logging_mixin.py:190} INFO - [2026-08-24T07:40:24.961+0000] {dagbag.py:588} INFO - Filling up the DagBag from /opt/airflow/dags/03_branching_dag.py
[2026-08-24T07:40:25.001+0000] {processor.py:925} INFO - DAG(s) 'branching_dag' retrieved from /opt/airflow/dags/03_branching_dag.py
[2026-08-24T07:40:25.027+0000] {logging_mixin.py:190} INFO - [2026-08-24T07:40:25.026+0000] {dag.py:3239} INFO - Sync 1 DAGs
[2026-08-24T07:40:25.038+0000] {logging_mixin.py:190} INFO - [2026-08-24T07:40:25.038+0000] {dag.py:4180} INFO - Setting next_dagrun for branching_dag to None, run_after=None
[2026-08-24T07:40:25.053+0000] {processor.py:208} INFO - Processing /opt/airflow/dags/03_branching_dag.py took 0.110 seconds
[2026-08-24T07:40:55.302+0000] {processor.py:186} INFO - Started process (PID=804) to work on /opt/airflow/dags/03_branching_dag.py
[2026-08-24T07:40:55.304+0000] {processor.py:914} INFO - Processing file /opt/airflow/dags/03_branching_dag.py for tasks to queue
[2026-08-24T07:40:55.309+0000] {logging_mixin.py:190} INFO - [2026-08-24T07:40:55.308+0000] {dagbag.py:588} INFO - Filling up the DagBag from /opt/airflow/dags/03_branching_dag.py
[2026-08-24T07:40:55.358+0000] {processor.py:925} INFO - DAG(s) 'branching_dag' retrieved from /opt/airflow/dags/03_branching_dag.py
[2026-08-24T07:40:55.403+0000] {logging_mixin.py:190} INFO - [2026-08-24T07:40:55.402+0000] {dag.py:3239} INFO - Sync 1 DAGs
[2026-08-24T07:40:55.416+0000] {logging_mixin.py:190} INFO - [2026-08-24T07:40:55.415+0000] {dag.py:4180} INFO - Setting next_dagrun for branching_dag to None, run_after=None
[2026-08-24T07:40:55.433+0000] {processor.py:208} INFO - Processing /opt/airflow/dags/03_branching_dag.py took 0.139 seconds
[2026-08-24T07:41:25.606+0000] {processor.py:186} INFO - Started process (PID=815) to work on /opt/airflow/dags/03_branching_dag.py
[2026-08-24T07:41:25.609+0000] {processor.py:914} INFO - Processing file /opt/airflow/dags/03_branching_dag.py for tasks to queue
[2026-08-24T07:41:25.616+0000] {logging_mixin.py:190} INFO - [2026-08-24T07:41:25.615+0000] {dagbag.py:588} INFO - Filling up the DagBag from /opt/airflow/dags/03_branching_dag.py
[2026-08-24T07:41:25.665+0000] {processor.py:925} INFO - DAG(s) 'branching_dag' retrieved from /opt/airflow/dags/03_branching_dag.py
[2026-08-24T07:41:25.696+0000] {logging_mixin.py:190} INFO - [2026-08-24T07:41:25.696+0000] {dag.py:3239} INFO - Sync 1 DAGs
[2026-08-24T07:41:25.711+0000] {logging_mixin.py:190} INFO - [2026-08-24T07:41:25.711+0000] {dag.py:4180} INFO - Setting next_dagrun for branching_dag to None, run_after=None
[2026-08-24T07:41:25.736+0000] {processor.py:208} INFO - Processing /opt/airflow/dags/03_branching_dag.py took 0.140 seconds
[2026-08-24T07:41:55.798+0000] {processor.py:186} INFO - Started process (PID=826) to work on /opt/airflow/dags/03_branching_dag.py
[2026-08-24T07:41:55.799+0000] {processor.py:914} INFO - Processing file /opt/airflow/dags/03_branching_dag.py for tasks to queue
[2026-08-24T07:41:55.801+0000] {logging_mixin.py:190} INFO - [2026-08-24T07:41:55.801+0000] {dagbag.py:588} INFO - Filling up the DagBag from /opt/airflow/dags/03_branching_dag.py
[2026-08-24T07:41:55.821+0000] {processor.py:925} INFO - DAG(s) 'branching_dag' retrieved from /opt/airflow/dags/03_branching_dag.py
[2026-08-24T07:41:55.843+0000] {logging_mixin.py:190} INFO - [2026-08-24T07:41:55.843+0000] {dag.py:3239} INFO - Sync 1 DAGs
[2026-08-24T07:41:55.854+0000] {logging_mixin.py:190} INFO - [2026-08-24T07:41:55.854+0000] {dag.py:4180} INFO - Setting next_dagrun for branching_dag to None, run_after=None
[2026-08-24T07:41:55.874+0000] {processor.py:208} INFO - Processing /opt/airflow/dags/03_branching_dag.py took 0.082 seconds
[2026-08-24T07:42:27.033+0000] {processor.py:186} INFO - Started process (PID=843) to work on /opt/airflow/dags/03_branching_dag.py
[2026-08-24T07:42:27.034+0000] {processor.py:914} INFO - Processing file /opt/airflow/dags/03_branching_dag.py for tasks to queue
[2026-08-24T07:42:27.038+0000] {logging_mixin.py:190} INFO - [2026-08-24T07:42:27.038+0000] {dagbag.py:588} INFO - Filling up the DagBag from /opt/airflow/dags/03_branching_dag.py
[2026-08-24T07:42:27.064+0000] {processor.py:925} INFO - DAG(s) 'branching_dag' retrieved from /opt/airflow/dags/03_branching_dag.py
[2026-08-24T07:42:27.085+0000] {logging_mixin.py:190} INFO - [2026-08-24T07:42:27.085+0000] {dag.py:3239} INFO - Sync 1 DAGs
[2026-08-24T07:42:27.098+0000] {logging_mixin.py:190} INFO - [2026-08-24T07:42:27.098+0000] {dag.py:4180} INFO - Setting next_dagrun for branching_dag to None, run_after=None
[2026-08-24T07:42:27.122+0000] {processor.py:208} INFO - Processing /opt/airflow/dags/03_branching_dag.py took 0.097 seconds
[2026-08-24T07:42:57.946+0000] {processor.py:186} INFO - Started process (PID=854) to work on /opt/airflow/dags/03_branching_dag.py
[2026-08-24T07:42:57.948+0000] {processor.py:914} INFO - Processing file /opt/airflow/dags/03_branching_dag.py for tasks to queue
[2026-08-24T07:42:57.951+0000] {logging_mixin.py:190} INFO - [2026-08-24T07:42:57.951+0000] {dagbag.py:588} INFO - Filling up the DagBag from /opt/airflow/dags/03_branching_dag.py
[2026-08-24T07:42:57.980+0000] {processor.py:925} INFO - DAG(s) 'branching_dag' retrieved from /opt/airflow/dags/03_branching_dag.py
[2026-08-24T07:42:58.010+0000] {logging_mixin.py:190} INFO - [2026-08-24T07:42:58.009+0000] {dag.py:3239} INFO - Sync 1 DAGs
[2026-08-24T07:42:58.022+0000] {logging_mixin.py:190} INFO - [2026-08-24T07:42:58.022+0000] {dag.py:4180} INFO - Setting next_dagrun for branching_dag to None, run_after=None
[2026-08-24T07:42:58.045+0000] {processor.py:208} INFO - Processing /opt/airflow/dags/03_branching_dag.py took 0.107 seconds
[2026-08-24T07:43:28.792+0000] {processor.py:186} INFO - Started process (PID=865) to work on /opt/airflow/dags/03_branching_dag.py
[2026-08-24T07:43:28.793+0000] {processor.py:914} INFO - Processing file /opt/airflow/dags/03_branching_dag.py for tasks to queue
[2026-08-24T07:43:28.796+0000] {logging_mixin.py:190} INFO - [2026-08-24T07:43:28.796+0000] {dagbag.py:588} INFO - Filling up the DagBag from /opt/airflow/dags/03_branching_dag.py
[2026-08-24T07:43:28.827+0000] {processor.py:925} INFO - DAG(s) 'branching_dag' retrieved from /opt/airflow/dags/03_branching_dag.py
[2026-08-24T07:43:28.865+0000] {logging_mixin.py:190} INFO - [2026-08-24T07:43:28.865+0000] {dag.py:3239} INFO - Sync 1 DAGs
[2026-08-24T07:43:28.886+0000] {logging_mixin.py:190} INFO - [2026-08-24T07:43:28.886+0000] {dag.py:4180} INFO - Setting next_dagrun for branching_dag to None, run_after=None
[2026-08-24T07:43:28.917+0000] {processor.py:208} INFO - Processing /opt/airflow/dags/03_branching_dag.py took 0.132 seconds
[2026-08-24T07:43:59.697+0000] {processor.py:186} INFO - Started process (PID=876) to work on /opt/airflow/dags/03_branching_dag.py
[2026-08-24T07:43:59.698+0000] {processor.py:914} INFO - Processing file /opt/airflow/dags/03_branching_dag.py for tasks to queue
[2026-08-24T07:43:59.700+0000] {logging_mixin.py:190} INFO - [2026-08-24T07:43:59.700+0000] {dagbag.py:588} INFO - Filling up the DagBag from /opt/airflow/dags/03_branching_dag.py
[2026-08-24T07:43:59.714+0000] {processor.py:925} INFO - DAG(s) 'branching_dag' retrieved from /opt/airflow/dags/03_branching_dag.py
[2026-08-24T07:43:59.739+0000] {logging_mixin.py:190} INFO - [2026-08-24T07:43:59.739+0000] {dag.py:3239} INFO - Sync 1 DAGs
[2026-08-24T07:43:59.752+0000] {logging_mixin.py:190} INFO - [2026-08-24T07:43:59.751+0000] {dag.py:4180} INFO - Setting next_dagrun for branching_dag to None, run_after=None
[2026-08-24T07:43:59.781+0000] {processor.py:208} INFO - Processing /opt/airflow/dags/03_branching_dag.py took 0.090 seconds
[2026-08-24T07:44:30.558+0000] {processor.py:186} INFO - Started process (PID=887) to work on /opt/airflow/dags/03_branching_dag.py
[2026-08-24T07:44:30.560+0000] {processor.py:914} INFO - Processing file /opt/airflow/dags/03_branching_dag.py for tasks to queue
[2026-08-24T07:44:30.562+0000] {logging_mixin.py:190} INFO - [2026-08-24T07:44:30.561+0000] {dagbag.py:588} INFO - Filling up the DagBag from /opt/airflow/dags/03_branching_dag.py
[2026-08-24T07:44:30.575+0000] {processor.py:925} INFO - DAG(s) 'branching_dag' retrieved from /opt/airflow/dags/03_branching_dag.py
[2026-08-24T07:44:30.597+0000] {logging_mixin.py:190} INFO - [2026-08-24T07:44:30.596+0000] {dag.py:3239} INFO - Sync 1 DAGs
[2026-08-24T07:44:30.607+0000] {logging_mixin.py:190} INFO - [2026-08-24T07:44:30.607+0000] {dag.py:4180} INFO - Setting next_dagrun for branching_dag to None, run_after=None
[2026-08-24T07:44:30.627+0000] {processor.py:208} INFO - Processing /opt/airflow/dags/03_branching_dag.py took 0.075 seconds
[2026-08-24T07:45:01.434+0000] {processor.py:186} INFO - Started process (PID=898) to work on /opt/airflow/dags/03_branching_dag.py
[2026-08-24T07:45:01.435+0000] {processor.py:914} INFO - Processing file /opt/airflow/dags/03_branching_dag.py for tasks to queue
[2026-08-24T07:45:01.438+0000] {logging_mixin.py:190} INFO - [2026-08-24T07:45:01.437+0000] {dagbag.py:588} INFO - Filling up the DagBag from /opt/airflow/dags/03_branching_dag.py
[2026-08-24T07:45:01.459+0000] {processor.py:925} INFO - DAG(s) 'branching_dag' retrieved from /opt/airflow/dags/03_branching_dag.py
[2026-08-24T07:45:01.486+0000] {logging_mixin.py:190} INFO - [2026-08-24T07:45:01.486+0000] {dag.py:3239} INFO - Sync 1 DAGs
[2026-08-24T07:45:01.498+0000] {logging_mixin.py:190} INFO - [2026-08-24T07:45:01.498+0000] {dag.py:4180} INFO - Setting next_dagrun for branching_dag to None, run_after=None
[2026-08-24T07:45:01.517+0000] {processor.py:208} INFO - Processing /opt/airflow/dags/03_branching_dag.py took 0.088 seconds
[2026-08-24T07:45:32.330+0000] {processor.py:186} INFO - Started process (PID=909) to work on /opt/airflow/dags/03_branching_dag.py
[2026-08-24T07:45:32.331+0000] {processor.py:914} INFO - Processing file /opt/airflow/dags/03_branching_dag.py for tasks to queue
[2026-08-24T07:45:32.333+0000] {logging_mixin.py:190} INFO - [2026-08-24T07:45:32.333+0000] {dagbag.py:588} INFO - Filling up the DagBag from /opt/airflow/dags/03_branching_dag.py
[2026-08-24T07:45:32.353+0000] {processor.py:925} INFO - DAG(s) 'branching_dag' retrieved from /opt/airflow/dags/03_branching_dag.py
[2026-08-24T07:45:32.375+0000] {logging_mixin.py:190} INFO - [2026-08-24T07:45:32.375+0000] {dag.py:3239} INFO - Sync 1 DAGs
[2026-08-24T07:45:32.386+0000] {logging_mixin.py:190} INFO - [2026-08-24T07:45:32.386+0000] {dag.py:4180} INFO - Setting next_dagrun for branching_dag to None, run_after=None
[2026-08-24T07:45:32.403+0000] {processor.py:208} INFO - Processing /opt/airflow/dags/03_branching_dag.py took 0.079 seconds
[2026-08-24T07:46:03.161+0000] {processor.py:186} INFO - Started process (PID=920) to work on /opt/airflow/dags/03_branching_dag.py
[2026-08-24T07:46:03.162+0000] {processor.py:914} INFO - Processing file /opt/airflow/dags/03_branching_dag.py for tasks to queue
[2026-08-24T07:46:03.167+0000] {logging_mixin.py:190} INFO - [2026-08-24T07:46:03.166+0000] {dagbag.py:588} INFO - Filling up the DagBag from /opt/airflow/dags/03_branching_dag.py
[2026-08-24T07:46:03.193+0000] {processor.py:925} INFO - DAG(s) 'branching_dag' retrieved from /opt/airflow/dags/03_branching_dag.py
[2026-08-24T07:46:03.223+0000] {logging_mixin.py:190} INFO - [2026-08-24T07:46:03.223+0000] {dag.py:3239} INFO - Sync 1 DAGs
[2026-08-24T07:46:03.236+0000] {logging_mixin.py:190} INFO - [2026-08-24T07:46:03.236+0000] {dag.py:4180} INFO - Setting next_dagrun for branching_dag to None, run_after=None
[2026-08-24T07:46:03.274+0000] {processor.py:208} INFO - Processing /opt/airflow/dags/03_branching_dag.py took 0.118 seconds
[2026-08-24T07:46:34.165+0000] {processor.py:186} INFO - Started process (PID=931) to work on /opt/airflow/dags/03_branching_dag.py
[2026-08-24T07:46:34.167+0000] {processor.py:914} INFO - Processing file /opt/airflow/dags/03_branching_dag.py for tasks to queue
[2026-08-24T07:46:34.172+0000] {logging_mixin.py:190} INFO - [2026-08-24T07:46:34.171+0000] {dagbag.py:588} INFO - Filling up the DagBag from /opt/airflow/dags/03_branching_dag.py
[2026-08-24T07:46:34.207+0000] {processor.py:925} INFO - DAG(s) 'branching_dag' retrieved from /opt/airflow/dags/03_branching_dag.py
[2026-08-24T07:46:34.242+0000] {logging_mixin.py:190} INFO - [2026-08-24T07:46:34.241+0000] {dag.py:3239} INFO - Sync 1 DAGs
[2026-08-24T07:46:34.258+0000] {logging_mixin.py:190} INFO - [2026-08-24T07:46:34.258+0000] {dag.py:4180} INFO - Setting next_dagrun for branching_dag to None, run_after=None
[2026-08-24T07:46:34.275+0000] {processor.py:208} INFO - Processing /opt/airflow/dags/03_branching_dag.py took 0.116 seconds
[2026-08-24T07:47:04.427+0000] {processor.py:186} INFO - Started process (PID=949) to work on /opt/airflow/dags/03_branching_dag.py
[2026-08-24T07:47:04.429+0000] {processor.py:914} INFO - Processing file /opt/airflow/dags/03_branching_dag.py for tasks to queue
[2026-08-24T07:47:04.431+0000] {logging_mixin.py:190} INFO - [2026-08-24T07:47:04.431+0000] {dagbag.py:588} INFO - Filling up the DagBag from /opt/airflow/dags/03_branching_dag.py
[2026-08-24T07:47:04.450+0000] {processor.py:925} INFO - DAG(s) 'branching_dag' retrieved from /opt/airflow/dags/03_branching_dag.py
[2026-08-24T07:47:04.472+0000] {logging_mixin.py:190} INFO - [2026-08-24T07:47:04.472+0000] {dag.py:3239} INFO - Sync 1 DAGs
[2026-08-24T07:47:04.482+0000] {logging_mixin.py:190} INFO - [2026-08-24T07:47:04.482+0000] {dag.py:4180} INFO - Setting next_dagrun for branching_dag to None, run_after=None
[2026-08-24T07:47:04.499+0000] {processor.py:208} INFO - Processing /opt/airflow/dags/03_branching_dag.py took 0.076 seconds
[2026-08-24T07:47:34.598+0000] {processor.py:186} INFO - Started process (PID=960) to work on /opt/airflow/dags/03_branching_dag.py
[2026-08-24T07:47:34.599+0000] {processor.py:914} INFO - Processing file /opt/airflow/dags/03_branching_dag.py for tasks to queue
[2026-08-24T07:47:34.601+0000] {logging_mixin.py:190} INFO - [2026-08-24T07:47:34.600+0000] {dagbag.py:588} INFO - Filling up the DagBag from /opt/airflow/dags/03_branching_dag.py
[2026-08-24T07:47:34.614+0000] {processor.py:925} INFO - DAG(s) 'branching_dag' retrieved from /opt/airflow/dags/03_branching_dag.py
[2026-08-24T07:47:34.634+0000] {logging_mixin.py:190} INFO - [2026-08-24T07:47:34.634+0000] {dag.py:3239} INFO - Sync 1 DAGs
[2026-08-24T07:47:34.644+0000] {logging_mixin.py:190} INFO - [2026-08-24T07:47:34.644+0000] {dag.py:4180} INFO - Setting next_dagrun for branching_dag to None, run_after=None
[2026-08-24T07:47:34.664+0000] {processor.py:208} INFO - Processing /opt/airflow/dags/03_branching_dag.py took 0.071 seconds
[2026-08-24T07:48:05.584+0000] {processor.py:186} INFO - Started process (PID=971) to work on /opt/airflow/dags/03_branching_dag.py
[2026-08-24T07:48:05.585+0000] {processor.py:914} INFO - Processing file /opt/airflow/dags/03_branching_dag.py for tasks to queue
[2026-08-24T07:48:05.588+0000] {logging_mixin.py:190} INFO - [2026-08-24T07:48:05.587+0000] {dagbag.py:588} INFO - Filling up the DagBag from /opt/airflow/dags/03_branching_dag.py
[2026-08-24T07:48:05.607+0000] {processor.py:925} INFO - DAG(s) 'branching_dag' retrieved from /opt/airflow/dags/03_branching_dag.py
[2026-08-24T07:48:05.634+0000] {logging_mixin.py:190} INFO - [2026-08-24T07:48:05.634+0000] {dag.py:3239} INFO - Sync 1 DAGs
[2026-08-24T07:48:05.646+0000] {logging_mixin.py:190} INFO - [2026-08-24T07:48:05.646+0000] {dag.py:4180} INFO - Setting next_dagrun for branching_dag to None, run_after=None
[2026-08-24T07:48:05.668+0000] {processor.py:208} INFO - Processing /opt/airflow/dags/03_branching_dag.py took 0.090 seconds
[2026-08-24T07:48:36.716+0000] {processor.py:186} INFO - Started process (PID=982) to work on /opt/airflow/dags/03_branching_dag.py
[2026-08-24T07:48:36.717+0000] {processor.py:914} INFO - Processing file /opt/airflow/dags/03_branching_dag.py for tasks to queue
[2026-08-24T07:48:36.719+0000] {logging_mixin.py:190} INFO - [2026-08-24T07:48:36.719+0000] {dagbag.py:588} INFO - Filling up the DagBag from /opt/airflow/dags/03_branching_dag.py
[2026-08-24T07:48:36.739+0000] {processor.py:925} INFO - DAG(s) 'branching_dag' retrieved from /opt/airflow/dags/03_branching_dag.py
[2026-08-24T07:48:36.761+0000] {logging_mixin.py:190} INFO - [2026-08-24T07:48:36.761+0000] {dag.py:3239} INFO - Sync 1 DAGs
[2026-08-24T07:48:36.771+0000] {logging_mixin.py:190} INFO - [2026-08-24T07:48:36.771+0000] {dag.py:4180} INFO - Setting next_dagrun for branching_dag to None, run_after=None
[2026-08-24T07:48:36.791+0000] {processor.py:208} INFO - Processing /opt/airflow/dags/03_branching_dag.py took 0.080 seconds
[2026-08-24T07:49:07.613+0000] {processor.py:186} INFO - Started process (PID=993) to work on /opt/airflow/dags/03_branching_dag.py
[2026-08-24T07:49:07.614+0000] {processor.py:914} INFO - Processing file /opt/airflow/dags/03_branching_dag.py for tasks to queue
[2026-08-24T07:49:07.618+0000] {logging_mixin.py:190} INFO - [2026-08-24T07:49:07.618+0000] {dagbag.py:588} INFO - Filling up the DagBag from /opt/airflow/dags/03_branching_dag.py
[2026-08-24T07:49:07.644+0000] {processor.py:925} INFO - DAG(s) 'branching_dag' retrieved from /opt/airflow/dags/03_branching_dag.py
[2026-08-24T07:49:07.672+0000] {logging_mixin.py:190} INFO - [2026-08-24T07:49:07.671+0000] {dag.py:3239} INFO - Sync 1 DAGs
[2026-08-24T07:49:07.685+0000] {logging_mixin.py:190} INFO - [2026-08-24T07:49:07.685+0000] {dag.py:4180} INFO - Setting next_dagrun for branching_dag to None, run_after=None
[2026-08-24T07:49:07.712+0000] {processor.py:208} INFO - Processing /opt/airflow/dags/03_branching_dag.py took 0.105 seconds
[2026-08-24T07:49:38.062+0000] {processor.py:186} INFO - Started process (PID=1004) to work on /opt/airflow/dags/03_branching_dag.py
[2026-08-24T07:49:38.065+0000] {processor.py:914} INFO - Processing file /opt/airflow/dags/03_branching_dag.py for tasks to queue
[2026-08-24T07:49:38.070+0000] {logging_mixin.py:190} INFO - [2026-08-24T07:49:38.070+0000] {dagbag.py:588} INFO - Filling up the DagBag from /opt/airflow/dags/03_branching_dag.py
[2026-08-24T07:49:38.129+0000] {processor.py:925} INFO - DAG(s) 'branching_dag' retrieved from /opt/airflow/dags/03_branching_dag.py
[2026-08-24T07:49:38.167+0000] {logging_mixin.py:190} INFO - [2026-08-24T07:49:38.167+0000] {dag.py:3239} INFO - Sync 1 DAGs
[2026-08-24T07:49:38.186+0000] {logging_mixin.py:190} INFO - [2026-08-24T07:49:38.185+0000] {dag.py:4180} INFO - Setting next_dagrun for branching_dag to None, run_after=None
[2026-08-24T07:49:38.215+0000] {processor.py:208} INFO - Processing /opt/airflow/dags/03_branching_dag.py took 0.168 seconds
[2026-08-24T07:50:10.233+0000] {processor.py:186} INFO - Started process (PID=1015) to work on /opt/airflow/dags/03_branching_dag.py
[2026-08-24T07:50:10.255+0000] {processor.py:914} INFO - Processing file /opt/airflow/dags/03_branching_dag.py for tasks to queue
[2026-08-24T07:50:10.265+0000] {logging_mixin.py:190} INFO - [2026-08-24T07:50:10.264+0000] {dagbag.py:588} INFO - Filling up the DagBag from /opt/airflow/dags/03_branching_dag.py
[2026-08-24T07:50:10.636+0000] {processor.py:925} INFO - DAG(s) 'branching_dag' retrieved from /opt/airflow/dags/03_branching_dag.py
[2026-08-24T07:50:10.708+0000] {logging_mixin.py:190} INFO - [2026-08-24T07:50:10.707+0000] {dag.py:3239} INFO - Sync 1 DAGs
[2026-08-24T07:50:10.743+0000] {logging_mixin.py:190} INFO - [2026-08-24T07:50:10.743+0000] {dag.py:4180} INFO - Setting next_dagrun for branching_dag to None, run_after=None
[2026-08-24T07:50:10.818+0000] {processor.py:208} INFO - Processing /opt/airflow/dags/03_branching_dag.py took 0.592 seconds
[2026-08-24T07:50:41.506+0000] {processor.py:186} INFO - Started process (PID=1026) to work on /opt/airflow/dags/03_branching_dag.py
[2026-08-24T07:50:41.518+0000] {processor.py:914} INFO - Processing file /opt/airflow/dags/03_branching_dag.py for tasks to queue
[2026-08-24T07:50:41.524+0000] {logging_mixin.py:190} INFO - [2026-08-24T07:50:41.523+0000] {dagbag.py:588} INFO - Filling up the DagBag from /opt/airflow/dags/03_branching_dag.py
[2026-08-24T07:50:41.815+0000] {processor.py:925} INFO - DAG(s) 'branching_dag' retrieved from /opt/airflow/dags/03_branching_dag.py
[2026-08-24T07:50:41.859+0000] {logging_mixin.py:190} INFO - [2026-08-24T07:50:41.859+0000] {dag.py:3239} INFO - Sync 1 DAGs
[2026-08-24T07:50:41.885+0000] {logging_mixin.py:190} INFO - [2026-08-24T07:50:41.885+0000] {dag.py:4180} INFO - Setting next_dagrun for branching_dag to None, run_after=None
[2026-08-24T07:50:41.927+0000] {processor.py:208} INFO - Processing /opt/airflow/dags/03_branching_dag.py took 0.427 seconds
[2026-08-24T07:51:12.694+0000] {processor.py:186} INFO - Started process (PID=1037) to work on /opt/airflow/dags/03_branching_dag.py
[2026-08-24T07:51:12.709+0000] {processor.py:914} INFO - Processing file /opt/airflow/dags/03_branching_dag.py for tasks to queue
[2026-08-24T07:51:12.726+0000] {logging_mixin.py:190} INFO - [2026-08-24T07:51:12.726+0000] {dagbag.py:588} INFO - Filling up the DagBag from /opt/airflow/dags/03_branching_dag.py
[2026-08-24T07:51:13.097+0000] {processor.py:925} INFO - DAG(s) 'branching_dag' retrieved from /opt/airflow/dags/03_branching_dag.py
[2026-08-24T07:51:13.187+0000] {logging_mixin.py:190} INFO - [2026-08-24T07:51:13.187+0000] {dag.py:3239} INFO - Sync 1 DAGs
[2026-08-24T07:51:13.233+0000] {logging_mixin.py:190} INFO - [2026-08-24T07:51:13.233+0000] {dag.py:4180} INFO - Setting next_dagrun for branching_dag to None, run_after=None
[2026-08-24T07:51:13.300+0000] {processor.py:208} INFO - Processing /opt/airflow/dags/03_branching_dag.py took 0.613 seconds
[2026-08-24T07:51:44.067+0000] {processor.py:186} INFO - Started process (PID=1048) to work on /opt/airflow/dags/03_branching_dag.py
[2026-08-24T07:51:44.068+0000] {processor.py:914} INFO - Processing file /opt/airflow/dags/03_branching_dag.py for tasks to queue
[2026-08-24T07:51:44.070+0000] {logging_mixin.py:190} INFO - [2026-08-24T07:51:44.070+0000] {dagbag.py:588} INFO - Filling up the DagBag from /opt/airflow/dags/03_branching_dag.py
[2026-08-24T07:51:44.089+0000] {processor.py:925} INFO - DAG(s) 'branching_dag' retrieved from /opt/airflow/dags/03_branching_dag.py
[2026-08-24T07:51:44.116+0000] {logging_mixin.py:190} INFO - [2026-08-24T07:51:44.115+0000] {dag.py:3239} INFO - Sync 1 DAGs
[2026-08-24T07:51:44.126+0000] {logging_mixin.py:190} INFO - [2026-08-24T07:51:44.126+0000] {dag.py:4180} INFO - Setting next_dagrun for branching_dag to None, run_after=None
[2026-08-24T07:51:44.147+0000] {processor.py:208} INFO - Processing /opt/airflow/dags/03_branching_dag.py took 0.086 seconds
[2026-08-24T07:52:14.825+0000] {processor.py:186} INFO - Started process (PID=1059) to work on /opt/airflow/dags/03_branching_dag.py
[2026-08-24T07:52:14.826+0000] {processor.py:914} INFO - Processing file /opt/airflow/dags/03_branching_dag.py for tasks to queue
[2026-08-24T07:52:14.829+0000] {logging_mixin.py:190} INFO - [2026-08-24T07:52:14.829+0000] {dagbag.py:588} INFO - Filling up the DagBag from /opt/airflow/dags/03_branching_dag.py
[2026-08-24T07:52:14.857+0000] {processor.py:925} INFO - DAG(s) 'branching_dag' retrieved from /opt/airflow/dags/03_branching_dag.py
[2026-08-24T07:52:14.884+0000] {logging_mixin.py:190} INFO - [2026-08-24T07:52:14.884+0000] {dag.py:3239} INFO - Sync 1 DAGs
[2026-08-24T07:52:14.898+0000] {logging_mixin.py:190} INFO - [2026-08-24T07:52:14.898+0000] {dag.py:4180} INFO - Setting next_dagrun for branching_dag to None, run_after=None
[2026-08-24T07:52:14.921+0000] {processor.py:208} INFO - Processing /opt/airflow/dags/03_branching_dag.py took 0.102 seconds
[2026-08-24T07:52:45.451+0000] {processor.py:186} INFO - Started process (PID=1070) to work on /opt/airflow/dags/03_branching_dag.py
[2026-08-24T07:52:45.452+0000] {processor.py:914} INFO - Processing file /opt/airflow/dags/03_branching_dag.py for tasks to queue
[2026-08-24T07:52:45.454+0000] {logging_mixin.py:190} INFO - [2026-08-24T07:52:45.454+0000] {dagbag.py:588} INFO - Filling up the DagBag from /opt/airflow/dags/03_branching_dag.py
[2026-08-24T07:52:45.478+0000] {processor.py:925} INFO - DAG(s) 'branching_dag' retrieved from /opt/airflow/dags/03_branching_dag.py
[2026-08-24T07:52:45.499+0000] {logging_mixin.py:190} INFO - [2026-08-24T07:52:45.498+0000] {dag.py:3239} INFO - Sync 1 DAGs
[2026-08-24T07:52:45.515+0000] {logging_mixin.py:190} INFO - [2026-08-24T07:52:45.515+0000] {dag.py:4180} INFO - Setting next_dagrun for branching_dag to None, run_after=None
[2026-08-24T07:52:45.538+0000] {processor.py:208} INFO - Processing /opt/airflow/dags/03_branching_dag.py took 0.092 seconds
[2026-08-24T07:53:16.255+0000] {processor.py:186} INFO - Started process (PID=1081) to work on /opt/airflow/dags/03_branching_dag.py
[2026-08-24T07:53:16.256+0000] {processor.py:914} INFO - Processing file /opt/airflow/dags/03_branching_dag.py for tasks to queue
[2026-08-24T07:53:16.258+0000] {logging_mixin.py:190} INFO - [2026-08-24T07:53:16.258+0000] {dagbag.py:588} INFO - Filling up the DagBag from /opt/airflow/dags/03_branching_dag.py
[2026-08-24T07:53:16.273+0000] {processor.py:925} INFO - DAG(s) 'branching_dag' retrieved from /opt/airflow/dags/03_branching_dag.py
[2026-08-24T07:53:16.294+0000] {logging_mixin.py:190} INFO - [2026-08-24T07:53:16.294+0000] {dag.py:3239} INFO - Sync 1 DAGs
[2026-08-24T07:53:16.305+0000] {logging_mixin.py:190} INFO - [2026-08-24T07:53:16.305+0000] {dag.py:4180} INFO - Setting next_dagrun for branching_dag to None, run_after=None
[2026-08-24T07:53:16.325+0000] {processor.py:208} INFO - Processing /opt/airflow/dags/03_branching_dag.py took 0.074 seconds
[2026-08-24T07:53:46.937+0000] {processor.py:186} INFO - Started process (PID=1092) to work on /opt/airflow/dags/03_branching_dag.py
[2026-08-24T07:53:46.938+0000] {processor.py:914} INFO - Processing file /opt/airflow/dags/03_branching_dag.py for tasks to queue
[2026-08-24T07:53:46.943+0000] {logging_mixin.py:190} INFO - [2026-08-24T07:53:46.942+0000] {dagbag.py:588} INFO - Filling up the DagBag from /opt/airflow/dags/03_branching_dag.py
[2026-08-24T07:53:46.973+0000] {processor.py:925} INFO - DAG(s) 'branching_dag' retrieved from /opt/airflow/dags/03_branching_dag.py
[2026-08-24T07:53:47.002+0000] {logging_mixin.py:190} INFO - [2026-08-24T07:53:47.001+0000] {dag.py:3239} INFO - Sync 1 DAGs
[2026-08-24T07:53:47.016+0000] {logging_mixin.py:190} INFO - [2026-08-24T07:53:47.016+0000] {dag.py:4180} INFO - Setting next_dagrun for branching_dag to None, run_after=None
[2026-08-24T07:53:47.036+0000] {processor.py:208} INFO - Processing /opt/airflow/dags/03_branching_dag.py took 0.108 seconds
[2026-08-24T07:54:17.699+0000] {processor.py:186} INFO - Started process (PID=1103) to work on /opt/airflow/dags/03_branching_dag.py
[2026-08-24T07:54:17.700+0000] {processor.py:914} INFO - Processing file /opt/airflow/dags/03_branching_dag.py for tasks to queue
[2026-08-24T07:54:17.702+0000] {logging_mixin.py:190} INFO - [2026-08-24T07:54:17.702+0000] {dagbag.py:588} INFO - Filling up the DagBag from /opt/airflow/dags/03_branching_dag.py
[2026-08-24T07:54:17.720+0000] {processor.py:925} INFO - DAG(s) 'branching_dag' retrieved from /opt/airflow/dags/03_branching_dag.py
[2026-08-24T07:54:17.741+0000] {logging_mixin.py:190} INFO - [2026-08-24T07:54:17.740+0000] {dag.py:3239} INFO - Sync 1 DAGs
[2026-08-24T07:54:17.752+0000] {logging_mixin.py:190} INFO - [2026-08-24T07:54:17.752+0000] {dag.py:4180} INFO - Setting next_dagrun for branching_dag to None, run_after=None
[2026-08-24T07:54:17.773+0000] {processor.py:208} INFO - Processing /opt/airflow/dags/03_branching_dag.py took 0.086 seconds
[2026-08-24T07:54:48.478+0000] {processor.py:186} INFO - Started process (PID=1114) to work on /opt/airflow/dags/03_branching_dag.py
[2026-08-24T07:54:48.479+0000] {processor.py:914} INFO - Processing file /opt/airflow/dags/03_branching_dag.py for tasks to queue
[2026-08-24T07:54:48.481+0000] {logging_mixin.py:190} INFO - [2026-08-24T07:54:48.481+0000] {dagbag.py:588} INFO - Filling up the DagBag from /opt/airflow/dags/03_branching_dag.py
[2026-08-24T07:54:48.497+0000] {processor.py:925} INFO - DAG(s) 'branching_dag' retrieved from /opt/airflow/dags/03_branching_dag.py
[2026-08-24T07:54:48.521+0000] {logging_mixin.py:190} INFO - [2026-08-24T07:54:48.521+0000] {dag.py:3239} INFO - Sync 1 DAGs
[2026-08-24T07:54:48.533+0000] {logging_mixin.py:190} INFO - [2026-08-24T07:54:48.533+0000] {dag.py:4180} INFO - Setting next_dagrun for branching_dag to None, run_after=None
[2026-08-24T07:54:48.572+0000] {processor.py:208} INFO - Processing /opt/airflow/dags/03_branching_dag.py took 0.099 seconds
[2026-08-24T07:55:19.271+0000] {processor.py:186} INFO - Started process (PID=1125) to work on /opt/airflow/dags/03_branching_dag.py
[2026-08-24T07:55:19.272+0000] {processor.py:914} INFO - Processing file /opt/airflow/dags/03_branching_dag.py for tasks to queue
[2026-08-24T07:55:19.274+0000] {logging_mixin.py:190} INFO - [2026-08-24T07:55:19.274+0000] {dagbag.py:588} INFO - Filling up the DagBag from /opt/airflow/dags/03_branching_dag.py
[2026-08-24T07:55:19.289+0000] {processor.py:925} INFO - DAG(s) 'branching_dag' retrieved from /opt/airflow/dags/03_branching_dag.py
[2026-08-24T07:55:19.311+0000] {logging_mixin.py:190} INFO - [2026-08-24T07:55:19.311+0000] {dag.py:3239} INFO - Sync 1 DAGs
[2026-08-24T07:55:19.324+0000] {logging_mixin.py:190} INFO - [2026-08-24T07:55:19.324+0000] {dag.py:4180} INFO - Setting next_dagrun for branching_dag to None, run_after=None
[2026-08-24T07:55:19.344+0000] {processor.py:208} INFO - Processing /opt/airflow/dags/03_branching_dag.py took 0.078 seconds
[2026-08-24T07:55:50.206+0000] {processor.py:186} INFO - Started process (PID=1136) to work on /opt/airflow/dags/03_branching_dag.py
[2026-08-24T07:55:50.207+0000] {processor.py:914} INFO - Processing file /opt/airflow/dags/03_branching_dag.py for tasks to queue
[2026-08-24T07:55:50.209+0000] {logging_mixin.py:190} INFO - [2026-08-24T07:55:50.209+0000] {dagbag.py:588} INFO - Filling up the DagBag from /opt/airflow/dags/03_branching_dag.py
[2026-08-24T07:55:50.231+0000] {processor.py:925} INFO - DAG(s) 'branching_dag' retrieved from /opt/airflow/dags/03_branching_dag.py
[2026-08-24T07:55:50.251+0000] {logging_mixin.py:190} INFO - [2026-08-24T07:55:50.251+0000] {dag.py:3239} INFO - Sync 1 DAGs
[2026-08-24T07:55:50.263+0000] {logging_mixin.py:190} INFO - [2026-08-24T07:55:50.263+0000] {dag.py:4180} INFO - Setting next_dagrun for branching_dag to None, run_after=None
[2026-08-24T07:55:50.284+0000] {processor.py:208} INFO - Processing /opt/airflow/dags/03_branching_dag.py took 0.083 seconds
[2026-08-24T07:56:20.418+0000] {processor.py:186} INFO - Started process (PID=1147) to work on /opt/airflow/dags/03_branching_dag.py
[2026-08-24T07:56:20.419+0000] {processor.py:914} INFO - Processing file /opt/airflow/dags/03_branching_dag.py for tasks to queue
[2026-08-24T07:56:20.421+0000] {logging_mixin.py:190} INFO - [2026-08-24T07:56:20.421+0000] {dagbag.py:588} INFO - Filling up the DagBag from /opt/airflow/dags/03_branching_dag.py
[2026-08-24T07:56:20.439+0000] {processor.py:925} INFO - DAG(s) 'branching_dag' retrieved from /opt/airflow/dags/03_branching_dag.py
[2026-08-24T07:56:20.462+0000] {logging_mixin.py:190} INFO - [2026-08-24T07:56:20.462+0000] {dag.py:3239} INFO - Sync 1 DAGs
[2026-08-24T07:56:20.473+0000] {logging_mixin.py:190} INFO - [2026-08-24T07:56:20.473+0000] {dag.py:4180} INFO - Setting next_dagrun for branching_dag to None, run_after=None
[2026-08-24T07:56:20.489+0000] {processor.py:208} INFO - Processing /opt/airflow/dags/03_branching_dag.py took 0.079 seconds
[2026-08-24T07:56:50.767+0000] {processor.py:186} INFO - Started process (PID=1158) to work on /opt/airflow/dags/03_branching_dag.py
[2026-08-24T07:56:50.768+0000] {processor.py:914} INFO - Processing file /opt/airflow/dags/03_branching_dag.py for tasks to queue
[2026-08-24T07:56:50.770+0000] {logging_mixin.py:190} INFO - [2026-08-24T07:56:50.769+0000] {dagbag.py:588} INFO - Filling up the DagBag from /opt/airflow/dags/03_branching_dag.py
[2026-08-24T07:56:50.789+0000] {processor.py:925} INFO - DAG(s) 'branching_dag' retrieved from /opt/airflow/dags/03_branching_dag.py
[2026-08-24T07:56:50.814+0000] {logging_mixin.py:190} INFO - [2026-08-24T07:56:50.814+0000] {dag.py:3239} INFO - Sync 1 DAGs
[2026-08-24T07:56:50.825+0000] {logging_mixin.py:190} INFO - [2026-08-24T07:56:50.824+0000] {dag.py:4180} INFO - Setting next_dagrun for branching_dag to None, run_after=None
[2026-08-24T07:56:50.844+0000] {processor.py:208} INFO - Processing /opt/airflow/dags/03_branching_dag.py took 0.082 seconds
[2026-08-24T07:57:21.206+0000] {processor.py:186} INFO - Started process (PID=1169) to work on /opt/airflow/dags/03_branching_dag.py
[2026-08-24T07:57:21.207+0000] {processor.py:914} INFO - Processing file /opt/airflow/dags/03_branching_dag.py for tasks to queue
[2026-08-24T07:57:21.211+0000] {logging_mixin.py:190} INFO - [2026-08-24T07:57:21.210+0000] {dagbag.py:588} INFO - Filling up the DagBag from /opt/airflow/dags/03_branching_dag.py
[2026-08-24T07:57:21.284+0000] {processor.py:925} INFO - DAG(s) 'branching_dag' retrieved from /opt/airflow/dags/03_branching_dag.py
[2026-08-24T07:57:21.330+0000] {logging_mixin.py:190} INFO - [2026-08-24T07:57:21.330+0000] {dag.py:3239} INFO - Sync 1 DAGs
[2026-08-24T07:57:21.346+0000] {logging_mixin.py:190} INFO - [2026-08-24T07:57:21.345+0000] {dag.py:4180} INFO - Setting next_dagrun for branching_dag to None, run_after=None
[2026-08-24T07:57:21.371+0000] {processor.py:208} INFO - Processing /opt/airflow/dags/03_branching_dag.py took 0.180 seconds
[2026-08-24T07:57:51.427+0000] {processor.py:186} INFO - Started process (PID=1180) to work on /opt/airflow/dags/03_branching_dag.py
[2026-08-24T07:57:51.428+0000] {processor.py:914} INFO - Processing file /opt/airflow/dags/03_branching_dag.py for tasks to queue
[2026-08-24T07:57:51.430+0000] {logging_mixin.py:190} INFO - [2026-08-24T07:57:51.430+0000] {dagbag.py:588} INFO - Filling up the DagBag from /opt/airflow/dags/03_branching_dag.py
[2026-08-24T07:57:51.452+0000] {processor.py:925} INFO - DAG(s) 'branching_dag' retrieved from /opt/airflow/dags/03_branching_dag.py
[2026-08-24T07:57:51.474+0000] {logging_mixin.py:190} INFO - [2026-08-24T07:57:51.474+0000] {dag.py:3239} INFO - Sync 1 DAGs
[2026-08-24T07:57:51.485+0000] {logging_mixin.py:190} INFO - [2026-08-24T07:57:51.485+0000] {dag.py:4180} INFO - Setting next_dagrun for branching_dag to None, run_after=None
[2026-08-24T07:57:51.502+0000] {processor.py:208} INFO - Processing /opt/airflow/dags/03_branching_dag.py took 0.080 seconds
[2026-08-24T07:58:22.862+0000] {processor.py:186} INFO - Started process (PID=1191) to work on /opt/airflow/dags/03_branching_dag.py
[2026-08-24T07:58:22.868+0000] {processor.py:914} INFO - Processing file /opt/airflow/dags/03_branching_dag.py for tasks to queue
[2026-08-24T07:58:22.877+0000] {logging_mixin.py:190} INFO - [2026-08-24T07:58:22.876+0000] {dagbag.py:588} INFO - Filling up the DagBag from /opt/airflow/dags/03_branching_dag.py
[2026-08-24T07:58:22.983+0000] {processor.py:925} INFO - DAG(s) 'branching_dag' retrieved from /opt/airflow/dags/03_branching_dag.py
[2026-08-24T07:58:23.014+0000] {logging_mixin.py:190} INFO - [2026-08-24T07:58:23.014+0000] {dag.py:3239} INFO - Sync 1 DAGs
[2026-08-24T07:58:23.031+0000] {logging_mixin.py:190} INFO - [2026-08-24T07:58:23.030+0000] {dag.py:4180} INFO - Setting next_dagrun for branching_dag to None, run_after=None
[2026-08-24T07:58:23.064+0000] {processor.py:208} INFO - Processing /opt/airflow/dags/03_branching_dag.py took 0.214 seconds
[2026-08-24T07:58:53.140+0000] {processor.py:186} INFO - Started process (PID=1202) to work on /opt/airflow/dags/03_branching_dag.py
[2026-08-24T07:58:53.142+0000] {processor.py:914} INFO - Processing file /opt/airflow/dags/03_branching_dag.py for tasks to queue
[2026-08-24T07:58:53.145+0000] {logging_mixin.py:190} INFO - [2026-08-24T07:58:53.144+0000] {dagbag.py:588} INFO - Filling up the DagBag from /opt/airflow/dags/03_branching_dag.py
[2026-08-24T07:58:53.169+0000] {processor.py:925} INFO - DAG(s) 'branching_dag' retrieved from /opt/airflow/dags/03_branching_dag.py
[2026-08-24T07:58:53.192+0000] {logging_mixin.py:190} INFO - [2026-08-24T07:58:53.192+0000] {dag.py:3239} INFO - Sync 1 DAGs
[2026-08-24T07:58:53.203+0000] {logging_mixin.py:190} INFO - [2026-08-24T07:58:53.203+0000] {dag.py:4180} INFO - Setting next_dagrun for branching_dag to None, run_after=None
[2026-08-24T07:58:53.219+0000] {processor.py:208} INFO - Processing /opt/airflow/dags/03_branching_dag.py took 0.085 seconds
[2026-08-24T07:59:23.896+0000] {processor.py:186} INFO - Started process (PID=1213) to work on /opt/airflow/dags/03_branching_dag.py
[2026-08-24T07:59:23.897+0000] {processor.py:914} INFO - Processing file /opt/airflow/dags/03_branching_dag.py for tasks to queue
[2026-08-24T07:59:23.900+0000] {logging_mixin.py:190} INFO - [2026-08-24T07:59:23.899+0000] {dagbag.py:588} INFO - Filling up the DagBag from /opt/airflow/dags/03_branching_dag.py
[2026-08-24T07:59:23.915+0000] {processor.py:925} INFO - DAG(s) 'branching_dag' retrieved from /opt/airflow/dags/03_branching_dag.py
[2026-08-24T07:59:23.935+0000] {logging_mixin.py:190} INFO - [2026-08-24T07:59:23.935+0000] {dag.py:3239} INFO - Sync 1 DAGs
[2026-08-24T07:59:23.946+0000] {logging_mixin.py:190} INFO - [2026-08-24T07:59:23.946+0000] {dag.py:4180} INFO - Setting next_dagrun for branching_dag to None, run_after=None
[2026-08-24T07:59:23.966+0000] {processor.py:208} INFO - Processing /opt/airflow/dags/03_branching_dag.py took 0.077 seconds
[2026-08-24T07:59:54.731+0000] {processor.py:186} INFO - Started process (PID=1224) to work on /opt/airflow/dags/03_branching_dag.py
[2026-08-24T07:59:54.732+0000] {processor.py:914} INFO - Processing file /opt/airflow/dags/03_branching_dag.py for tasks to queue
[2026-08-24T07:59:54.735+0000] {logging_mixin.py:190} INFO - [2026-08-24T07:59:54.734+0000] {dagbag.py:588} INFO - Filling up the DagBag from /opt/airflow/dags/03_branching_dag.py
[2026-08-24T07:59:54.748+0000] {processor.py:925} INFO - DAG(s) 'branching_dag' retrieved from /opt/airflow/dags/03_branching_dag.py
[2026-08-24T07:59:54.769+0000] {logging_mixin.py:190} INFO - [2026-08-24T07:59:54.769+0000] {dag.py:3239} INFO - Sync 1 DAGs
[2026-08-24T07:59:54.779+0000] {logging_mixin.py:190} INFO - [2026-08-24T07:59:54.779+0000] {dag.py:4180} INFO - Setting next_dagrun for branching_dag to None, run_after=None
[2026-08-24T07:59:54.797+0000] {processor.py:208} INFO - Processing /opt/airflow/dags/03_branching_dag.py took 0.070 seconds
[2026-08-24T08:00:25.620+0000] {processor.py:186} INFO - Started process (PID=1235) to work on /opt/airflow/dags/03_branching_dag.py
[2026-08-24T08:00:25.621+0000] {processor.py:914} INFO - Processing file /opt/airflow/dags/03_branching_dag.py for tasks to queue
[2026-08-24T08:00:25.623+0000] {logging_mixin.py:190} INFO - [2026-08-24T08:00:25.623+0000] {dagbag.py:588} INFO - Filling up the DagBag from /opt/airflow/dags/03_branching_dag.py
[2026-08-24T08:00:25.647+0000] {processor.py:925} INFO - DAG(s) 'branching_dag' retrieved from /opt/airflow/dags/03_branching_dag.py
[2026-08-24T08:00:25.681+0000] {logging_mixin.py:190} INFO - [2026-08-24T08:00:25.681+0000] {dag.py:3239} INFO - Sync 1 DAGs
[2026-08-24T08:00:25.694+0000] {logging_mixin.py:190} INFO - [2026-08-24T08:00:25.694+0000] {dag.py:4180} INFO - Setting next_dagrun for branching_dag to None, run_after=None
[2026-08-24T08:00:25.721+0000] {processor.py:208} INFO - Processing /opt/airflow/dags/03_branching_dag.py took 0.106 seconds
[2026-08-24T08:00:56.676+0000] {processor.py:186} INFO - Started process (PID=1246) to work on /opt/airflow/dags/03_branching_dag.py
[2026-08-24T08:00:56.677+0000] {processor.py:914} INFO - Processing file /opt/airflow/dags/03_branching_dag.py for tasks to queue
[2026-08-24T08:00:56.683+0000] {logging_mixin.py:190} INFO - [2026-08-24T08:00:56.682+0000] {dagbag.py:588} INFO - Filling up the DagBag from /opt/airflow/dags/03_branching_dag.py
[2026-08-24T08:00:56.702+0000] {processor.py:925} INFO - DAG(s) 'branching_dag' retrieved from /opt/airflow/dags/03_branching_dag.py
[2026-08-24T08:00:56.724+0000] {logging_mixin.py:190} INFO - [2026-08-24T08:00:56.724+0000] {dag.py:3239} INFO - Sync 1 DAGs
[2026-08-24T08:00:56.734+0000] {logging_mixin.py:190} INFO - [2026-08-24T08:00:56.734+0000] {dag.py:4180} INFO - Setting next_dagrun for branching_dag to None, run_after=None
[2026-08-24T08:00:56.752+0000] {processor.py:208} INFO - Processing /opt/airflow/dags/03_branching_dag.py took 0.081 seconds
[2026-08-24T08:01:27.711+0000] {processor.py:186} INFO - Started process (PID=1257) to work on /opt/airflow/dags/03_branching_dag.py
[2026-08-24T08:01:27.713+0000] {processor.py:914} INFO - Processing file /opt/airflow/dags/03_branching_dag.py for tasks to queue
[2026-08-24T08:01:27.717+0000] {logging_mixin.py:190} INFO - [2026-08-24T08:01:27.717+0000] {dagbag.py:588} INFO - Filling up the DagBag from /opt/airflow/dags/03_branching_dag.py
[2026-08-24T08:01:27.735+0000] {processor.py:925} INFO - DAG(s) 'branching_dag' retrieved from /opt/airflow/dags/03_branching_dag.py
[2026-08-24T08:01:27.758+0000] {logging_mixin.py:190} INFO - [2026-08-24T08:01:27.758+0000] {dag.py:3239} INFO - Sync 1 DAGs
[2026-08-24T08:01:27.769+0000] {logging_mixin.py:190} INFO - [2026-08-24T08:01:27.769+0000] {dag.py:4180} INFO - Setting next_dagrun for branching_dag to None, run_after=None
[2026-08-24T08:01:27.789+0000] {processor.py:208} INFO - Processing /opt/airflow/dags/03_branching_dag.py took 0.083 seconds
[2026-08-24T08:01:58.617+0000] {processor.py:186} INFO - Started process (PID=1281) to work on /opt/airflow/dags/03_branching_dag.py
[2026-08-24T08:01:58.618+0000] {processor.py:914} INFO - Processing file /opt/airflow/dags/03_branching_dag.py for tasks to queue
[2026-08-24T08:01:58.621+0000] {logging_mixin.py:190} INFO - [2026-08-24T08:01:58.621+0000] {dagbag.py:588} INFO - Filling up the DagBag from /opt/airflow/dags/03_branching_dag.py
[2026-08-24T08:01:58.661+0000] {processor.py:925} INFO - DAG(s) 'branching_dag' retrieved from /opt/airflow/dags/03_branching_dag.py
[2026-08-24T08:01:58.684+0000] {logging_mixin.py:190} INFO - [2026-08-24T08:01:58.683+0000] {dag.py:3239} INFO - Sync 1 DAGs
[2026-08-24T08:01:58.694+0000] {logging_mixin.py:190} INFO - [2026-08-24T08:01:58.694+0000] {dag.py:4180} INFO - Setting next_dagrun for branching_dag to None, run_after=None
[2026-08-24T08:01:58.715+0000] {processor.py:208} INFO - Processing /opt/airflow/dags/03_branching_dag.py took 0.105 seconds
[2026-08-24T08:02:29.287+0000] {processor.py:186} INFO - Started process (PID=1292) to work on /opt/airflow/dags/03_branching_dag.py
[2026-08-24T08:02:29.288+0000] {processor.py:914} INFO - Processing file /opt/airflow/dags/03_branching_dag.py for tasks to queue
[2026-08-24T08:02:29.290+0000] {logging_mixin.py:190} INFO - [2026-08-24T08:02:29.290+0000] {dagbag.py:588} INFO - Filling up the DagBag from /opt/airflow/dags/03_branching_dag.py
[2026-08-24T08:02:29.304+0000] {processor.py:925} INFO - DAG(s) 'branching_dag' retrieved from /opt/airflow/dags/03_branching_dag.py
[2026-08-24T08:02:29.327+0000] {logging_mixin.py:190} INFO - [2026-08-24T08:02:29.327+0000] {dag.py:3239} INFO - Sync 1 DAGs
[2026-08-24T08:02:29.347+0000] {logging_mixin.py:190} INFO - [2026-08-24T08:02:29.347+0000] {dag.py:4180} INFO - Setting next_dagrun for branching_dag to None, run_after=None
[2026-08-24T08:02:29.362+0000] {processor.py:208} INFO - Processing /opt/airflow/dags/03_branching_dag.py took 0.080 seconds
[2026-08-24T08:02:59.564+0000] {processor.py:186} INFO - Started process (PID=1303) to work on /opt/airflow/dags/03_branching_dag.py
[2026-08-24T08:02:59.566+0000] {processor.py:914} INFO - Processing file /opt/airflow/dags/03_branching_dag.py for tasks to queue
[2026-08-24T08:02:59.569+0000] {logging_mixin.py:190} INFO - [2026-08-24T08:02:59.569+0000] {dagbag.py:588} INFO - Filling up the DagBag from /opt/airflow/dags/03_branching_dag.py
[2026-08-24T08:02:59.583+0000] {processor.py:925} INFO - DAG(s) 'branching_dag' retrieved from /opt/airflow/dags/03_branching_dag.py
[2026-08-24T08:02:59.604+0000] {logging_mixin.py:190} INFO - [2026-08-24T08:02:59.603+0000] {dag.py:3239} INFO - Sync 1 DAGs
[2026-08-24T08:02:59.614+0000] {logging_mixin.py:190} INFO - [2026-08-24T08:02:59.614+0000] {dag.py:4180} INFO - Setting next_dagrun for branching_dag to None, run_after=None
[2026-08-24T08:02:59.630+0000] {processor.py:208} INFO - Processing /opt/airflow/dags/03_branching_dag.py took 0.071 seconds
[2026-08-24T08:03:30.437+0000] {processor.py:186} INFO - Started process (PID=1314) to work on /opt/airflow/dags/03_branching_dag.py
[2026-08-24T08:03:30.439+0000] {processor.py:914} INFO - Processing file /opt/airflow/dags/03_branching_dag.py for tasks to queue
[2026-08-24T08:03:30.442+0000] {logging_mixin.py:190} INFO - [2026-08-24T08:03:30.441+0000] {dagbag.py:588} INFO - Filling up the DagBag from /opt/airflow/dags/03_branching_dag.py
[2026-08-24T08:03:30.480+0000] {processor.py:925} INFO - DAG(s) 'branching_dag' retrieved from /opt/airflow/dags/03_branching_dag.py
[2026-08-24T08:03:30.501+0000] {logging_mixin.py:190} INFO - [2026-08-24T08:03:30.501+0000] {dag.py:3239} INFO - Sync 1 DAGs
[2026-08-24T08:03:30.512+0000] {logging_mixin.py:190} INFO - [2026-08-24T08:03:30.512+0000] {dag.py:4180} INFO - Setting next_dagrun for branching_dag to None, run_after=None
[2026-08-24T08:03:30.532+0000] {processor.py:208} INFO - Processing /opt/airflow/dags/03_branching_dag.py took 0.111 seconds
[2026-08-24T08:04:01.452+0000] {processor.py:186} INFO - Started process (PID=1325) to work on /opt/airflow/dags/03_branching_dag.py
[2026-08-24T08:04:01.453+0000] {processor.py:914} INFO - Processing file /opt/airflow/dags/03_branching_dag.py for tasks to queue
[2026-08-24T08:04:01.456+0000] {logging_mixin.py:190} INFO - [2026-08-24T08:04:01.456+0000] {dagbag.py:588} INFO - Filling up the DagBag from /opt/airflow/dags/03_branching_dag.py
[2026-08-24T08:04:01.476+0000] {processor.py:925} INFO - DAG(s) 'branching_dag' retrieved from /opt/airflow/dags/03_branching_dag.py
[2026-08-24T08:04:01.510+0000] {logging_mixin.py:190} INFO - [2026-08-24T08:04:01.510+0000] {dag.py:3239} INFO - Sync 1 DAGs
[2026-08-24T08:04:01.525+0000] {logging_mixin.py:190} INFO - [2026-08-24T08:04:01.525+0000] {dag.py:4180} INFO - Setting next_dagrun for branching_dag to None, run_after=None
[2026-08-24T08:04:01.551+0000] {processor.py:208} INFO - Processing /opt/airflow/dags/03_branching_dag.py took 0.106 seconds
[2026-08-24T08:04:32.299+0000] {processor.py:186} INFO - Started process (PID=1336) to work on /opt/airflow/dags/03_branching_dag.py
[2026-08-24T08:04:32.301+0000] {processor.py:914} INFO - Processing file /opt/airflow/dags/03_branching_dag.py for tasks to queue
[2026-08-24T08:04:32.303+0000] {logging_mixin.py:190} INFO - [2026-08-24T08:04:32.303+0000] {dagbag.py:588} INFO - Filling up the DagBag from /opt/airflow/dags/03_branching_dag.py
[2026-08-24T08:04:32.325+0000] {processor.py:925} INFO - DAG(s) 'branching_dag' retrieved from /opt/airflow/dags/03_branching_dag.py
[2026-08-24T08:04:32.358+0000] {logging_mixin.py:190} INFO - [2026-08-24T08:04:32.358+0000] {dag.py:3239} INFO - Sync 1 DAGs
[2026-08-24T08:04:32.378+0000] {logging_mixin.py:190} INFO - [2026-08-24T08:04:32.377+0000] {dag.py:4180} INFO - Setting next_dagrun for branching_dag to None, run_after=None
[2026-08-24T08:04:32.401+0000] {processor.py:208} INFO - Processing /opt/airflow/dags/03_branching_dag.py took 0.108 seconds
[2026-08-24T08:05:03.161+0000] {processor.py:186} INFO - Started process (PID=1347) to work on /opt/airflow/dags/03_branching_dag.py
[2026-08-24T08:05:03.163+0000] {processor.py:914} INFO - Processing file /opt/airflow/dags/03_branching_dag.py for tasks to queue
[2026-08-24T08:05:03.166+0000] {logging_mixin.py:190} INFO - [2026-08-24T08:05:03.165+0000] {dagbag.py:588} INFO - Filling up the DagBag from /opt/airflow/dags/03_branching_dag.py
[2026-08-24T08:05:03.189+0000] {processor.py:925} INFO - DAG(s) 'branching_dag' retrieved from /opt/airflow/dags/03_branching_dag.py
[2026-08-24T08:05:03.222+0000] {logging_mixin.py:190} INFO - [2026-08-24T08:05:03.222+0000] {dag.py:3239} INFO - Sync 1 DAGs
[2026-08-24T08:05:03.237+0000] {logging_mixin.py:190} INFO - [2026-08-24T08:05:03.237+0000] {dag.py:4180} INFO - Setting next_dagrun for branching_dag to None, run_after=None
[2026-08-24T08:05:03.264+0000] {processor.py:208} INFO - Processing /opt/airflow/dags/03_branching_dag.py took 0.110 seconds
[2026-08-24T08:05:33.919+0000] {processor.py:186} INFO - Started process (PID=1358) to work on /opt/airflow/dags/03_branching_dag.py
[2026-08-24T08:05:33.921+0000] {processor.py:914} INFO - Processing file /opt/airflow/dags/03_branching_dag.py for tasks to queue
[2026-08-24T08:05:33.923+0000] {logging_mixin.py:190} INFO - [2026-08-24T08:05:33.923+0000] {dagbag.py:588} INFO - Filling up the DagBag from /opt/airflow/dags/03_branching_dag.py
[2026-08-24T08:05:33.946+0000] {processor.py:925} INFO - DAG(s) 'branching_dag' retrieved from /opt/airflow/dags/03_branching_dag.py
[2026-08-24T08:05:33.978+0000] {logging_mixin.py:190} INFO - [2026-08-24T08:05:33.977+0000] {dag.py:3239} INFO - Sync 1 DAGs
[2026-08-24T08:05:33.992+0000] {logging_mixin.py:190} INFO - [2026-08-24T08:05:33.991+0000] {dag.py:4180} INFO - Setting next_dagrun for branching_dag to None, run_after=None
[2026-08-24T08:05:34.019+0000] {processor.py:208} INFO - Processing /opt/airflow/dags/03_branching_dag.py took 0.106 seconds
[2026-08-24T08:06:05.182+0000] {processor.py:186} INFO - Started process (PID=1370) to work on /opt/airflow/dags/03_branching_dag.py
[2026-08-24T08:06:05.188+0000] {processor.py:914} INFO - Processing file /opt/airflow/dags/03_branching_dag.py for tasks to queue
[2026-08-24T08:06:05.199+0000] {logging_mixin.py:190} INFO - [2026-08-24T08:06:05.198+0000] {dagbag.py:588} INFO - Filling up the DagBag from /opt/airflow/dags/03_branching_dag.py
[2026-08-24T08:06:05.296+0000] {processor.py:925} INFO - DAG(s) 'branching_dag' retrieved from /opt/airflow/dags/03_branching_dag.py
[2026-08-24T08:06:05.340+0000] {logging_mixin.py:190} INFO - [2026-08-24T08:06:05.340+0000] {dag.py:3239} INFO - Sync 1 DAGs
[2026-08-24T08:06:05.358+0000] {logging_mixin.py:190} INFO - [2026-08-24T08:06:05.358+0000] {dag.py:4180} INFO - Setting next_dagrun for branching_dag to None, run_after=None
[2026-08-24T08:06:05.390+0000] {processor.py:208} INFO - Processing /opt/airflow/dags/03_branching_dag.py took 0.226 seconds
[2026-08-24T08:06:35.482+0000] {processor.py:186} INFO - Started process (PID=1381) to work on /opt/airflow/dags/03_branching_dag.py
[2026-08-24T08:06:35.484+0000] {processor.py:914} INFO - Processing file /opt/airflow/dags/03_branching_dag.py for tasks to queue
[2026-08-24T08:06:35.487+0000] {logging_mixin.py:190} INFO - [2026-08-24T08:06:35.486+0000] {dagbag.py:588} INFO - Filling up the DagBag from /opt/airflow/dags/03_branching_dag.py
[2026-08-24T08:06:35.510+0000] {processor.py:925} INFO - DAG(s) 'branching_dag' retrieved from /opt/airflow/dags/03_branching_dag.py
[2026-08-24T08:06:35.540+0000] {logging_mixin.py:190} INFO - [2026-08-24T08:06:35.540+0000] {dag.py:3239} INFO - Sync 1 DAGs
[2026-08-24T08:06:35.561+0000] {logging_mixin.py:190} INFO - [2026-08-24T08:06:35.560+0000] {dag.py:4180} INFO - Setting next_dagrun for branching_dag to None, run_after=None
[2026-08-24T08:06:35.586+0000] {processor.py:208} INFO - Processing /opt/airflow/dags/03_branching_dag.py took 0.112 seconds
[2026-08-24T08:07:06.434+0000] {processor.py:186} INFO - Started process (PID=1392) to work on /opt/airflow/dags/03_branching_dag.py
[2026-08-24T08:07:06.436+0000] {processor.py:914} INFO - Processing file /opt/airflow/dags/03_branching_dag.py for tasks to queue
[2026-08-24T08:07:06.439+0000] {logging_mixin.py:190} INFO - [2026-08-24T08:07:06.439+0000] {dagbag.py:588} INFO - Filling up the DagBag from /opt/airflow/dags/03_branching_dag.py
[2026-08-24T08:07:06.474+0000] {processor.py:925} INFO - DAG(s) 'branching_dag' retrieved from /opt/airflow/dags/03_branching_dag.py
[2026-08-24T08:07:06.510+0000] {logging_mixin.py:190} INFO - [2026-08-24T08:07:06.510+0000] {dag.py:3239} INFO - Sync 1 DAGs
[2026-08-24T08:07:06.526+0000] {logging_mixin.py:190} INFO - [2026-08-24T08:07:06.526+0000] {dag.py:4180} INFO - Setting next_dagrun for branching_dag to None, run_after=None
[2026-08-24T08:07:06.557+0000] {processor.py:208} INFO - Processing /opt/airflow/dags/03_branching_dag.py took 0.130 seconds
[2026-08-24T08:07:37.400+0000] {processor.py:186} INFO - Started process (PID=1403) to work on /opt/airflow/dags/03_branching_dag.py
[2026-08-24T08:07:37.401+0000] {processor.py:914} INFO - Processing file /opt/airflow/dags/03_branching_dag.py for tasks to queue
[2026-08-24T08:07:37.404+0000] {logging_mixin.py:190} INFO - [2026-08-24T08:07:37.404+0000] {dagbag.py:588} INFO - Filling up the DagBag from /opt/airflow/dags/03_branching_dag.py
[2026-08-24T08:07:37.432+0000] {processor.py:925} INFO - DAG(s) 'branching_dag' retrieved from /opt/airflow/dags/03_branching_dag.py
[2026-08-24T08:07:37.481+0000] {logging_mixin.py:190} INFO - [2026-08-24T08:07:37.481+0000] {dag.py:3239} INFO - Sync 1 DAGs
[2026-08-24T08:07:37.501+0000] {logging_mixin.py:190} INFO - [2026-08-24T08:07:37.501+0000] {dag.py:4180} INFO - Setting next_dagrun for branching_dag to None, run_after=None
[2026-08-24T08:07:37.542+0000] {processor.py:208} INFO - Processing /opt/airflow/dags/03_branching_dag.py took 0.149 seconds
