[2026-08-24T07:16:16.443+0000] {processor.py:186} INFO - Started process (PID=262) to work on /opt/airflow/dags/04_parallel_weather.py
[2026-08-24T07:16:16.449+0000] {processor.py:914} INFO - Processing file /opt/airflow/dags/04_parallel_weather.py for tasks to queue
[2026-08-24T07:16:16.468+0000] {logging_mixin.py:190} INFO - [2026-08-24T07:16:16.466+0000] {dagbag.py:588} INFO - Filling up the DagBag from /opt/airflow/dags/04_parallel_weather.py
[2026-08-24T07:16:16.822+0000] {processor.py:925} INFO - DAG(s) 'parallel_weather_dag' retrieved from /opt/airflow/dags/04_parallel_weather.py
[2026-08-24T07:16:17.143+0000] {logging_mixin.py:190} INFO - [2026-08-24T07:16:17.142+0000] {override.py:1911} INFO - Created Permission View: can delete on DAG:parallel_weather_dag
[2026-08-24T07:16:17.152+0000] {logging_mixin.py:190} INFO - [2026-08-24T07:16:17.151+0000] {override.py:1911} INFO - Created Permission View: can edit on DAG:parallel_weather_dag
[2026-08-24T07:16:17.157+0000] {logging_mixin.py:190} INFO - [2026-08-24T07:16:17.157+0000] {override.py:1911} INFO - Created Permission View: can read on DAG:parallel_weather_dag
[2026-08-24T07:16:17.162+0000] {logging_mixin.py:190} INFO - [2026-08-24T07:16:17.162+0000] {override.py:1911} INFO - Created Permission View: can delete on DAG Run:parallel_weather_dag
[2026-08-24T07:16:17.166+0000] {logging_mixin.py:190} INFO - [2026-08-24T07:16:17.166+0000] {override.py:1911} INFO - Created Permission View: can create on DAG Run:parallel_weather_dag
[2026-08-24T07:16:17.172+0000] {logging_mixin.py:190} INFO - [2026-08-24T07:16:17.172+0000] {override.py:1911} INFO - Created Permission View: menu access on DAG Run:parallel_weather_dag
[2026-08-24T07:16:17.176+0000] {logging_mixin.py:190} INFO - [2026-08-24T07:16:17.176+0000] {override.py:1911} INFO - Created Permission View: can read on DAG Run:parallel_weather_dag
[2026-08-24T07:16:17.177+0000] {logging_mixin.py:190} INFO - [2026-08-24T07:16:17.177+0000] {dag.py:3239} INFO - Sync 1 DAGs
[2026-08-24T07:16:17.189+0000] {logging_mixin.py:190} INFO - [2026-08-24T07:16:17.189+0000] {dag.py:3262} INFO - Creating ORM DAG for parallel_weather_dag
[2026-08-24T07:16:17.190+0000] {logging_mixin.py:190} INFO - [2026-08-24T07:16:17.190+0000] {dag.py:4180} INFO - Setting next_dagrun for parallel_weather_dag to None, run_after=None
[2026-08-24T07:16:17.212+0000] {processor.py:208} INFO - Processing /opt/airflow/dags/04_parallel_weather.py took 0.797 seconds
[2026-08-24T07:16:47.579+0000] {processor.py:186} INFO - Started process (PID=273) to work on /opt/airflow/dags/04_parallel_weather.py
[2026-08-24T07:16:47.580+0000] {processor.py:914} INFO - Processing file /opt/airflow/dags/04_parallel_weather.py for tasks to queue
[2026-08-24T07:16:47.583+0000] {logging_mixin.py:190} INFO - [2026-08-24T07:16:47.582+0000] {dagbag.py:588} INFO - Filling up the DagBag from /opt/airflow/dags/04_parallel_weather.py
[2026-08-24T07:16:47.612+0000] {processor.py:925} INFO - DAG(s) 'parallel_weather_dag' retrieved from /opt/airflow/dags/04_parallel_weather.py
[2026-08-24T07:16:47.673+0000] {logging_mixin.py:190} INFO - [2026-08-24T07:16:47.672+0000] {dag.py:3239} INFO - Sync 1 DAGs
[2026-08-24T07:16:47.710+0000] {logging_mixin.py:190} INFO - [2026-08-24T07:16:47.710+0000] {dag.py:4180} INFO - Setting next_dagrun for parallel_weather_dag to None, run_after=None
[2026-08-24T07:16:47.746+0000] {processor.py:208} INFO - Processing /opt/airflow/dags/04_parallel_weather.py took 0.173 seconds
[2026-08-24T07:17:18.670+0000] {processor.py:186} INFO - Started process (PID=284) to work on /opt/airflow/dags/04_parallel_weather.py
[2026-08-24T07:17:18.672+0000] {processor.py:914} INFO - Processing file /opt/airflow/dags/04_parallel_weather.py for tasks to queue
[2026-08-24T07:17:18.679+0000] {logging_mixin.py:190} INFO - [2026-08-24T07:17:18.679+0000] {dagbag.py:588} INFO - Filling up the DagBag from /opt/airflow/dags/04_parallel_weather.py
[2026-08-24T07:17:18.721+0000] {processor.py:925} INFO - DAG(s) 'parallel_weather_dag' retrieved from /opt/airflow/dags/04_parallel_weather.py
[2026-08-24T07:17:18.751+0000] {logging_mixin.py:190} INFO - [2026-08-24T07:17:18.750+0000] {dag.py:3239} INFO - Sync 1 DAGs
[2026-08-24T07:17:18.766+0000] {logging_mixin.py:190} INFO - [2026-08-24T07:17:18.766+0000] {dag.py:4180} INFO - Setting next_dagrun for parallel_weather_dag to None, run_after=None
[2026-08-24T07:17:18.799+0000] {processor.py:208} INFO - Processing /opt/airflow/dags/04_parallel_weather.py took 0.136 seconds
[2026-08-24T07:17:49.569+0000] {processor.py:186} INFO - Started process (PID=295) to work on /opt/airflow/dags/04_parallel_weather.py
[2026-08-24T07:17:49.570+0000] {processor.py:914} INFO - Processing file /opt/airflow/dags/04_parallel_weather.py for tasks to queue
[2026-08-24T07:17:49.572+0000] {logging_mixin.py:190} INFO - [2026-08-24T07:17:49.572+0000] {dagbag.py:588} INFO - Filling up the DagBag from /opt/airflow/dags/04_parallel_weather.py
[2026-08-24T07:17:49.588+0000] {processor.py:925} INFO - DAG(s) 'parallel_weather_dag' retrieved from /opt/airflow/dags/04_parallel_weather.py
[2026-08-24T07:17:49.612+0000] {logging_mixin.py:190} INFO - [2026-08-24T07:17:49.612+0000] {dag.py:3239} INFO - Sync 1 DAGs
[2026-08-24T07:17:49.624+0000] {logging_mixin.py:190} INFO - [2026-08-24T07:17:49.624+0000] {dag.py:4180} INFO - Setting next_dagrun for parallel_weather_dag to None, run_after=None
[2026-08-24T07:17:49.639+0000] {processor.py:208} INFO - Processing /opt/airflow/dags/04_parallel_weather.py took 0.076 seconds
[2026-08-24T07:18:19.882+0000] {processor.py:186} INFO - Started process (PID=306) to work on /opt/airflow/dags/04_parallel_weather.py
[2026-08-24T07:18:19.883+0000] {processor.py:914} INFO - Processing file /opt/airflow/dags/04_parallel_weather.py for tasks to queue
[2026-08-24T07:18:19.885+0000] {logging_mixin.py:190} INFO - [2026-08-24T07:18:19.885+0000] {dagbag.py:588} INFO - Filling up the DagBag from /opt/airflow/dags/04_parallel_weather.py
[2026-08-24T07:18:19.898+0000] {processor.py:925} INFO - DAG(s) 'parallel_weather_dag' retrieved from /opt/airflow/dags/04_parallel_weather.py
[2026-08-24T07:18:19.918+0000] {logging_mixin.py:190} INFO - [2026-08-24T07:18:19.918+0000] {dag.py:3239} INFO - Sync 1 DAGs
[2026-08-24T07:18:19.928+0000] {logging_mixin.py:190} INFO - [2026-08-24T07:18:19.928+0000] {dag.py:4180} INFO - Setting next_dagrun for parallel_weather_dag to None, run_after=None
[2026-08-24T07:18:19.946+0000] {processor.py:208} INFO - Processing /opt/airflow/dags/04_parallel_weather.py took 0.068 seconds
[2026-08-24T07:18:50.739+0000] {processor.py:186} INFO - Started process (PID=317) to work on /opt/airflow/dags/04_parallel_weather.py
[2026-08-24T07:18:50.740+0000] {processor.py:914} INFO - Processing file /opt/airflow/dags/04_parallel_weather.py for tasks to queue
[2026-08-24T07:18:50.741+0000] {logging_mixin.py:190} INFO - [2026-08-24T07:18:50.741+0000] {dagbag.py:588} INFO - Filling up the DagBag from /opt/airflow/dags/04_parallel_weather.py
[2026-08-24T07:18:50.759+0000] {processor.py:925} INFO - DAG(s) 'parallel_weather_dag' retrieved from /opt/airflow/dags/04_parallel_weather.py
[2026-08-24T07:18:50.780+0000] {logging_mixin.py:190} INFO - [2026-08-24T07:18:50.780+0000] {dag.py:3239} INFO - Sync 1 DAGs
[2026-08-24T07:18:50.793+0000] {logging_mixin.py:190} INFO - [2026-08-24T07:18:50.793+0000] {dag.py:4180} INFO - Setting next_dagrun for parallel_weather_dag to None, run_after=None
[2026-08-24T07:18:50.811+0000] {processor.py:208} INFO - Processing /opt/airflow/dags/04_parallel_weather.py took 0.077 seconds
[2026-08-24T07:19:21.701+0000] {processor.py:186} INFO - Started process (PID=328) to work on /opt/airflow/dags/04_parallel_weather.py
[2026-08-24T07:19:21.702+0000] {processor.py:914} INFO - Processing file /opt/airflow/dags/04_parallel_weather.py for tasks to queue
[2026-08-24T07:19:21.706+0000] {logging_mixin.py:190} INFO - [2026-08-24T07:19:21.705+0000] {dagbag.py:588} INFO - Filling up the DagBag from /opt/airflow/dags/04_parallel_weather.py
[2026-08-24T07:19:21.735+0000] {processor.py:925} INFO - DAG(s) 'parallel_weather_dag' retrieved from /opt/airflow/dags/04_parallel_weather.py
[2026-08-24T07:19:21.759+0000] {logging_mixin.py:190} INFO - [2026-08-24T07:19:21.759+0000] {dag.py:3239} INFO - Sync 1 DAGs
[2026-08-24T07:19:21.772+0000] {logging_mixin.py:190} INFO - [2026-08-24T07:19:21.772+0000] {dag.py:4180} INFO - Setting next_dagrun for parallel_weather_dag to None, run_after=None
[2026-08-24T07:19:21.793+0000] {processor.py:208} INFO - Processing /opt/airflow/dags/04_parallel_weather.py took 0.098 seconds
[2026-08-24T07:19:52.797+0000] {processor.py:186} INFO - Started process (PID=339) to work on /opt/airflow/dags/04_parallel_weather.py
[2026-08-24T07:19:52.798+0000] {processor.py:914} INFO - Processing file /opt/airflow/dags/04_parallel_weather.py for tasks to queue
[2026-08-24T07:19:52.801+0000] {logging_mixin.py:190} INFO - [2026-08-24T07:19:52.800+0000] {dagbag.py:588} INFO - Filling up the DagBag from /opt/airflow/dags/04_parallel_weather.py
[2026-08-24T07:19:52.828+0000] {processor.py:925} INFO - DAG(s) 'parallel_weather_dag' retrieved from /opt/airflow/dags/04_parallel_weather.py
[2026-08-24T07:19:52.872+0000] {logging_mixin.py:190} INFO - [2026-08-24T07:19:52.871+0000] {dag.py:3239} INFO - Sync 1 DAGs
[2026-08-24T07:19:52.899+0000] {logging_mixin.py:190} INFO - [2026-08-24T07:19:52.899+0000] {dag.py:4180} INFO - Setting next_dagrun for parallel_weather_dag to None, run_after=None
[2026-08-24T07:19:52.939+0000] {processor.py:208} INFO - Processing /opt/airflow/dags/04_parallel_weather.py took 0.151 seconds
[2026-08-24T07:20:23.955+0000] {processor.py:186} INFO - Started process (PID=356) to work on /opt/airflow/dags/04_parallel_weather.py
[2026-08-24T07:20:23.956+0000] {processor.py:914} INFO - Processing file /opt/airflow/dags/04_parallel_weather.py for tasks to queue
[2026-08-24T07:20:23.959+0000] {logging_mixin.py:190} INFO - [2026-08-24T07:20:23.959+0000] {dagbag.py:588} INFO - Filling up the DagBag from /opt/airflow/dags/04_parallel_weather.py
[2026-08-24T07:20:23.991+0000] {processor.py:925} INFO - DAG(s) 'parallel_weather_dag' retrieved from /opt/airflow/dags/04_parallel_weather.py
[2026-08-24T07:20:24.014+0000] {logging_mixin.py:190} INFO - [2026-08-24T07:20:24.014+0000] {dag.py:3239} INFO - Sync 1 DAGs
[2026-08-24T07:20:24.028+0000] {logging_mixin.py:190} INFO - [2026-08-24T07:20:24.028+0000] {dag.py:4180} INFO - Setting next_dagrun for parallel_weather_dag to None, run_after=None
[2026-08-24T07:20:24.059+0000] {processor.py:208} INFO - Processing /opt/airflow/dags/04_parallel_weather.py took 0.108 seconds
[2026-08-24T07:20:54.872+0000] {processor.py:186} INFO - Started process (PID=368) to work on /opt/airflow/dags/04_parallel_weather.py
[2026-08-24T07:20:54.873+0000] {processor.py:914} INFO - Processing file /opt/airflow/dags/04_parallel_weather.py for tasks to queue
[2026-08-24T07:20:54.875+0000] {logging_mixin.py:190} INFO - [2026-08-24T07:20:54.875+0000] {dagbag.py:588} INFO - Filling up the DagBag from /opt/airflow/dags/04_parallel_weather.py
[2026-08-24T07:20:54.896+0000] {processor.py:925} INFO - DAG(s) 'parallel_weather_dag' retrieved from /opt/airflow/dags/04_parallel_weather.py
[2026-08-24T07:20:54.920+0000] {logging_mixin.py:190} INFO - [2026-08-24T07:20:54.920+0000] {dag.py:3239} INFO - Sync 1 DAGs
[2026-08-24T07:20:54.932+0000] {logging_mixin.py:190} INFO - [2026-08-24T07:20:54.932+0000] {dag.py:4180} INFO - Setting next_dagrun for parallel_weather_dag to None, run_after=None
[2026-08-24T07:20:54.953+0000] {processor.py:208} INFO - Processing /opt/airflow/dags/04_parallel_weather.py took 0.086 seconds
[2026-08-24T07:21:26.014+0000] {processor.py:186} INFO - Started process (PID=379) to work on /opt/airflow/dags/04_parallel_weather.py
[2026-08-24T07:21:26.016+0000] {processor.py:914} INFO - Processing file /opt/airflow/dags/04_parallel_weather.py for tasks to queue
[2026-08-24T07:21:26.018+0000] {logging_mixin.py:190} INFO - [2026-08-24T07:21:26.018+0000] {dagbag.py:588} INFO - Filling up the DagBag from /opt/airflow/dags/04_parallel_weather.py
[2026-08-24T07:21:26.074+0000] {processor.py:925} INFO - DAG(s) 'parallel_weather_dag' retrieved from /opt/airflow/dags/04_parallel_weather.py
[2026-08-24T07:21:26.123+0000] {logging_mixin.py:190} INFO - [2026-08-24T07:21:26.123+0000] {dag.py:3239} INFO - Sync 1 DAGs
[2026-08-24T07:21:26.150+0000] {logging_mixin.py:190} INFO - [2026-08-24T07:21:26.150+0000] {dag.py:4180} INFO - Setting next_dagrun for parallel_weather_dag to None, run_after=None
[2026-08-24T07:21:26.191+0000] {processor.py:208} INFO - Processing /opt/airflow/dags/04_parallel_weather.py took 0.184 seconds
[2026-08-24T07:21:57.031+0000] {processor.py:186} INFO - Started process (PID=390) to work on /opt/airflow/dags/04_parallel_weather.py
[2026-08-24T07:21:57.032+0000] {processor.py:914} INFO - Processing file /opt/airflow/dags/04_parallel_weather.py for tasks to queue
[2026-08-24T07:21:57.034+0000] {logging_mixin.py:190} INFO - [2026-08-24T07:21:57.034+0000] {dagbag.py:588} INFO - Filling up the DagBag from /opt/airflow/dags/04_parallel_weather.py
[2026-08-24T07:21:57.056+0000] {processor.py:925} INFO - DAG(s) 'parallel_weather_dag' retrieved from /opt/airflow/dags/04_parallel_weather.py
[2026-08-24T07:21:57.082+0000] {logging_mixin.py:190} INFO - [2026-08-24T07:21:57.082+0000] {dag.py:3239} INFO - Sync 1 DAGs
[2026-08-24T07:21:57.094+0000] {logging_mixin.py:190} INFO - [2026-08-24T07:21:57.094+0000] {dag.py:4180} INFO - Setting next_dagrun for parallel_weather_dag to None, run_after=None
[2026-08-24T07:21:57.110+0000] {processor.py:208} INFO - Processing /opt/airflow/dags/04_parallel_weather.py took 0.084 seconds
[2026-08-24T07:22:27.796+0000] {processor.py:186} INFO - Started process (PID=401) to work on /opt/airflow/dags/04_parallel_weather.py
[2026-08-24T07:22:27.797+0000] {processor.py:914} INFO - Processing file /opt/airflow/dags/04_parallel_weather.py for tasks to queue
[2026-08-24T07:22:27.799+0000] {logging_mixin.py:190} INFO - [2026-08-24T07:22:27.799+0000] {dagbag.py:588} INFO - Filling up the DagBag from /opt/airflow/dags/04_parallel_weather.py
[2026-08-24T07:22:27.813+0000] {processor.py:925} INFO - DAG(s) 'parallel_weather_dag' retrieved from /opt/airflow/dags/04_parallel_weather.py
[2026-08-24T07:22:27.839+0000] {logging_mixin.py:190} INFO - [2026-08-24T07:22:27.838+0000] {dag.py:3239} INFO - Sync 1 DAGs
[2026-08-24T07:22:27.851+0000] {logging_mixin.py:190} INFO - [2026-08-24T07:22:27.851+0000] {dag.py:4180} INFO - Setting next_dagrun for parallel_weather_dag to None, run_after=None
[2026-08-24T07:22:27.873+0000] {processor.py:208} INFO - Processing /opt/airflow/dags/04_parallel_weather.py took 0.081 seconds
[2026-08-24T07:22:58.673+0000] {processor.py:186} INFO - Started process (PID=412) to work on /opt/airflow/dags/04_parallel_weather.py
[2026-08-24T07:22:58.674+0000] {processor.py:914} INFO - Processing file /opt/airflow/dags/04_parallel_weather.py for tasks to queue
[2026-08-24T07:22:58.676+0000] {logging_mixin.py:190} INFO - [2026-08-24T07:22:58.675+0000] {dagbag.py:588} INFO - Filling up the DagBag from /opt/airflow/dags/04_parallel_weather.py
[2026-08-24T07:22:58.689+0000] {processor.py:925} INFO - DAG(s) 'parallel_weather_dag' retrieved from /opt/airflow/dags/04_parallel_weather.py
[2026-08-24T07:22:58.711+0000] {logging_mixin.py:190} INFO - [2026-08-24T07:22:58.711+0000] {dag.py:3239} INFO - Sync 1 DAGs
[2026-08-24T07:22:58.724+0000] {logging_mixin.py:190} INFO - [2026-08-24T07:22:58.724+0000] {dag.py:4180} INFO - Setting next_dagrun for parallel_weather_dag to None, run_after=None
[2026-08-24T07:22:58.746+0000] {processor.py:208} INFO - Processing /opt/airflow/dags/04_parallel_weather.py took 0.078 seconds
[2026-08-24T07:23:29.468+0000] {processor.py:186} INFO - Started process (PID=423) to work on /opt/airflow/dags/04_parallel_weather.py
[2026-08-24T07:23:29.469+0000] {processor.py:914} INFO - Processing file /opt/airflow/dags/04_parallel_weather.py for tasks to queue
[2026-08-24T07:23:29.472+0000] {logging_mixin.py:190} INFO - [2026-08-24T07:23:29.471+0000] {dagbag.py:588} INFO - Filling up the DagBag from /opt/airflow/dags/04_parallel_weather.py
[2026-08-24T07:23:29.486+0000] {processor.py:925} INFO - DAG(s) 'parallel_weather_dag' retrieved from /opt/airflow/dags/04_parallel_weather.py
[2026-08-24T07:23:29.510+0000] {logging_mixin.py:190} INFO - [2026-08-24T07:23:29.510+0000] {dag.py:3239} INFO - Sync 1 DAGs
[2026-08-24T07:23:29.522+0000] {logging_mixin.py:190} INFO - [2026-08-24T07:23:29.522+0000] {dag.py:4180} INFO - Setting next_dagrun for parallel_weather_dag to None, run_after=None
[2026-08-24T07:23:29.537+0000] {processor.py:208} INFO - Processing /opt/airflow/dags/04_parallel_weather.py took 0.075 seconds
[2026-08-24T07:24:00.279+0000] {processor.py:186} INFO - Started process (PID=434) to work on /opt/airflow/dags/04_parallel_weather.py
[2026-08-24T07:24:00.282+0000] {processor.py:914} INFO - Processing file /opt/airflow/dags/04_parallel_weather.py for tasks to queue
[2026-08-24T07:24:00.284+0000] {logging_mixin.py:190} INFO - [2026-08-24T07:24:00.284+0000] {dagbag.py:588} INFO - Filling up the DagBag from /opt/airflow/dags/04_parallel_weather.py
[2026-08-24T07:24:00.312+0000] {processor.py:925} INFO - DAG(s) 'parallel_weather_dag' retrieved from /opt/airflow/dags/04_parallel_weather.py
[2026-08-24T07:24:00.342+0000] {logging_mixin.py:190} INFO - [2026-08-24T07:24:00.341+0000] {dag.py:3239} INFO - Sync 1 DAGs
[2026-08-24T07:24:00.355+0000] {logging_mixin.py:190} INFO - [2026-08-24T07:24:00.354+0000] {dag.py:4180} INFO - Setting next_dagrun for parallel_weather_dag to None, run_after=None
[2026-08-24T07:24:00.379+0000] {processor.py:208} INFO - Processing /opt/airflow/dags/04_parallel_weather.py took 0.105 seconds
[2026-08-24T07:24:31.375+0000] {processor.py:186} INFO - Started process (PID=445) to work on /opt/airflow/dags/04_parallel_weather.py
[2026-08-24T07:24:31.376+0000] {processor.py:914} INFO - Processing file /opt/airflow/dags/04_parallel_weather.py for tasks to queue
[2026-08-24T07:24:31.378+0000] {logging_mixin.py:190} INFO - [2026-08-24T07:24:31.378+0000] {dagbag.py:588} INFO - Filling up the DagBag from /opt/airflow/dags/04_parallel_weather.py
[2026-08-24T07:24:31.401+0000] {processor.py:925} INFO - DAG(s) 'parallel_weather_dag' retrieved from /opt/airflow/dags/04_parallel_weather.py
[2026-08-24T07:24:31.422+0000] {logging_mixin.py:190} INFO - [2026-08-24T07:24:31.422+0000] {dag.py:3239} INFO - Sync 1 DAGs
[2026-08-24T07:24:31.433+0000] {logging_mixin.py:190} INFO - [2026-08-24T07:24:31.433+0000] {dag.py:4180} INFO - Setting next_dagrun for parallel_weather_dag to None, run_after=None
[2026-08-24T07:24:31.454+0000] {processor.py:208} INFO - Processing /opt/airflow/dags/04_parallel_weather.py took 0.085 seconds
[2026-08-24T07:25:01.503+0000] {processor.py:186} INFO - Started process (PID=455) to work on /opt/airflow/dags/04_parallel_weather.py
[2026-08-24T07:25:01.504+0000] {processor.py:914} INFO - Processing file /opt/airflow/dags/04_parallel_weather.py for tasks to queue
[2026-08-24T07:25:01.506+0000] {logging_mixin.py:190} INFO - [2026-08-24T07:25:01.505+0000] {dagbag.py:588} INFO - Filling up the DagBag from /opt/airflow/dags/04_parallel_weather.py
[2026-08-24T07:25:01.524+0000] {processor.py:925} INFO - DAG(s) 'parallel_weather_dag' retrieved from /opt/airflow/dags/04_parallel_weather.py
[2026-08-24T07:25:01.548+0000] {logging_mixin.py:190} INFO - [2026-08-24T07:25:01.548+0000] {dag.py:3239} INFO - Sync 1 DAGs
[2026-08-24T07:25:01.559+0000] {logging_mixin.py:190} INFO - [2026-08-24T07:25:01.559+0000] {dag.py:4180} INFO - Setting next_dagrun for parallel_weather_dag to None, run_after=None
[2026-08-24T07:25:01.579+0000] {processor.py:208} INFO - Processing /opt/airflow/dags/04_parallel_weather.py took 0.082 seconds
[2026-08-24T07:25:32.577+0000] {processor.py:186} INFO - Started process (PID=467) to work on /opt/airflow/dags/04_parallel_weather.py
[2026-08-24T07:25:32.578+0000] {processor.py:914} INFO - Processing file /opt/airflow/dags/04_parallel_weather.py for tasks to queue
[2026-08-24T07:25:32.580+0000] {logging_mixin.py:190} INFO - [2026-08-24T07:25:32.580+0000] {dagbag.py:588} INFO - Filling up the DagBag from /opt/airflow/dags/04_parallel_weather.py
[2026-08-24T07:25:32.599+0000] {processor.py:925} INFO - DAG(s) 'parallel_weather_dag' retrieved from /opt/airflow/dags/04_parallel_weather.py
[2026-08-24T07:25:32.629+0000] {logging_mixin.py:190} INFO - [2026-08-24T07:25:32.629+0000] {dag.py:3239} INFO - Sync 1 DAGs
[2026-08-24T07:25:32.640+0000] {logging_mixin.py:190} INFO - [2026-08-24T07:25:32.640+0000] {dag.py:4180} INFO - Setting next_dagrun for parallel_weather_dag to None, run_after=None
[2026-08-24T07:25:32.654+0000] {processor.py:208} INFO - Processing /opt/airflow/dags/04_parallel_weather.py took 0.083 seconds
[2026-08-24T07:26:02.752+0000] {processor.py:186} INFO - Started process (PID=478) to work on /opt/airflow/dags/04_parallel_weather.py
[2026-08-24T07:26:02.753+0000] {processor.py:914} INFO - Processing file /opt/airflow/dags/04_parallel_weather.py for tasks to queue
[2026-08-24T07:26:02.755+0000] {logging_mixin.py:190} INFO - [2026-08-24T07:26:02.755+0000] {dagbag.py:588} INFO - Filling up the DagBag from /opt/airflow/dags/04_parallel_weather.py
[2026-08-24T07:26:02.775+0000] {processor.py:925} INFO - DAG(s) 'parallel_weather_dag' retrieved from /opt/airflow/dags/04_parallel_weather.py
[2026-08-24T07:26:02.798+0000] {logging_mixin.py:190} INFO - [2026-08-24T07:26:02.798+0000] {dag.py:3239} INFO - Sync 1 DAGs
[2026-08-24T07:26:02.809+0000] {logging_mixin.py:190} INFO - [2026-08-24T07:26:02.809+0000] {dag.py:4180} INFO - Setting next_dagrun for parallel_weather_dag to None, run_after=None
[2026-08-24T07:26:02.825+0000] {processor.py:208} INFO - Processing /opt/airflow/dags/04_parallel_weather.py took 0.077 seconds
[2026-08-24T07:26:32.951+0000] {processor.py:186} INFO - Started process (PID=489) to work on /opt/airflow/dags/04_parallel_weather.py
[2026-08-24T07:26:32.953+0000] {processor.py:914} INFO - Processing file /opt/airflow/dags/04_parallel_weather.py for tasks to queue
[2026-08-24T07:26:32.959+0000] {logging_mixin.py:190} INFO - [2026-08-24T07:26:32.959+0000] {dagbag.py:588} INFO - Filling up the DagBag from /opt/airflow/dags/04_parallel_weather.py
[2026-08-24T07:26:32.978+0000] {processor.py:925} INFO - DAG(s) 'parallel_weather_dag' retrieved from /opt/airflow/dags/04_parallel_weather.py
[2026-08-24T07:26:33.021+0000] {logging_mixin.py:190} INFO - [2026-08-24T07:26:33.020+0000] {dag.py:3239} INFO - Sync 1 DAGs
[2026-08-24T07:26:33.049+0000] {logging_mixin.py:190} INFO - [2026-08-24T07:26:33.048+0000] {dag.py:4180} INFO - Setting next_dagrun for parallel_weather_dag to None, run_after=None
[2026-08-24T07:26:33.075+0000] {processor.py:208} INFO - Processing /opt/airflow/dags/04_parallel_weather.py took 0.130 seconds
[2026-08-24T07:27:03.216+0000] {processor.py:186} INFO - Started process (PID=500) to work on /opt/airflow/dags/04_parallel_weather.py
[2026-08-24T07:27:03.217+0000] {processor.py:914} INFO - Processing file /opt/airflow/dags/04_parallel_weather.py for tasks to queue
[2026-08-24T07:27:03.221+0000] {logging_mixin.py:190} INFO - [2026-08-24T07:27:03.221+0000] {dagbag.py:588} INFO - Filling up the DagBag from /opt/airflow/dags/04_parallel_weather.py
[2026-08-24T07:27:03.256+0000] {processor.py:925} INFO - DAG(s) 'parallel_weather_dag' retrieved from /opt/airflow/dags/04_parallel_weather.py
[2026-08-24T07:27:03.296+0000] {logging_mixin.py:190} INFO - [2026-08-24T07:27:03.296+0000] {dag.py:3239} INFO - Sync 1 DAGs
[2026-08-24T07:27:03.310+0000] {logging_mixin.py:190} INFO - [2026-08-24T07:27:03.310+0000] {dag.py:4180} INFO - Setting next_dagrun for parallel_weather_dag to None, run_after=None
[2026-08-24T07:27:03.328+0000] {processor.py:208} INFO - Processing /opt/airflow/dags/04_parallel_weather.py took 0.119 seconds
[2026-08-24T07:27:34.079+0000] {processor.py:186} INFO - Started process (PID=511) to work on /opt/airflow/dags/04_parallel_weather.py
[2026-08-24T07:27:34.081+0000] {processor.py:914} INFO - Processing file /opt/airflow/dags/04_parallel_weather.py for tasks to queue
[2026-08-24T07:27:34.083+0000] {logging_mixin.py:190} INFO - [2026-08-24T07:27:34.083+0000] {dagbag.py:588} INFO - Filling up the DagBag from /opt/airflow/dags/04_parallel_weather.py
[2026-08-24T07:27:34.100+0000] {processor.py:925} INFO - DAG(s) 'parallel_weather_dag' retrieved from /opt/airflow/dags/04_parallel_weather.py
[2026-08-24T07:27:34.127+0000] {logging_mixin.py:190} INFO - [2026-08-24T07:27:34.126+0000] {dag.py:3239} INFO - Sync 1 DAGs
[2026-08-24T07:27:34.138+0000] {logging_mixin.py:190} INFO - [2026-08-24T07:27:34.138+0000] {dag.py:4180} INFO - Setting next_dagrun for parallel_weather_dag to None, run_after=None
[2026-08-24T07:27:34.154+0000] {processor.py:208} INFO - Processing /opt/airflow/dags/04_parallel_weather.py took 0.079 seconds
[2026-08-24T07:28:05.038+0000] {processor.py:186} INFO - Started process (PID=522) to work on /opt/airflow/dags/04_parallel_weather.py
[2026-08-24T07:28:05.039+0000] {processor.py:914} INFO - Processing file /opt/airflow/dags/04_parallel_weather.py for tasks to queue
[2026-08-24T07:28:05.041+0000] {logging_mixin.py:190} INFO - [2026-08-24T07:28:05.041+0000] {dagbag.py:588} INFO - Filling up the DagBag from /opt/airflow/dags/04_parallel_weather.py
[2026-08-24T07:28:05.056+0000] {processor.py:925} INFO - DAG(s) 'parallel_weather_dag' retrieved from /opt/airflow/dags/04_parallel_weather.py
[2026-08-24T07:28:05.078+0000] {logging_mixin.py:190} INFO - [2026-08-24T07:28:05.078+0000] {dag.py:3239} INFO - Sync 1 DAGs
[2026-08-24T07:28:05.090+0000] {logging_mixin.py:190} INFO - [2026-08-24T07:28:05.090+0000] {dag.py:4180} INFO - Setting next_dagrun for parallel_weather_dag to None, run_after=None
[2026-08-24T07:28:05.107+0000] {processor.py:208} INFO - Processing /opt/airflow/dags/04_parallel_weather.py took 0.079 seconds
[2026-08-24T07:28:36.090+0000] {processor.py:186} INFO - Started process (PID=534) to work on /opt/airflow/dags/04_parallel_weather.py
[2026-08-24T07:28:36.093+0000] {processor.py:914} INFO - Processing file /opt/airflow/dags/04_parallel_weather.py for tasks to queue
[2026-08-24T07:28:36.096+0000] {logging_mixin.py:190} INFO - [2026-08-24T07:28:36.095+0000] {dagbag.py:588} INFO - Filling up the DagBag from /opt/airflow/dags/04_parallel_weather.py
[2026-08-24T07:28:36.119+0000] {processor.py:925} INFO - DAG(s) 'parallel_weather_dag' retrieved from /opt/airflow/dags/04_parallel_weather.py
[2026-08-24T07:28:36.146+0000] {logging_mixin.py:190} INFO - [2026-08-24T07:28:36.146+0000] {dag.py:3239} INFO - Sync 1 DAGs
[2026-08-24T07:28:36.169+0000] {logging_mixin.py:190} INFO - [2026-08-24T07:28:36.169+0000] {dag.py:4180} INFO - Setting next_dagrun for parallel_weather_dag to None, run_after=None
[2026-08-24T07:28:36.194+0000] {processor.py:208} INFO - Processing /opt/airflow/dags/04_parallel_weather.py took 0.110 seconds
[2026-08-24T07:29:07.095+0000] {processor.py:186} INFO - Started process (PID=545) to work on /opt/airflow/dags/04_parallel_weather.py
[2026-08-24T07:29:07.097+0000] {processor.py:914} INFO - Processing file /opt/airflow/dags/04_parallel_weather.py for tasks to queue
[2026-08-24T07:29:07.099+0000] {logging_mixin.py:190} INFO - [2026-08-24T07:29:07.099+0000] {dagbag.py:588} INFO - Filling up the DagBag from /opt/airflow/dags/04_parallel_weather.py
[2026-08-24T07:29:07.121+0000] {processor.py:925} INFO - DAG(s) 'parallel_weather_dag' retrieved from /opt/airflow/dags/04_parallel_weather.py
[2026-08-24T07:29:07.152+0000] {logging_mixin.py:190} INFO - [2026-08-24T07:29:07.151+0000] {dag.py:3239} INFO - Sync 1 DAGs
[2026-08-24T07:29:07.165+0000] {logging_mixin.py:190} INFO - [2026-08-24T07:29:07.164+0000] {dag.py:4180} INFO - Setting next_dagrun for parallel_weather_dag to None, run_after=None
[2026-08-24T07:29:07.185+0000] {processor.py:208} INFO - Processing /opt/airflow/dags/04_parallel_weather.py took 0.095 seconds
[2026-08-24T07:29:37.849+0000] {processor.py:186} INFO - Started process (PID=556) to work on /opt/airflow/dags/04_parallel_weather.py
[2026-08-24T07:29:37.850+0000] {processor.py:914} INFO - Processing file /opt/airflow/dags/04_parallel_weather.py for tasks to queue
[2026-08-24T07:29:37.852+0000] {logging_mixin.py:190} INFO - [2026-08-24T07:29:37.851+0000] {dagbag.py:588} INFO - Filling up the DagBag from /opt/airflow/dags/04_parallel_weather.py
[2026-08-24T07:29:37.867+0000] {processor.py:925} INFO - DAG(s) 'parallel_weather_dag' retrieved from /opt/airflow/dags/04_parallel_weather.py
[2026-08-24T07:29:37.891+0000] {logging_mixin.py:190} INFO - [2026-08-24T07:29:37.890+0000] {dag.py:3239} INFO - Sync 1 DAGs
[2026-08-24T07:29:37.903+0000] {logging_mixin.py:190} INFO - [2026-08-24T07:29:37.903+0000] {dag.py:4180} INFO - Setting next_dagrun for parallel_weather_dag to None, run_after=None
[2026-08-24T07:29:37.923+0000] {processor.py:208} INFO - Processing /opt/airflow/dags/04_parallel_weather.py took 0.079 seconds
[2026-08-24T07:30:08.760+0000] {processor.py:186} INFO - Started process (PID=567) to work on /opt/airflow/dags/04_parallel_weather.py
[2026-08-24T07:30:08.761+0000] {processor.py:914} INFO - Processing file /opt/airflow/dags/04_parallel_weather.py for tasks to queue
[2026-08-24T07:30:08.763+0000] {logging_mixin.py:190} INFO - [2026-08-24T07:30:08.763+0000] {dagbag.py:588} INFO - Filling up the DagBag from /opt/airflow/dags/04_parallel_weather.py
[2026-08-24T07:30:08.789+0000] {processor.py:925} INFO - DAG(s) 'parallel_weather_dag' retrieved from /opt/airflow/dags/04_parallel_weather.py
[2026-08-24T07:30:08.817+0000] {logging_mixin.py:190} INFO - [2026-08-24T07:30:08.817+0000] {dag.py:3239} INFO - Sync 1 DAGs
[2026-08-24T07:30:08.831+0000] {logging_mixin.py:190} INFO - [2026-08-24T07:30:08.830+0000] {dag.py:4180} INFO - Setting next_dagrun for parallel_weather_dag to None, run_after=None
[2026-08-24T07:30:08.856+0000] {processor.py:208} INFO - Processing /opt/airflow/dags/04_parallel_weather.py took 0.102 seconds
[2026-08-24T07:30:38.984+0000] {processor.py:186} INFO - Started process (PID=578) to work on /opt/airflow/dags/04_parallel_weather.py
[2026-08-24T07:30:38.985+0000] {processor.py:914} INFO - Processing file /opt/airflow/dags/04_parallel_weather.py for tasks to queue
[2026-08-24T07:30:38.988+0000] {logging_mixin.py:190} INFO - [2026-08-24T07:30:38.987+0000] {dagbag.py:588} INFO - Filling up the DagBag from /opt/airflow/dags/04_parallel_weather.py
[2026-08-24T07:30:39.002+0000] {processor.py:925} INFO - DAG(s) 'parallel_weather_dag' retrieved from /opt/airflow/dags/04_parallel_weather.py
[2026-08-24T07:30:39.024+0000] {logging_mixin.py:190} INFO - [2026-08-24T07:30:39.024+0000] {dag.py:3239} INFO - Sync 1 DAGs
[2026-08-24T07:30:39.040+0000] {logging_mixin.py:190} INFO - [2026-08-24T07:30:39.040+0000] {dag.py:4180} INFO - Setting next_dagrun for parallel_weather_dag to None, run_after=None
[2026-08-24T07:30:39.055+0000] {processor.py:208} INFO - Processing /opt/airflow/dags/04_parallel_weather.py took 0.076 seconds
[2026-08-24T07:31:09.973+0000] {processor.py:186} INFO - Started process (PID=589) to work on /opt/airflow/dags/04_parallel_weather.py
[2026-08-24T07:31:09.976+0000] {processor.py:914} INFO - Processing file /opt/airflow/dags/04_parallel_weather.py for tasks to queue
[2026-08-24T07:31:09.982+0000] {logging_mixin.py:190} INFO - [2026-08-24T07:31:09.981+0000] {dagbag.py:588} INFO - Filling up the DagBag from /opt/airflow/dags/04_parallel_weather.py
[2026-08-24T07:31:10.029+0000] {processor.py:925} INFO - DAG(s) 'parallel_weather_dag' retrieved from /opt/airflow/dags/04_parallel_weather.py
[2026-08-24T07:31:10.068+0000] {logging_mixin.py:190} INFO - [2026-08-24T07:31:10.068+0000] {dag.py:3239} INFO - Sync 1 DAGs
[2026-08-24T07:31:10.080+0000] {logging_mixin.py:190} INFO - [2026-08-24T07:31:10.080+0000] {dag.py:4180} INFO - Setting next_dagrun for parallel_weather_dag to None, run_after=None
[2026-08-24T07:31:10.104+0000] {processor.py:208} INFO - Processing /opt/airflow/dags/04_parallel_weather.py took 0.142 seconds
[2026-08-24T07:31:40.322+0000] {processor.py:186} INFO - Started process (PID=600) to work on /opt/airflow/dags/04_parallel_weather.py
[2026-08-24T07:31:40.323+0000] {processor.py:914} INFO - Processing file /opt/airflow/dags/04_parallel_weather.py for tasks to queue
[2026-08-24T07:31:40.326+0000] {logging_mixin.py:190} INFO - [2026-08-24T07:31:40.326+0000] {dagbag.py:588} INFO - Filling up the DagBag from /opt/airflow/dags/04_parallel_weather.py
[2026-08-24T07:31:40.350+0000] {processor.py:925} INFO - DAG(s) 'parallel_weather_dag' retrieved from /opt/airflow/dags/04_parallel_weather.py
[2026-08-24T07:31:40.378+0000] {logging_mixin.py:190} INFO - [2026-08-24T07:31:40.378+0000] {dag.py:3239} INFO - Sync 1 DAGs
[2026-08-24T07:31:40.393+0000] {logging_mixin.py:190} INFO - [2026-08-24T07:31:40.392+0000] {dag.py:4180} INFO - Setting next_dagrun for parallel_weather_dag to None, run_after=None
[2026-08-24T07:31:40.409+0000] {processor.py:208} INFO - Processing /opt/airflow/dags/04_parallel_weather.py took 0.095 seconds
[2026-08-24T07:32:11.247+0000] {processor.py:186} INFO - Started process (PID=611) to work on /opt/airflow/dags/04_parallel_weather.py
[2026-08-24T07:32:11.248+0000] {processor.py:914} INFO - Processing file /opt/airflow/dags/04_parallel_weather.py for tasks to queue
[2026-08-24T07:32:11.251+0000] {logging_mixin.py:190} INFO - [2026-08-24T07:32:11.251+0000] {dagbag.py:588} INFO - Filling up the DagBag from /opt/airflow/dags/04_parallel_weather.py
[2026-08-24T07:32:11.267+0000] {processor.py:925} INFO - DAG(s) 'parallel_weather_dag' retrieved from /opt/airflow/dags/04_parallel_weather.py
[2026-08-24T07:32:11.292+0000] {logging_mixin.py:190} INFO - [2026-08-24T07:32:11.291+0000] {dag.py:3239} INFO - Sync 1 DAGs
[2026-08-24T07:32:11.304+0000] {logging_mixin.py:190} INFO - [2026-08-24T07:32:11.304+0000] {dag.py:4180} INFO - Setting next_dagrun for parallel_weather_dag to None, run_after=None
[2026-08-24T07:32:11.321+0000] {processor.py:208} INFO - Processing /opt/airflow/dags/04_parallel_weather.py took 0.078 seconds
[2026-08-24T07:32:41.407+0000] {processor.py:186} INFO - Started process (PID=622) to work on /opt/airflow/dags/04_parallel_weather.py
[2026-08-24T07:32:41.408+0000] {processor.py:914} INFO - Processing file /opt/airflow/dags/04_parallel_weather.py for tasks to queue
[2026-08-24T07:32:41.410+0000] {logging_mixin.py:190} INFO - [2026-08-24T07:32:41.409+0000] {dagbag.py:588} INFO - Filling up the DagBag from /opt/airflow/dags/04_parallel_weather.py
[2026-08-24T07:32:41.423+0000] {processor.py:925} INFO - DAG(s) 'parallel_weather_dag' retrieved from /opt/airflow/dags/04_parallel_weather.py
[2026-08-24T07:32:41.445+0000] {logging_mixin.py:190} INFO - [2026-08-24T07:32:41.444+0000] {dag.py:3239} INFO - Sync 1 DAGs
[2026-08-24T07:32:41.456+0000] {logging_mixin.py:190} INFO - [2026-08-24T07:32:41.456+0000] {dag.py:4180} INFO - Setting next_dagrun for parallel_weather_dag to None, run_after=None
[2026-08-24T07:32:41.472+0000] {processor.py:208} INFO - Processing /opt/airflow/dags/04_parallel_weather.py took 0.071 seconds
[2026-08-24T07:33:12.132+0000] {processor.py:186} INFO - Started process (PID=633) to work on /opt/airflow/dags/04_parallel_weather.py
[2026-08-24T07:33:12.133+0000] {processor.py:914} INFO - Processing file /opt/airflow/dags/04_parallel_weather.py for tasks to queue
[2026-08-24T07:33:12.135+0000] {logging_mixin.py:190} INFO - [2026-08-24T07:33:12.135+0000] {dagbag.py:588} INFO - Filling up the DagBag from /opt/airflow/dags/04_parallel_weather.py
[2026-08-24T07:33:12.150+0000] {processor.py:925} INFO - DAG(s) 'parallel_weather_dag' retrieved from /opt/airflow/dags/04_parallel_weather.py
[2026-08-24T07:33:12.172+0000] {logging_mixin.py:190} INFO - [2026-08-24T07:33:12.172+0000] {dag.py:3239} INFO - Sync 1 DAGs
[2026-08-24T07:33:12.183+0000] {logging_mixin.py:190} INFO - [2026-08-24T07:33:12.183+0000] {dag.py:4180} INFO - Setting next_dagrun for parallel_weather_dag to None, run_after=None
[2026-08-24T07:33:12.204+0000] {processor.py:208} INFO - Processing /opt/airflow/dags/04_parallel_weather.py took 0.077 seconds
[2026-08-24T07:33:43.029+0000] {processor.py:186} INFO - Started process (PID=644) to work on /opt/airflow/dags/04_parallel_weather.py
[2026-08-24T07:33:43.030+0000] {processor.py:914} INFO - Processing file /opt/airflow/dags/04_parallel_weather.py for tasks to queue
[2026-08-24T07:33:43.033+0000] {logging_mixin.py:190} INFO - [2026-08-24T07:33:43.033+0000] {dagbag.py:588} INFO - Filling up the DagBag from /opt/airflow/dags/04_parallel_weather.py
[2026-08-24T07:33:43.049+0000] {processor.py:925} INFO - DAG(s) 'parallel_weather_dag' retrieved from /opt/airflow/dags/04_parallel_weather.py
[2026-08-24T07:33:43.071+0000] {logging_mixin.py:190} INFO - [2026-08-24T07:33:43.070+0000] {dag.py:3239} INFO - Sync 1 DAGs
[2026-08-24T07:33:43.082+0000] {logging_mixin.py:190} INFO - [2026-08-24T07:33:43.081+0000] {dag.py:4180} INFO - Setting next_dagrun for parallel_weather_dag to None, run_after=None
[2026-08-24T07:33:43.098+0000] {processor.py:208} INFO - Processing /opt/airflow/dags/04_parallel_weather.py took 0.075 seconds
[2026-08-24T07:34:13.837+0000] {processor.py:186} INFO - Started process (PID=655) to work on /opt/airflow/dags/04_parallel_weather.py
[2026-08-24T07:34:13.839+0000] {processor.py:914} INFO - Processing file /opt/airflow/dags/04_parallel_weather.py for tasks to queue
[2026-08-24T07:34:13.841+0000] {logging_mixin.py:190} INFO - [2026-08-24T07:34:13.840+0000] {dagbag.py:588} INFO - Filling up the DagBag from /opt/airflow/dags/04_parallel_weather.py
[2026-08-24T07:34:13.862+0000] {processor.py:925} INFO - DAG(s) 'parallel_weather_dag' retrieved from /opt/airflow/dags/04_parallel_weather.py
[2026-08-24T07:34:13.881+0000] {logging_mixin.py:190} INFO - [2026-08-24T07:34:13.881+0000] {dag.py:3239} INFO - Sync 1 DAGs
[2026-08-24T07:34:13.893+0000] {logging_mixin.py:190} INFO - [2026-08-24T07:34:13.893+0000] {dag.py:4180} INFO - Setting next_dagrun for parallel_weather_dag to None, run_after=None
[2026-08-24T07:34:13.914+0000] {processor.py:208} INFO - Processing /opt/airflow/dags/04_parallel_weather.py took 0.082 seconds
[2026-08-24T07:34:44.800+0000] {processor.py:186} INFO - Started process (PID=666) to work on /opt/airflow/dags/04_parallel_weather.py
[2026-08-24T07:34:44.801+0000] {processor.py:914} INFO - Processing file /opt/airflow/dags/04_parallel_weather.py for tasks to queue
[2026-08-24T07:34:44.803+0000] {logging_mixin.py:190} INFO - [2026-08-24T07:34:44.803+0000] {dagbag.py:588} INFO - Filling up the DagBag from /opt/airflow/dags/04_parallel_weather.py
[2026-08-24T07:34:44.822+0000] {processor.py:925} INFO - DAG(s) 'parallel_weather_dag' retrieved from /opt/airflow/dags/04_parallel_weather.py
[2026-08-24T07:34:44.842+0000] {logging_mixin.py:190} INFO - [2026-08-24T07:34:44.842+0000] {dag.py:3239} INFO - Sync 1 DAGs
[2026-08-24T07:34:44.853+0000] {logging_mixin.py:190} INFO - [2026-08-24T07:34:44.853+0000] {dag.py:4180} INFO - Setting next_dagrun for parallel_weather_dag to None, run_after=None
[2026-08-24T07:34:44.873+0000] {processor.py:208} INFO - Processing /opt/airflow/dags/04_parallel_weather.py took 0.078 seconds
[2026-08-24T07:35:15.812+0000] {processor.py:186} INFO - Started process (PID=677) to work on /opt/airflow/dags/04_parallel_weather.py
[2026-08-24T07:35:15.815+0000] {processor.py:914} INFO - Processing file /opt/airflow/dags/04_parallel_weather.py for tasks to queue
[2026-08-24T07:35:15.818+0000] {logging_mixin.py:190} INFO - [2026-08-24T07:35:15.818+0000] {dagbag.py:588} INFO - Filling up the DagBag from /opt/airflow/dags/04_parallel_weather.py
[2026-08-24T07:35:15.874+0000] {processor.py:925} INFO - DAG(s) 'parallel_weather_dag' retrieved from /opt/airflow/dags/04_parallel_weather.py
[2026-08-24T07:35:15.901+0000] {logging_mixin.py:190} INFO - [2026-08-24T07:35:15.901+0000] {dag.py:3239} INFO - Sync 1 DAGs
[2026-08-24T07:35:15.914+0000] {logging_mixin.py:190} INFO - [2026-08-24T07:35:15.914+0000] {dag.py:4180} INFO - Setting next_dagrun for parallel_weather_dag to None, run_after=None
[2026-08-24T07:35:15.932+0000] {processor.py:208} INFO - Processing /opt/airflow/dags/04_parallel_weather.py took 0.125 seconds
[2026-08-24T07:35:46.783+0000] {processor.py:186} INFO - Started process (PID=687) to work on /opt/airflow/dags/04_parallel_weather.py
[2026-08-24T07:35:46.784+0000] {processor.py:914} INFO - Processing file /opt/airflow/dags/04_parallel_weather.py for tasks to queue
[2026-08-24T07:35:46.786+0000] {logging_mixin.py:190} INFO - [2026-08-24T07:35:46.786+0000] {dagbag.py:588} INFO - Filling up the DagBag from /opt/airflow/dags/04_parallel_weather.py
[2026-08-24T07:35:46.801+0000] {processor.py:925} INFO - DAG(s) 'parallel_weather_dag' retrieved from /opt/airflow/dags/04_parallel_weather.py
[2026-08-24T07:35:46.823+0000] {logging_mixin.py:190} INFO - [2026-08-24T07:35:46.823+0000] {dag.py:3239} INFO - Sync 1 DAGs
[2026-08-24T07:35:46.834+0000] {logging_mixin.py:190} INFO - [2026-08-24T07:35:46.834+0000] {dag.py:4180} INFO - Setting next_dagrun for parallel_weather_dag to None, run_after=None
[2026-08-24T07:35:46.850+0000] {processor.py:208} INFO - Processing /opt/airflow/dags/04_parallel_weather.py took 0.073 seconds
[2026-08-24T07:36:17.576+0000] {processor.py:186} INFO - Started process (PID=698) to work on /opt/airflow/dags/04_parallel_weather.py
[2026-08-24T07:36:17.577+0000] {processor.py:914} INFO - Processing file /opt/airflow/dags/04_parallel_weather.py for tasks to queue
[2026-08-24T07:36:17.579+0000] {logging_mixin.py:190} INFO - [2026-08-24T07:36:17.579+0000] {dagbag.py:588} INFO - Filling up the DagBag from /opt/airflow/dags/04_parallel_weather.py
[2026-08-24T07:36:17.623+0000] {processor.py:925} INFO - DAG(s) 'parallel_weather_dag' retrieved from /opt/airflow/dags/04_parallel_weather.py
[2026-08-24T07:36:17.650+0000] {logging_mixin.py:190} INFO - [2026-08-24T07:36:17.650+0000] {dag.py:3239} INFO - Sync 1 DAGs
[2026-08-24T07:36:17.662+0000] {logging_mixin.py:190} INFO - [2026-08-24T07:36:17.662+0000] {dag.py:4180} INFO - Setting next_dagrun for parallel_weather_dag to None, run_after=None
[2026-08-24T07:36:17.680+0000] {processor.py:208} INFO - Processing /opt/airflow/dags/04_parallel_weather.py took 0.108 seconds
[2026-08-24T07:36:48.365+0000] {processor.py:186} INFO - Started process (PID=709) to work on /opt/airflow/dags/04_parallel_weather.py
[2026-08-24T07:36:48.366+0000] {processor.py:914} INFO - Processing file /opt/airflow/dags/04_parallel_weather.py for tasks to queue
[2026-08-24T07:36:48.369+0000] {logging_mixin.py:190} INFO - [2026-08-24T07:36:48.368+0000] {dagbag.py:588} INFO - Filling up the DagBag from /opt/airflow/dags/04_parallel_weather.py
[2026-08-24T07:36:48.384+0000] {processor.py:925} INFO - DAG(s) 'parallel_weather_dag' retrieved from /opt/airflow/dags/04_parallel_weather.py
[2026-08-24T07:36:48.406+0000] {logging_mixin.py:190} INFO - [2026-08-24T07:36:48.406+0000] {dag.py:3239} INFO - Sync 1 DAGs
[2026-08-24T07:36:48.417+0000] {logging_mixin.py:190} INFO - [2026-08-24T07:36:48.416+0000] {dag.py:4180} INFO - Setting next_dagrun for parallel_weather_dag to None, run_after=None
[2026-08-24T07:36:48.431+0000] {processor.py:208} INFO - Processing /opt/airflow/dags/04_parallel_weather.py took 0.071 seconds
[2026-08-24T07:37:19.328+0000] {processor.py:186} INFO - Started process (PID=720) to work on /opt/airflow/dags/04_parallel_weather.py
[2026-08-24T07:37:19.329+0000] {processor.py:914} INFO - Processing file /opt/airflow/dags/04_parallel_weather.py for tasks to queue
[2026-08-24T07:37:19.331+0000] {logging_mixin.py:190} INFO - [2026-08-24T07:37:19.330+0000] {dagbag.py:588} INFO - Filling up the DagBag from /opt/airflow/dags/04_parallel_weather.py
[2026-08-24T07:37:19.344+0000] {processor.py:925} INFO - DAG(s) 'parallel_weather_dag' retrieved from /opt/airflow/dags/04_parallel_weather.py
[2026-08-24T07:37:19.366+0000] {logging_mixin.py:190} INFO - [2026-08-24T07:37:19.365+0000] {dag.py:3239} INFO - Sync 1 DAGs
[2026-08-24T07:37:19.377+0000] {logging_mixin.py:190} INFO - [2026-08-24T07:37:19.377+0000] {dag.py:4180} INFO - Setting next_dagrun for parallel_weather_dag to None, run_after=None
[2026-08-24T07:37:19.391+0000] {processor.py:208} INFO - Processing /opt/airflow/dags/04_parallel_weather.py took 0.068 seconds
[2026-08-24T07:37:50.243+0000] {processor.py:186} INFO - Started process (PID=731) to work on /opt/airflow/dags/04_parallel_weather.py
[2026-08-24T07:37:50.245+0000] {processor.py:914} INFO - Processing file /opt/airflow/dags/04_parallel_weather.py for tasks to queue
[2026-08-24T07:37:50.247+0000] {logging_mixin.py:190} INFO - [2026-08-24T07:37:50.247+0000] {dagbag.py:588} INFO - Filling up the DagBag from /opt/airflow/dags/04_parallel_weather.py
[2026-08-24T07:37:50.260+0000] {processor.py:925} INFO - DAG(s) 'parallel_weather_dag' retrieved from /opt/airflow/dags/04_parallel_weather.py
[2026-08-24T07:37:50.282+0000] {logging_mixin.py:190} INFO - [2026-08-24T07:37:50.282+0000] {dag.py:3239} INFO - Sync 1 DAGs
[2026-08-24T07:37:50.294+0000] {logging_mixin.py:190} INFO - [2026-08-24T07:37:50.293+0000] {dag.py:4180} INFO - Setting next_dagrun for parallel_weather_dag to None, run_after=None
[2026-08-24T07:37:50.313+0000] {processor.py:208} INFO - Processing /opt/airflow/dags/04_parallel_weather.py took 0.074 seconds
[2026-08-24T07:38:21.047+0000] {processor.py:186} INFO - Started process (PID=742) to work on /opt/airflow/dags/04_parallel_weather.py
[2026-08-24T07:38:21.049+0000] {processor.py:914} INFO - Processing file /opt/airflow/dags/04_parallel_weather.py for tasks to queue
[2026-08-24T07:38:21.052+0000] {logging_mixin.py:190} INFO - [2026-08-24T07:38:21.052+0000] {dagbag.py:588} INFO - Filling up the DagBag from /opt/airflow/dags/04_parallel_weather.py
[2026-08-24T07:38:21.079+0000] {processor.py:925} INFO - DAG(s) 'parallel_weather_dag' retrieved from /opt/airflow/dags/04_parallel_weather.py
[2026-08-24T07:38:21.109+0000] {logging_mixin.py:190} INFO - [2026-08-24T07:38:21.109+0000] {dag.py:3239} INFO - Sync 1 DAGs
[2026-08-24T07:38:21.124+0000] {logging_mixin.py:190} INFO - [2026-08-24T07:38:21.123+0000] {dag.py:4180} INFO - Setting next_dagrun for parallel_weather_dag to None, run_after=None
[2026-08-24T07:38:21.147+0000] {processor.py:208} INFO - Processing /opt/airflow/dags/04_parallel_weather.py took 0.109 seconds
[2026-08-24T07:38:51.995+0000] {processor.py:186} INFO - Started process (PID=753) to work on /opt/airflow/dags/04_parallel_weather.py
[2026-08-24T07:38:51.996+0000] {processor.py:914} INFO - Processing file /opt/airflow/dags/04_parallel_weather.py for tasks to queue
[2026-08-24T07:38:51.999+0000] {logging_mixin.py:190} INFO - [2026-08-24T07:38:51.998+0000] {dagbag.py:588} INFO - Filling up the DagBag from /opt/airflow/dags/04_parallel_weather.py
[2026-08-24T07:38:52.019+0000] {processor.py:925} INFO - DAG(s) 'parallel_weather_dag' retrieved from /opt/airflow/dags/04_parallel_weather.py
[2026-08-24T07:38:52.043+0000] {logging_mixin.py:190} INFO - [2026-08-24T07:38:52.043+0000] {dag.py:3239} INFO - Sync 1 DAGs
[2026-08-24T07:38:52.055+0000] {logging_mixin.py:190} INFO - [2026-08-24T07:38:52.055+0000] {dag.py:4180} INFO - Setting next_dagrun for parallel_weather_dag to None, run_after=None
[2026-08-24T07:38:52.069+0000] {processor.py:208} INFO - Processing /opt/airflow/dags/04_parallel_weather.py took 0.079 seconds
[2026-08-24T07:39:22.825+0000] {processor.py:186} INFO - Started process (PID=764) to work on /opt/airflow/dags/04_parallel_weather.py
[2026-08-24T07:39:22.826+0000] {processor.py:914} INFO - Processing file /opt/airflow/dags/04_parallel_weather.py for tasks to queue
[2026-08-24T07:39:22.828+0000] {logging_mixin.py:190} INFO - [2026-08-24T07:39:22.827+0000] {dagbag.py:588} INFO - Filling up the DagBag from /opt/airflow/dags/04_parallel_weather.py
[2026-08-24T07:39:22.841+0000] {processor.py:925} INFO - DAG(s) 'parallel_weather_dag' retrieved from /opt/airflow/dags/04_parallel_weather.py
[2026-08-24T07:39:22.861+0000] {logging_mixin.py:190} INFO - [2026-08-24T07:39:22.860+0000] {dag.py:3239} INFO - Sync 1 DAGs
[2026-08-24T07:39:22.871+0000] {logging_mixin.py:190} INFO - [2026-08-24T07:39:22.871+0000] {dag.py:4180} INFO - Setting next_dagrun for parallel_weather_dag to None, run_after=None
[2026-08-24T07:39:22.892+0000] {processor.py:208} INFO - Processing /opt/airflow/dags/04_parallel_weather.py took 0.072 seconds
[2026-08-24T07:39:52.959+0000] {processor.py:186} INFO - Started process (PID=775) to work on /opt/airflow/dags/04_parallel_weather.py
[2026-08-24T07:39:52.960+0000] {processor.py:914} INFO - Processing file /opt/airflow/dags/04_parallel_weather.py for tasks to queue
[2026-08-24T07:39:52.963+0000] {logging_mixin.py:190} INFO - [2026-08-24T07:39:52.962+0000] {dagbag.py:588} INFO - Filling up the DagBag from /opt/airflow/dags/04_parallel_weather.py
[2026-08-24T07:39:52.984+0000] {processor.py:925} INFO - DAG(s) 'parallel_weather_dag' retrieved from /opt/airflow/dags/04_parallel_weather.py
[2026-08-24T07:39:53.007+0000] {logging_mixin.py:190} INFO - [2026-08-24T07:39:53.007+0000] {dag.py:3239} INFO - Sync 1 DAGs
[2026-08-24T07:39:53.021+0000] {logging_mixin.py:190} INFO - [2026-08-24T07:39:53.021+0000] {dag.py:4180} INFO - Setting next_dagrun for parallel_weather_dag to None, run_after=None
[2026-08-24T07:39:53.047+0000] {processor.py:208} INFO - Processing /opt/airflow/dags/04_parallel_weather.py took 0.093 seconds
[2026-08-24T07:40:23.770+0000] {processor.py:186} INFO - Started process (PID=792) to work on /opt/airflow/dags/04_parallel_weather.py
[2026-08-24T07:40:23.771+0000] {processor.py:914} INFO - Processing file /opt/airflow/dags/04_parallel_weather.py for tasks to queue
[2026-08-24T07:40:23.775+0000] {logging_mixin.py:190} INFO - [2026-08-24T07:40:23.775+0000] {dagbag.py:588} INFO - Filling up the DagBag from /opt/airflow/dags/04_parallel_weather.py
[2026-08-24T07:40:23.803+0000] {processor.py:925} INFO - DAG(s) 'parallel_weather_dag' retrieved from /opt/airflow/dags/04_parallel_weather.py
[2026-08-24T07:40:23.837+0000] {logging_mixin.py:190} INFO - [2026-08-24T07:40:23.836+0000] {dag.py:3239} INFO - Sync 1 DAGs
[2026-08-24T07:40:23.850+0000] {logging_mixin.py:190} INFO - [2026-08-24T07:40:23.849+0000] {dag.py:4180} INFO - Setting next_dagrun for parallel_weather_dag to None, run_after=None
[2026-08-24T07:40:23.869+0000] {processor.py:208} INFO - Processing /opt/airflow/dags/04_parallel_weather.py took 0.107 seconds
[2026-08-24T07:40:54.043+0000] {processor.py:186} INFO - Started process (PID=803) to work on /opt/airflow/dags/04_parallel_weather.py
[2026-08-24T07:40:54.045+0000] {processor.py:914} INFO - Processing file /opt/airflow/dags/04_parallel_weather.py for tasks to queue
[2026-08-24T07:40:54.050+0000] {logging_mixin.py:190} INFO - [2026-08-24T07:40:54.049+0000] {dagbag.py:588} INFO - Filling up the DagBag from /opt/airflow/dags/04_parallel_weather.py
[2026-08-24T07:40:54.104+0000] {processor.py:925} INFO - DAG(s) 'parallel_weather_dag' retrieved from /opt/airflow/dags/04_parallel_weather.py
[2026-08-24T07:40:54.149+0000] {logging_mixin.py:190} INFO - [2026-08-24T07:40:54.148+0000] {dag.py:3239} INFO - Sync 1 DAGs
[2026-08-24T07:40:54.173+0000] {logging_mixin.py:190} INFO - [2026-08-24T07:40:54.173+0000] {dag.py:4180} INFO - Setting next_dagrun for parallel_weather_dag to None, run_after=None
[2026-08-24T07:40:54.201+0000] {processor.py:208} INFO - Processing /opt/airflow/dags/04_parallel_weather.py took 0.171 seconds
[2026-08-24T07:41:24.450+0000] {processor.py:186} INFO - Started process (PID=814) to work on /opt/airflow/dags/04_parallel_weather.py
[2026-08-24T07:41:24.451+0000] {processor.py:914} INFO - Processing file /opt/airflow/dags/04_parallel_weather.py for tasks to queue
[2026-08-24T07:41:24.453+0000] {logging_mixin.py:190} INFO - [2026-08-24T07:41:24.452+0000] {dagbag.py:588} INFO - Filling up the DagBag from /opt/airflow/dags/04_parallel_weather.py
[2026-08-24T07:41:24.467+0000] {processor.py:925} INFO - DAG(s) 'parallel_weather_dag' retrieved from /opt/airflow/dags/04_parallel_weather.py
[2026-08-24T07:41:24.489+0000] {logging_mixin.py:190} INFO - [2026-08-24T07:41:24.488+0000] {dag.py:3239} INFO - Sync 1 DAGs
[2026-08-24T07:41:24.500+0000] {logging_mixin.py:190} INFO - [2026-08-24T07:41:24.500+0000] {dag.py:4180} INFO - Setting next_dagrun for parallel_weather_dag to None, run_after=None
[2026-08-24T07:41:24.516+0000] {processor.py:208} INFO - Processing /opt/airflow/dags/04_parallel_weather.py took 0.071 seconds
[2026-08-24T07:41:55.651+0000] {processor.py:186} INFO - Started process (PID=825) to work on /opt/airflow/dags/04_parallel_weather.py
[2026-08-24T07:41:55.652+0000] {processor.py:914} INFO - Processing file /opt/airflow/dags/04_parallel_weather.py for tasks to queue
[2026-08-24T07:41:55.655+0000] {logging_mixin.py:190} INFO - [2026-08-24T07:41:55.654+0000] {dagbag.py:588} INFO - Filling up the DagBag from /opt/airflow/dags/04_parallel_weather.py
[2026-08-24T07:41:55.675+0000] {processor.py:925} INFO - DAG(s) 'parallel_weather_dag' retrieved from /opt/airflow/dags/04_parallel_weather.py
[2026-08-24T07:41:55.698+0000] {logging_mixin.py:190} INFO - [2026-08-24T07:41:55.697+0000] {dag.py:3239} INFO - Sync 1 DAGs
[2026-08-24T07:41:55.709+0000] {logging_mixin.py:190} INFO - [2026-08-24T07:41:55.708+0000] {dag.py:4180} INFO - Setting next_dagrun for parallel_weather_dag to None, run_after=None
[2026-08-24T07:41:55.731+0000] {processor.py:208} INFO - Processing /opt/airflow/dags/04_parallel_weather.py took 0.087 seconds
[2026-08-24T07:42:26.781+0000] {processor.py:186} INFO - Started process (PID=842) to work on /opt/airflow/dags/04_parallel_weather.py
[2026-08-24T07:42:26.784+0000] {processor.py:914} INFO - Processing file /opt/airflow/dags/04_parallel_weather.py for tasks to queue
[2026-08-24T07:42:26.788+0000] {logging_mixin.py:190} INFO - [2026-08-24T07:42:26.788+0000] {dagbag.py:588} INFO - Filling up the DagBag from /opt/airflow/dags/04_parallel_weather.py
[2026-08-24T07:42:26.880+0000] {processor.py:925} INFO - DAG(s) 'parallel_weather_dag' retrieved from /opt/airflow/dags/04_parallel_weather.py
[2026-08-24T07:42:26.903+0000] {logging_mixin.py:190} INFO - [2026-08-24T07:42:26.903+0000] {dag.py:3239} INFO - Sync 1 DAGs
[2026-08-24T07:42:26.914+0000] {logging_mixin.py:190} INFO - [2026-08-24T07:42:26.913+0000] {dag.py:4180} INFO - Setting next_dagrun for parallel_weather_dag to None, run_after=None
[2026-08-24T07:42:26.935+0000] {processor.py:208} INFO - Processing /opt/airflow/dags/04_parallel_weather.py took 0.163 seconds
[2026-08-24T07:42:57.767+0000] {processor.py:186} INFO - Started process (PID=853) to work on /opt/airflow/dags/04_parallel_weather.py
[2026-08-24T07:42:57.770+0000] {processor.py:914} INFO - Processing file /opt/airflow/dags/04_parallel_weather.py for tasks to queue
[2026-08-24T07:42:57.773+0000] {logging_mixin.py:190} INFO - [2026-08-24T07:42:57.773+0000] {dagbag.py:588} INFO - Filling up the DagBag from /opt/airflow/dags/04_parallel_weather.py
[2026-08-24T07:42:57.814+0000] {processor.py:925} INFO - DAG(s) 'parallel_weather_dag' retrieved from /opt/airflow/dags/04_parallel_weather.py
[2026-08-24T07:42:57.854+0000] {logging_mixin.py:190} INFO - [2026-08-24T07:42:57.853+0000] {dag.py:3239} INFO - Sync 1 DAGs
[2026-08-24T07:42:57.871+0000] {logging_mixin.py:190} INFO - [2026-08-24T07:42:57.871+0000] {dag.py:4180} INFO - Setting next_dagrun for parallel_weather_dag to None, run_after=None
[2026-08-24T07:42:57.896+0000] {processor.py:208} INFO - Processing /opt/airflow/dags/04_parallel_weather.py took 0.137 seconds
[2026-08-24T07:43:28.643+0000] {processor.py:186} INFO - Started process (PID=864) to work on /opt/airflow/dags/04_parallel_weather.py
[2026-08-24T07:43:28.644+0000] {processor.py:914} INFO - Processing file /opt/airflow/dags/04_parallel_weather.py for tasks to queue
[2026-08-24T07:43:28.648+0000] {logging_mixin.py:190} INFO - [2026-08-24T07:43:28.647+0000] {dagbag.py:588} INFO - Filling up the DagBag from /opt/airflow/dags/04_parallel_weather.py
[2026-08-24T07:43:28.672+0000] {processor.py:925} INFO - DAG(s) 'parallel_weather_dag' retrieved from /opt/airflow/dags/04_parallel_weather.py
[2026-08-24T07:43:28.698+0000] {logging_mixin.py:190} INFO - [2026-08-24T07:43:28.697+0000] {dag.py:3239} INFO - Sync 1 DAGs
[2026-08-24T07:43:28.711+0000] {logging_mixin.py:190} INFO - [2026-08-24T07:43:28.711+0000] {dag.py:4180} INFO - Setting next_dagrun for parallel_weather_dag to None, run_after=None
[2026-08-24T07:43:28.740+0000] {processor.py:208} INFO - Processing /opt/airflow/dags/04_parallel_weather.py took 0.102 seconds
[2026-08-24T07:43:59.567+0000] {processor.py:186} INFO - Started process (PID=875) to work on /opt/airflow/dags/04_parallel_weather.py
[2026-08-24T07:43:59.568+0000] {processor.py:914} INFO - Processing file /opt/airflow/dags/04_parallel_weather.py for tasks to queue
[2026-08-24T07:43:59.570+0000] {logging_mixin.py:190} INFO - [2026-08-24T07:43:59.570+0000] {dagbag.py:588} INFO - Filling up the DagBag from /opt/airflow/dags/04_parallel_weather.py
[2026-08-24T07:43:59.584+0000] {processor.py:925} INFO - DAG(s) 'parallel_weather_dag' retrieved from /opt/airflow/dags/04_parallel_weather.py
[2026-08-24T07:43:59.607+0000] {logging_mixin.py:190} INFO - [2026-08-24T07:43:59.607+0000] {dag.py:3239} INFO - Sync 1 DAGs
[2026-08-24T07:43:59.618+0000] {logging_mixin.py:190} INFO - [2026-08-24T07:43:59.618+0000] {dag.py:4180} INFO - Setting next_dagrun for parallel_weather_dag to None, run_after=None
[2026-08-24T07:43:59.632+0000] {processor.py:208} INFO - Processing /opt/airflow/dags/04_parallel_weather.py took 0.069 seconds
[2026-08-24T07:44:30.384+0000] {processor.py:186} INFO - Started process (PID=886) to work on /opt/airflow/dags/04_parallel_weather.py
[2026-08-24T07:44:30.384+0000] {processor.py:914} INFO - Processing file /opt/airflow/dags/04_parallel_weather.py for tasks to queue
[2026-08-24T07:44:30.388+0000] {logging_mixin.py:190} INFO - [2026-08-24T07:44:30.387+0000] {dagbag.py:588} INFO - Filling up the DagBag from /opt/airflow/dags/04_parallel_weather.py
[2026-08-24T07:44:30.420+0000] {processor.py:925} INFO - DAG(s) 'parallel_weather_dag' retrieved from /opt/airflow/dags/04_parallel_weather.py
[2026-08-24T07:44:30.442+0000] {logging_mixin.py:190} INFO - [2026-08-24T07:44:30.442+0000] {dag.py:3239} INFO - Sync 1 DAGs
[2026-08-24T07:44:30.452+0000] {logging_mixin.py:190} INFO - [2026-08-24T07:44:30.452+0000] {dag.py:4180} INFO - Setting next_dagrun for parallel_weather_dag to None, run_after=None
[2026-08-24T07:44:30.473+0000] {processor.py:208} INFO - Processing /opt/airflow/dags/04_parallel_weather.py took 0.095 seconds
[2026-08-24T07:45:01.280+0000] {processor.py:186} INFO - Started process (PID=897) to work on /opt/airflow/dags/04_parallel_weather.py
[2026-08-24T07:45:01.282+0000] {processor.py:914} INFO - Processing file /opt/airflow/dags/04_parallel_weather.py for tasks to queue
[2026-08-24T07:45:01.286+0000] {logging_mixin.py:190} INFO - [2026-08-24T07:45:01.285+0000] {dagbag.py:588} INFO - Filling up the DagBag from /opt/airflow/dags/04_parallel_weather.py
[2026-08-24T07:45:01.317+0000] {processor.py:925} INFO - DAG(s) 'parallel_weather_dag' retrieved from /opt/airflow/dags/04_parallel_weather.py
[2026-08-24T07:45:01.348+0000] {logging_mixin.py:190} INFO - [2026-08-24T07:45:01.348+0000] {dag.py:3239} INFO - Sync 1 DAGs
[2026-08-24T07:45:01.367+0000] {logging_mixin.py:190} INFO - [2026-08-24T07:45:01.367+0000] {dag.py:4180} INFO - Setting next_dagrun for parallel_weather_dag to None, run_after=None
[2026-08-24T07:45:01.389+0000] {processor.py:208} INFO - Processing /opt/airflow/dags/04_parallel_weather.py took 0.116 seconds
[2026-08-24T07:45:32.210+0000] {processor.py:186} INFO - Started process (PID=908) to work on /opt/airflow/dags/04_parallel_weather.py
[2026-08-24T07:45:32.211+0000] {processor.py:914} INFO - Processing file /opt/airflow/dags/04_parallel_weather.py for tasks to queue
[2026-08-24T07:45:32.213+0000] {logging_mixin.py:190} INFO - [2026-08-24T07:45:32.213+0000] {dagbag.py:588} INFO - Filling up the DagBag from /opt/airflow/dags/04_parallel_weather.py
[2026-08-24T07:45:32.227+0000] {processor.py:925} INFO - DAG(s) 'parallel_weather_dag' retrieved from /opt/airflow/dags/04_parallel_weather.py
[2026-08-24T07:45:32.247+0000] {logging_mixin.py:190} INFO - [2026-08-24T07:45:32.247+0000] {dag.py:3239} INFO - Sync 1 DAGs
[2026-08-24T07:45:32.257+0000] {logging_mixin.py:190} INFO - [2026-08-24T07:45:32.257+0000] {dag.py:4180} INFO - Setting next_dagrun for parallel_weather_dag to None, run_after=None
[2026-08-24T07:45:32.279+0000] {processor.py:208} INFO - Processing /opt/airflow/dags/04_parallel_weather.py took 0.074 seconds
[2026-08-24T07:46:03.022+0000] {processor.py:186} INFO - Started process (PID=919) to work on /opt/airflow/dags/04_parallel_weather.py
[2026-08-24T07:46:03.023+0000] {processor.py:914} INFO - Processing file /opt/airflow/dags/04_parallel_weather.py for tasks to queue
[2026-08-24T07:46:03.026+0000] {logging_mixin.py:190} INFO - [2026-08-24T07:46:03.026+0000] {dagbag.py:588} INFO - Filling up the DagBag from /opt/airflow/dags/04_parallel_weather.py
[2026-08-24T07:46:03.045+0000] {processor.py:925} INFO - DAG(s) 'parallel_weather_dag' retrieved from /opt/airflow/dags/04_parallel_weather.py
[2026-08-24T07:46:03.068+0000] {logging_mixin.py:190} INFO - [2026-08-24T07:46:03.068+0000] {dag.py:3239} INFO - Sync 1 DAGs
[2026-08-24T07:46:03.083+0000] {logging_mixin.py:190} INFO - [2026-08-24T07:46:03.083+0000] {dag.py:4180} INFO - Setting next_dagrun for parallel_weather_dag to None, run_after=None
[2026-08-24T07:46:03.105+0000] {processor.py:208} INFO - Processing /opt/airflow/dags/04_parallel_weather.py took 0.087 seconds
[2026-08-24T07:46:33.997+0000] {processor.py:186} INFO - Started process (PID=930) to work on /opt/airflow/dags/04_parallel_weather.py
[2026-08-24T07:46:33.998+0000] {processor.py:914} INFO - Processing file /opt/airflow/dags/04_parallel_weather.py for tasks to queue
[2026-08-24T07:46:34.000+0000] {logging_mixin.py:190} INFO - [2026-08-24T07:46:34.000+0000] {dagbag.py:588} INFO - Filling up the DagBag from /opt/airflow/dags/04_parallel_weather.py
[2026-08-24T07:46:34.020+0000] {processor.py:925} INFO - DAG(s) 'parallel_weather_dag' retrieved from /opt/airflow/dags/04_parallel_weather.py
[2026-08-24T07:46:34.043+0000] {logging_mixin.py:190} INFO - [2026-08-24T07:46:34.042+0000] {dag.py:3239} INFO - Sync 1 DAGs
[2026-08-24T07:46:34.054+0000] {logging_mixin.py:190} INFO - [2026-08-24T07:46:34.054+0000] {dag.py:4180} INFO - Setting next_dagrun for parallel_weather_dag to None, run_after=None
[2026-08-24T07:46:34.087+0000] {processor.py:208} INFO - Processing /opt/airflow/dags/04_parallel_weather.py took 0.096 seconds
[2026-08-24T07:47:04.204+0000] {processor.py:186} INFO - Started process (PID=947) to work on /opt/airflow/dags/04_parallel_weather.py
[2026-08-24T07:47:04.206+0000] {processor.py:914} INFO - Processing file /opt/airflow/dags/04_parallel_weather.py for tasks to queue
[2026-08-24T07:47:04.210+0000] {logging_mixin.py:190} INFO - [2026-08-24T07:47:04.209+0000] {dagbag.py:588} INFO - Filling up the DagBag from /opt/airflow/dags/04_parallel_weather.py
[2026-08-24T07:47:04.268+0000] {processor.py:925} INFO - DAG(s) 'parallel_weather_dag' retrieved from /opt/airflow/dags/04_parallel_weather.py
[2026-08-24T07:47:04.324+0000] {logging_mixin.py:190} INFO - [2026-08-24T07:47:04.323+0000] {dag.py:3239} INFO - Sync 1 DAGs
[2026-08-24T07:47:04.350+0000] {logging_mixin.py:190} INFO - [2026-08-24T07:47:04.350+0000] {dag.py:4180} INFO - Setting next_dagrun for parallel_weather_dag to None, run_after=None
[2026-08-24T07:47:04.374+0000] {processor.py:208} INFO - Processing /opt/airflow/dags/04_parallel_weather.py took 0.181 seconds
[2026-08-24T07:47:34.438+0000] {processor.py:186} INFO - Started process (PID=958) to work on /opt/airflow/dags/04_parallel_weather.py
[2026-08-24T07:47:34.439+0000] {processor.py:914} INFO - Processing file /opt/airflow/dags/04_parallel_weather.py for tasks to queue
[2026-08-24T07:47:34.441+0000] {logging_mixin.py:190} INFO - [2026-08-24T07:47:34.441+0000] {dagbag.py:588} INFO - Filling up the DagBag from /opt/airflow/dags/04_parallel_weather.py
[2026-08-24T07:47:34.460+0000] {processor.py:925} INFO - DAG(s) 'parallel_weather_dag' retrieved from /opt/airflow/dags/04_parallel_weather.py
[2026-08-24T07:47:34.481+0000] {logging_mixin.py:190} INFO - [2026-08-24T07:47:34.481+0000] {dag.py:3239} INFO - Sync 1 DAGs
[2026-08-24T07:47:34.491+0000] {logging_mixin.py:190} INFO - [2026-08-24T07:47:34.491+0000] {dag.py:4180} INFO - Setting next_dagrun for parallel_weather_dag to None, run_after=None
[2026-08-24T07:47:34.514+0000] {processor.py:208} INFO - Processing /opt/airflow/dags/04_parallel_weather.py took 0.083 seconds
[2026-08-24T07:48:05.446+0000] {processor.py:186} INFO - Started process (PID=970) to work on /opt/airflow/dags/04_parallel_weather.py
[2026-08-24T07:48:05.447+0000] {processor.py:914} INFO - Processing file /opt/airflow/dags/04_parallel_weather.py for tasks to queue
[2026-08-24T07:48:05.449+0000] {logging_mixin.py:190} INFO - [2026-08-24T07:48:05.449+0000] {dagbag.py:588} INFO - Filling up the DagBag from /opt/airflow/dags/04_parallel_weather.py
[2026-08-24T07:48:05.463+0000] {processor.py:925} INFO - DAG(s) 'parallel_weather_dag' retrieved from /opt/airflow/dags/04_parallel_weather.py
[2026-08-24T07:48:05.485+0000] {logging_mixin.py:190} INFO - [2026-08-24T07:48:05.485+0000] {dag.py:3239} INFO - Sync 1 DAGs
[2026-08-24T07:48:05.496+0000] {logging_mixin.py:190} INFO - [2026-08-24T07:48:05.496+0000] {dag.py:4180} INFO - Setting next_dagrun for parallel_weather_dag to None, run_after=None
[2026-08-24T07:48:05.512+0000] {processor.py:208} INFO - Processing /opt/airflow/dags/04_parallel_weather.py took 0.070 seconds
[2026-08-24T07:48:36.558+0000] {processor.py:186} INFO - Started process (PID=981) to work on /opt/airflow/dags/04_parallel_weather.py
[2026-08-24T07:48:36.561+0000] {processor.py:914} INFO - Processing file /opt/airflow/dags/04_parallel_weather.py for tasks to queue
[2026-08-24T07:48:36.564+0000] {logging_mixin.py:190} INFO - [2026-08-24T07:48:36.563+0000] {dagbag.py:588} INFO - Filling up the DagBag from /opt/airflow/dags/04_parallel_weather.py
[2026-08-24T07:48:36.618+0000] {processor.py:925} INFO - DAG(s) 'parallel_weather_dag' retrieved from /opt/airflow/dags/04_parallel_weather.py
[2026-08-24T07:48:36.639+0000] {logging_mixin.py:190} INFO - [2026-08-24T07:48:36.639+0000] {dag.py:3239} INFO - Sync 1 DAGs
[2026-08-24T07:48:36.651+0000] {logging_mixin.py:190} INFO - [2026-08-24T07:48:36.650+0000] {dag.py:4180} INFO - Setting next_dagrun for parallel_weather_dag to None, run_after=None
[2026-08-24T07:48:36.686+0000] {processor.py:208} INFO - Processing /opt/airflow/dags/04_parallel_weather.py took 0.137 seconds
[2026-08-24T07:49:07.447+0000] {processor.py:186} INFO - Started process (PID=992) to work on /opt/airflow/dags/04_parallel_weather.py
[2026-08-24T07:49:07.449+0000] {processor.py:914} INFO - Processing file /opt/airflow/dags/04_parallel_weather.py for tasks to queue
[2026-08-24T07:49:07.452+0000] {logging_mixin.py:190} INFO - [2026-08-24T07:49:07.452+0000] {dagbag.py:588} INFO - Filling up the DagBag from /opt/airflow/dags/04_parallel_weather.py
[2026-08-24T07:49:07.478+0000] {processor.py:925} INFO - DAG(s) 'parallel_weather_dag' retrieved from /opt/airflow/dags/04_parallel_weather.py
[2026-08-24T07:49:07.509+0000] {logging_mixin.py:190} INFO - [2026-08-24T07:49:07.508+0000] {dag.py:3239} INFO - Sync 1 DAGs
[2026-08-24T07:49:07.524+0000] {logging_mixin.py:190} INFO - [2026-08-24T07:49:07.524+0000] {dag.py:4180} INFO - Setting next_dagrun for parallel_weather_dag to None, run_after=None
[2026-08-24T07:49:07.548+0000] {processor.py:208} INFO - Processing /opt/airflow/dags/04_parallel_weather.py took 0.106 seconds
[2026-08-24T07:49:37.773+0000] {processor.py:186} INFO - Started process (PID=1003) to work on /opt/airflow/dags/04_parallel_weather.py
[2026-08-24T07:49:37.775+0000] {processor.py:914} INFO - Processing file /opt/airflow/dags/04_parallel_weather.py for tasks to queue
[2026-08-24T07:49:37.777+0000] {logging_mixin.py:190} INFO - [2026-08-24T07:49:37.777+0000] {dagbag.py:588} INFO - Filling up the DagBag from /opt/airflow/dags/04_parallel_weather.py
[2026-08-24T07:49:37.813+0000] {processor.py:925} INFO - DAG(s) 'parallel_weather_dag' retrieved from /opt/airflow/dags/04_parallel_weather.py
[2026-08-24T07:49:37.847+0000] {logging_mixin.py:190} INFO - [2026-08-24T07:49:37.847+0000] {dag.py:3239} INFO - Sync 1 DAGs
[2026-08-24T07:49:37.861+0000] {logging_mixin.py:190} INFO - [2026-08-24T07:49:37.861+0000] {dag.py:4180} INFO - Setting next_dagrun for parallel_weather_dag to None, run_after=None
[2026-08-24T07:49:37.880+0000] {processor.py:208} INFO - Processing /opt/airflow/dags/04_parallel_weather.py took 0.113 seconds
[2026-08-24T07:50:09.110+0000] {processor.py:186} INFO - Started process (PID=1014) to work on /opt/airflow/dags/04_parallel_weather.py
[2026-08-24T07:50:09.119+0000] {processor.py:914} INFO - Processing file /opt/airflow/dags/04_parallel_weather.py for tasks to queue
[2026-08-24T07:50:09.127+0000] {logging_mixin.py:190} INFO - [2026-08-24T07:50:09.126+0000] {dagbag.py:588} INFO - Filling up the DagBag from /opt/airflow/dags/04_parallel_weather.py
[2026-08-24T07:50:09.449+0000] {processor.py:925} INFO - DAG(s) 'parallel_weather_dag' retrieved from /opt/airflow/dags/04_parallel_weather.py
[2026-08-24T07:50:09.517+0000] {logging_mixin.py:190} INFO - [2026-08-24T07:50:09.517+0000] {dag.py:3239} INFO - Sync 1 DAGs
[2026-08-24T07:50:09.556+0000] {logging_mixin.py:190} INFO - [2026-08-24T07:50:09.556+0000] {dag.py:4180} INFO - Setting next_dagrun for parallel_weather_dag to None, run_after=None
[2026-08-24T07:50:09.636+0000] {processor.py:208} INFO - Processing /opt/airflow/dags/04_parallel_weather.py took 0.540 seconds
[2026-08-24T07:50:40.608+0000] {processor.py:186} INFO - Started process (PID=1025) to work on /opt/airflow/dags/04_parallel_weather.py
[2026-08-24T07:50:40.614+0000] {processor.py:914} INFO - Processing file /opt/airflow/dags/04_parallel_weather.py for tasks to queue
[2026-08-24T07:50:40.618+0000] {logging_mixin.py:190} INFO - [2026-08-24T07:50:40.617+0000] {dagbag.py:588} INFO - Filling up the DagBag from /opt/airflow/dags/04_parallel_weather.py
[2026-08-24T07:50:40.811+0000] {processor.py:925} INFO - DAG(s) 'parallel_weather_dag' retrieved from /opt/airflow/dags/04_parallel_weather.py
[2026-08-24T07:50:40.845+0000] {logging_mixin.py:190} INFO - [2026-08-24T07:50:40.845+0000] {dag.py:3239} INFO - Sync 1 DAGs
[2026-08-24T07:50:40.865+0000] {logging_mixin.py:190} INFO - [2026-08-24T07:50:40.865+0000] {dag.py:4180} INFO - Setting next_dagrun for parallel_weather_dag to None, run_after=None
[2026-08-24T07:50:40.909+0000] {processor.py:208} INFO - Processing /opt/airflow/dags/04_parallel_weather.py took 0.308 seconds
[2026-08-24T07:51:11.634+0000] {processor.py:186} INFO - Started process (PID=1036) to work on /opt/airflow/dags/04_parallel_weather.py
[2026-08-24T07:51:11.642+0000] {processor.py:914} INFO - Processing file /opt/airflow/dags/04_parallel_weather.py for tasks to queue
[2026-08-24T07:51:11.650+0000] {logging_mixin.py:190} INFO - [2026-08-24T07:51:11.649+0000] {dagbag.py:588} INFO - Filling up the DagBag from /opt/airflow/dags/04_parallel_weather.py
[2026-08-24T07:51:12.129+0000] {processor.py:925} INFO - DAG(s) 'parallel_weather_dag' retrieved from /opt/airflow/dags/04_parallel_weather.py
[2026-08-24T07:51:12.210+0000] {logging_mixin.py:190} INFO - [2026-08-24T07:51:12.210+0000] {dag.py:3239} INFO - Sync 1 DAGs
[2026-08-24T07:51:12.245+0000] {logging_mixin.py:190} INFO - [2026-08-24T07:51:12.244+0000] {dag.py:4180} INFO - Setting next_dagrun for parallel_weather_dag to None, run_after=None
[2026-08-24T07:51:12.325+0000] {processor.py:208} INFO - Processing /opt/airflow/dags/04_parallel_weather.py took 0.700 seconds
[2026-08-24T07:51:43.006+0000] {processor.py:186} INFO - Started process (PID=1047) to work on /opt/airflow/dags/04_parallel_weather.py
[2026-08-24T07:51:43.007+0000] {processor.py:914} INFO - Processing file /opt/airflow/dags/04_parallel_weather.py for tasks to queue
[2026-08-24T07:51:43.009+0000] {logging_mixin.py:190} INFO - [2026-08-24T07:51:43.009+0000] {dagbag.py:588} INFO - Filling up the DagBag from /opt/airflow/dags/04_parallel_weather.py
[2026-08-24T07:51:43.040+0000] {processor.py:925} INFO - DAG(s) 'parallel_weather_dag' retrieved from /opt/airflow/dags/04_parallel_weather.py
[2026-08-24T07:51:43.069+0000] {logging_mixin.py:190} INFO - [2026-08-24T07:51:43.069+0000] {dag.py:3239} INFO - Sync 1 DAGs
[2026-08-24T07:51:43.084+0000] {logging_mixin.py:190} INFO - [2026-08-24T07:51:43.084+0000] {dag.py:4180} INFO - Setting next_dagrun for parallel_weather_dag to None, run_after=None
[2026-08-24T07:51:43.106+0000] {processor.py:208} INFO - Processing /opt/airflow/dags/04_parallel_weather.py took 0.105 seconds
[2026-08-24T07:52:13.786+0000] {processor.py:186} INFO - Started process (PID=1058) to work on /opt/airflow/dags/04_parallel_weather.py
[2026-08-24T07:52:13.787+0000] {processor.py:914} INFO - Processing file /opt/airflow/dags/04_parallel_weather.py for tasks to queue
[2026-08-24T07:52:13.789+0000] {logging_mixin.py:190} INFO - [2026-08-24T07:52:13.789+0000] {dagbag.py:588} INFO - Filling up the DagBag from /opt/airflow/dags/04_parallel_weather.py
[2026-08-24T07:52:13.810+0000] {processor.py:925} INFO - DAG(s) 'parallel_weather_dag' retrieved from /opt/airflow/dags/04_parallel_weather.py
[2026-08-24T07:52:13.835+0000] {logging_mixin.py:190} INFO - [2026-08-24T07:52:13.835+0000] {dag.py:3239} INFO - Sync 1 DAGs
[2026-08-24T07:52:13.848+0000] {logging_mixin.py:190} INFO - [2026-08-24T07:52:13.848+0000] {dag.py:4180} INFO - Setting next_dagrun for parallel_weather_dag to None, run_after=None
[2026-08-24T07:52:13.898+0000] {processor.py:208} INFO - Processing /opt/airflow/dags/04_parallel_weather.py took 0.118 seconds
[2026-08-24T07:52:44.393+0000] {processor.py:186} INFO - Started process (PID=1069) to work on /opt/airflow/dags/04_parallel_weather.py
[2026-08-24T07:52:44.394+0000] {processor.py:914} INFO - Processing file /opt/airflow/dags/04_parallel_weather.py for tasks to queue
[2026-08-24T07:52:44.396+0000] {logging_mixin.py:190} INFO - [2026-08-24T07:52:44.396+0000] {dagbag.py:588} INFO - Filling up the DagBag from /opt/airflow/dags/04_parallel_weather.py
[2026-08-24T07:52:44.413+0000] {processor.py:925} INFO - DAG(s) 'parallel_weather_dag' retrieved from /opt/airflow/dags/04_parallel_weather.py
[2026-08-24T07:52:44.438+0000] {logging_mixin.py:190} INFO - [2026-08-24T07:52:44.438+0000] {dag.py:3239} INFO - Sync 1 DAGs
[2026-08-24T07:52:44.451+0000] {logging_mixin.py:190} INFO - [2026-08-24T07:52:44.451+0000] {dag.py:4180} INFO - Setting next_dagrun for parallel_weather_dag to None, run_after=None
[2026-08-24T07:52:44.466+0000] {processor.py:208} INFO - Processing /opt/airflow/dags/04_parallel_weather.py took 0.079 seconds
[2026-08-24T07:53:15.210+0000] {processor.py:186} INFO - Started process (PID=1080) to work on /opt/airflow/dags/04_parallel_weather.py
[2026-08-24T07:53:15.211+0000] {processor.py:914} INFO - Processing file /opt/airflow/dags/04_parallel_weather.py for tasks to queue
[2026-08-24T07:53:15.213+0000] {logging_mixin.py:190} INFO - [2026-08-24T07:53:15.213+0000] {dagbag.py:588} INFO - Filling up the DagBag from /opt/airflow/dags/04_parallel_weather.py
[2026-08-24T07:53:15.228+0000] {processor.py:925} INFO - DAG(s) 'parallel_weather_dag' retrieved from /opt/airflow/dags/04_parallel_weather.py
[2026-08-24T07:53:15.250+0000] {logging_mixin.py:190} INFO - [2026-08-24T07:53:15.249+0000] {dag.py:3239} INFO - Sync 1 DAGs
[2026-08-24T07:53:15.261+0000] {logging_mixin.py:190} INFO - [2026-08-24T07:53:15.261+0000] {dag.py:4180} INFO - Setting next_dagrun for parallel_weather_dag to None, run_after=None
[2026-08-24T07:53:15.280+0000] {processor.py:208} INFO - Processing /opt/airflow/dags/04_parallel_weather.py took 0.075 seconds
[2026-08-24T07:53:45.887+0000] {processor.py:186} INFO - Started process (PID=1091) to work on /opt/airflow/dags/04_parallel_weather.py
[2026-08-24T07:53:45.891+0000] {processor.py:914} INFO - Processing file /opt/airflow/dags/04_parallel_weather.py for tasks to queue
[2026-08-24T07:53:45.896+0000] {logging_mixin.py:190} INFO - [2026-08-24T07:53:45.895+0000] {dagbag.py:588} INFO - Filling up the DagBag from /opt/airflow/dags/04_parallel_weather.py
[2026-08-24T07:53:45.937+0000] {processor.py:925} INFO - DAG(s) 'parallel_weather_dag' retrieved from /opt/airflow/dags/04_parallel_weather.py
[2026-08-24T07:53:45.966+0000] {logging_mixin.py:190} INFO - [2026-08-24T07:53:45.966+0000] {dag.py:3239} INFO - Sync 1 DAGs
[2026-08-24T07:53:45.979+0000] {logging_mixin.py:190} INFO - [2026-08-24T07:53:45.979+0000] {dag.py:4180} INFO - Setting next_dagrun for parallel_weather_dag to None, run_after=None
[2026-08-24T07:53:45.992+0000] {processor.py:208} INFO - Processing /opt/airflow/dags/04_parallel_weather.py took 0.111 seconds
[2026-08-24T07:54:16.577+0000] {processor.py:186} INFO - Started process (PID=1102) to work on /opt/airflow/dags/04_parallel_weather.py
[2026-08-24T07:54:16.578+0000] {processor.py:914} INFO - Processing file /opt/airflow/dags/04_parallel_weather.py for tasks to queue
[2026-08-24T07:54:16.581+0000] {logging_mixin.py:190} INFO - [2026-08-24T07:54:16.581+0000] {dagbag.py:588} INFO - Filling up the DagBag from /opt/airflow/dags/04_parallel_weather.py
[2026-08-24T07:54:16.602+0000] {processor.py:925} INFO - DAG(s) 'parallel_weather_dag' retrieved from /opt/airflow/dags/04_parallel_weather.py
[2026-08-24T07:54:16.625+0000] {logging_mixin.py:190} INFO - [2026-08-24T07:54:16.625+0000] {dag.py:3239} INFO - Sync 1 DAGs
[2026-08-24T07:54:16.637+0000] {logging_mixin.py:190} INFO - [2026-08-24T07:54:16.637+0000] {dag.py:4180} INFO - Setting next_dagrun for parallel_weather_dag to None, run_after=None
[2026-08-24T07:54:16.654+0000] {processor.py:208} INFO - Processing /opt/airflow/dags/04_parallel_weather.py took 0.082 seconds
[2026-08-24T07:54:47.437+0000] {processor.py:186} INFO - Started process (PID=1113) to work on /opt/airflow/dags/04_parallel_weather.py
[2026-08-24T07:54:47.438+0000] {processor.py:914} INFO - Processing file /opt/airflow/dags/04_parallel_weather.py for tasks to queue
[2026-08-24T07:54:47.440+0000] {logging_mixin.py:190} INFO - [2026-08-24T07:54:47.440+0000] {dagbag.py:588} INFO - Filling up the DagBag from /opt/airflow/dags/04_parallel_weather.py
[2026-08-24T07:54:47.455+0000] {processor.py:925} INFO - DAG(s) 'parallel_weather_dag' retrieved from /opt/airflow/dags/04_parallel_weather.py
[2026-08-24T07:54:47.478+0000] {logging_mixin.py:190} INFO - [2026-08-24T07:54:47.477+0000] {dag.py:3239} INFO - Sync 1 DAGs
[2026-08-24T07:54:47.489+0000] {logging_mixin.py:190} INFO - [2026-08-24T07:54:47.489+0000] {dag.py:4180} INFO - Setting next_dagrun for parallel_weather_dag to None, run_after=None
[2026-08-24T07:54:47.507+0000] {processor.py:208} INFO - Processing /opt/airflow/dags/04_parallel_weather.py took 0.076 seconds
[2026-08-24T07:55:18.193+0000] {processor.py:186} INFO - Started process (PID=1124) to work on /opt/airflow/dags/04_parallel_weather.py
[2026-08-24T07:55:18.194+0000] {processor.py:914} INFO - Processing file /opt/airflow/dags/04_parallel_weather.py for tasks to queue
[2026-08-24T07:55:18.196+0000] {logging_mixin.py:190} INFO - [2026-08-24T07:55:18.195+0000] {dagbag.py:588} INFO - Filling up the DagBag from /opt/airflow/dags/04_parallel_weather.py
[2026-08-24T07:55:18.211+0000] {processor.py:925} INFO - DAG(s) 'parallel_weather_dag' retrieved from /opt/airflow/dags/04_parallel_weather.py
[2026-08-24T07:55:18.236+0000] {logging_mixin.py:190} INFO - [2026-08-24T07:55:18.236+0000] {dag.py:3239} INFO - Sync 1 DAGs
[2026-08-24T07:55:18.247+0000] {logging_mixin.py:190} INFO - [2026-08-24T07:55:18.247+0000] {dag.py:4180} INFO - Setting next_dagrun for parallel_weather_dag to None, run_after=None
[2026-08-24T07:55:18.267+0000] {processor.py:208} INFO - Processing /opt/airflow/dags/04_parallel_weather.py took 0.079 seconds
[2026-08-24T07:55:49.145+0000] {processor.py:186} INFO - Started process (PID=1135) to work on /opt/airflow/dags/04_parallel_weather.py
[2026-08-24T07:55:49.147+0000] {processor.py:914} INFO - Processing file /opt/airflow/dags/04_parallel_weather.py for tasks to queue
[2026-08-24T07:55:49.150+0000] {logging_mixin.py:190} INFO - [2026-08-24T07:55:49.149+0000] {dagbag.py:588} INFO - Filling up the DagBag from /opt/airflow/dags/04_parallel_weather.py
[2026-08-24T07:55:49.164+0000] {processor.py:925} INFO - DAG(s) 'parallel_weather_dag' retrieved from /opt/airflow/dags/04_parallel_weather.py
[2026-08-24T07:55:49.187+0000] {logging_mixin.py:190} INFO - [2026-08-24T07:55:49.186+0000] {dag.py:3239} INFO - Sync 1 DAGs
[2026-08-24T07:55:49.199+0000] {logging_mixin.py:190} INFO - [2026-08-24T07:55:49.198+0000] {dag.py:4180} INFO - Setting next_dagrun for parallel_weather_dag to None, run_after=None
[2026-08-24T07:55:49.265+0000] {processor.py:208} INFO - Processing /opt/airflow/dags/04_parallel_weather.py took 0.125 seconds
[2026-08-24T07:56:20.246+0000] {processor.py:186} INFO - Started process (PID=1146) to work on /opt/airflow/dags/04_parallel_weather.py
[2026-08-24T07:56:20.246+0000] {processor.py:914} INFO - Processing file /opt/airflow/dags/04_parallel_weather.py for tasks to queue
[2026-08-24T07:56:20.249+0000] {logging_mixin.py:190} INFO - [2026-08-24T07:56:20.248+0000] {dagbag.py:588} INFO - Filling up the DagBag from /opt/airflow/dags/04_parallel_weather.py
[2026-08-24T07:56:20.263+0000] {processor.py:925} INFO - DAG(s) 'parallel_weather_dag' retrieved from /opt/airflow/dags/04_parallel_weather.py
[2026-08-24T07:56:20.285+0000] {logging_mixin.py:190} INFO - [2026-08-24T07:56:20.285+0000] {dag.py:3239} INFO - Sync 1 DAGs
[2026-08-24T07:56:20.297+0000] {logging_mixin.py:190} INFO - [2026-08-24T07:56:20.297+0000] {dag.py:4180} INFO - Setting next_dagrun for parallel_weather_dag to None, run_after=None
[2026-08-24T07:56:20.317+0000] {processor.py:208} INFO - Processing /opt/airflow/dags/04_parallel_weather.py took 0.076 seconds
[2026-08-24T07:56:50.642+0000] {processor.py:186} INFO - Started process (PID=1157) to work on /opt/airflow/dags/04_parallel_weather.py
[2026-08-24T07:56:50.643+0000] {processor.py:914} INFO - Processing file /opt/airflow/dags/04_parallel_weather.py for tasks to queue
[2026-08-24T07:56:50.646+0000] {logging_mixin.py:190} INFO - [2026-08-24T07:56:50.645+0000] {dagbag.py:588} INFO - Filling up the DagBag from /opt/airflow/dags/04_parallel_weather.py
[2026-08-24T07:56:50.666+0000] {processor.py:925} INFO - DAG(s) 'parallel_weather_dag' retrieved from /opt/airflow/dags/04_parallel_weather.py
[2026-08-24T07:56:50.693+0000] {logging_mixin.py:190} INFO - [2026-08-24T07:56:50.693+0000] {dag.py:3239} INFO - Sync 1 DAGs
[2026-08-24T07:56:50.705+0000] {logging_mixin.py:190} INFO - [2026-08-24T07:56:50.705+0000] {dag.py:4180} INFO - Setting next_dagrun for parallel_weather_dag to None, run_after=None
[2026-08-24T07:56:50.724+0000] {processor.py:208} INFO - Processing /opt/airflow/dags/04_parallel_weather.py took 0.087 seconds
[2026-08-24T07:57:20.974+0000] {processor.py:186} INFO - Started process (PID=1168) to work on /opt/airflow/dags/04_parallel_weather.py
[2026-08-24T07:57:20.976+0000] {processor.py:914} INFO - Processing file /opt/airflow/dags/04_parallel_weather.py for tasks to queue
[2026-08-24T07:57:20.983+0000] {logging_mixin.py:190} INFO - [2026-08-24T07:57:20.982+0000] {dagbag.py:588} INFO - Filling up the DagBag from /opt/airflow/dags/04_parallel_weather.py
[2026-08-24T07:57:21.024+0000] {processor.py:925} INFO - DAG(s) 'parallel_weather_dag' retrieved from /opt/airflow/dags/04_parallel_weather.py
[2026-08-24T07:57:21.059+0000] {logging_mixin.py:190} INFO - [2026-08-24T07:57:21.059+0000] {dag.py:3239} INFO - Sync 1 DAGs
[2026-08-24T07:57:21.076+0000] {logging_mixin.py:190} INFO - [2026-08-24T07:57:21.076+0000] {dag.py:4180} INFO - Setting next_dagrun for parallel_weather_dag to None, run_after=None
[2026-08-24T07:57:21.104+0000] {processor.py:208} INFO - Processing /opt/airflow/dags/04_parallel_weather.py took 0.142 seconds
[2026-08-24T07:57:51.289+0000] {processor.py:186} INFO - Started process (PID=1179) to work on /opt/airflow/dags/04_parallel_weather.py
[2026-08-24T07:57:51.291+0000] {processor.py:914} INFO - Processing file /opt/airflow/dags/04_parallel_weather.py for tasks to queue
[2026-08-24T07:57:51.295+0000] {logging_mixin.py:190} INFO - [2026-08-24T07:57:51.294+0000] {dagbag.py:588} INFO - Filling up the DagBag from /opt/airflow/dags/04_parallel_weather.py
[2026-08-24T07:57:51.336+0000] {processor.py:925} INFO - DAG(s) 'parallel_weather_dag' retrieved from /opt/airflow/dags/04_parallel_weather.py
[2026-08-24T07:57:51.362+0000] {logging_mixin.py:190} INFO - [2026-08-24T07:57:51.361+0000] {dag.py:3239} INFO - Sync 1 DAGs
[2026-08-24T07:57:51.373+0000] {logging_mixin.py:190} INFO - [2026-08-24T07:57:51.373+0000] {dag.py:4180} INFO - Setting next_dagrun for parallel_weather_dag to None, run_after=None
[2026-08-24T07:57:51.391+0000] {processor.py:208} INFO - Processing /opt/airflow/dags/04_parallel_weather.py took 0.119 seconds
[2026-08-24T07:58:22.548+0000] {processor.py:186} INFO - Started process (PID=1190) to work on /opt/airflow/dags/04_parallel_weather.py
[2026-08-24T07:58:22.550+0000] {processor.py:914} INFO - Processing file /opt/airflow/dags/04_parallel_weather.py for tasks to queue
[2026-08-24T07:58:22.557+0000] {logging_mixin.py:190} INFO - [2026-08-24T07:58:22.556+0000] {dagbag.py:588} INFO - Filling up the DagBag from /opt/airflow/dags/04_parallel_weather.py
[2026-08-24T07:58:22.630+0000] {processor.py:925} INFO - DAG(s) 'parallel_weather_dag' retrieved from /opt/airflow/dags/04_parallel_weather.py
[2026-08-24T07:58:22.683+0000] {logging_mixin.py:190} INFO - [2026-08-24T07:58:22.682+0000] {dag.py:3239} INFO - Sync 1 DAGs
[2026-08-24T07:58:22.708+0000] {logging_mixin.py:190} INFO - [2026-08-24T07:58:22.707+0000] {dag.py:4180} INFO - Setting next_dagrun for parallel_weather_dag to None, run_after=None
[2026-08-24T07:58:22.729+0000] {processor.py:208} INFO - Processing /opt/airflow/dags/04_parallel_weather.py took 0.194 seconds
[2026-08-24T07:58:52.974+0000] {processor.py:186} INFO - Started process (PID=1201) to work on /opt/airflow/dags/04_parallel_weather.py
[2026-08-24T07:58:52.976+0000] {processor.py:914} INFO - Processing file /opt/airflow/dags/04_parallel_weather.py for tasks to queue
[2026-08-24T07:58:52.982+0000] {logging_mixin.py:190} INFO - [2026-08-24T07:58:52.982+0000] {dagbag.py:588} INFO - Filling up the DagBag from /opt/airflow/dags/04_parallel_weather.py
[2026-08-24T07:58:53.010+0000] {processor.py:925} INFO - DAG(s) 'parallel_weather_dag' retrieved from /opt/airflow/dags/04_parallel_weather.py
[2026-08-24T07:58:53.038+0000] {logging_mixin.py:190} INFO - [2026-08-24T07:58:53.037+0000] {dag.py:3239} INFO - Sync 1 DAGs
[2026-08-24T07:58:53.050+0000] {logging_mixin.py:190} INFO - [2026-08-24T07:58:53.050+0000] {dag.py:4180} INFO - Setting next_dagrun for parallel_weather_dag to None, run_after=None
[2026-08-24T07:58:53.067+0000] {processor.py:208} INFO - Processing /opt/airflow/dags/04_parallel_weather.py took 0.106 seconds
[2026-08-24T07:59:23.736+0000] {processor.py:186} INFO - Started process (PID=1212) to work on /opt/airflow/dags/04_parallel_weather.py
[2026-08-24T07:59:23.737+0000] {processor.py:914} INFO - Processing file /opt/airflow/dags/04_parallel_weather.py for tasks to queue
[2026-08-24T07:59:23.739+0000] {logging_mixin.py:190} INFO - [2026-08-24T07:59:23.739+0000] {dagbag.py:588} INFO - Filling up the DagBag from /opt/airflow/dags/04_parallel_weather.py
[2026-08-24T07:59:23.757+0000] {processor.py:925} INFO - DAG(s) 'parallel_weather_dag' retrieved from /opt/airflow/dags/04_parallel_weather.py
[2026-08-24T07:59:23.786+0000] {logging_mixin.py:190} INFO - [2026-08-24T07:59:23.786+0000] {dag.py:3239} INFO - Sync 1 DAGs
[2026-08-24T07:59:23.800+0000] {logging_mixin.py:190} INFO - [2026-08-24T07:59:23.799+0000] {dag.py:4180} INFO - Setting next_dagrun for parallel_weather_dag to None, run_after=None
[2026-08-24T07:59:23.822+0000] {processor.py:208} INFO - Processing /opt/airflow/dags/04_parallel_weather.py took 0.092 seconds
[2026-08-24T07:59:54.596+0000] {processor.py:186} INFO - Started process (PID=1223) to work on /opt/airflow/dags/04_parallel_weather.py
[2026-08-24T07:59:54.597+0000] {processor.py:914} INFO - Processing file /opt/airflow/dags/04_parallel_weather.py for tasks to queue
[2026-08-24T07:59:54.599+0000] {logging_mixin.py:190} INFO - [2026-08-24T07:59:54.599+0000] {dagbag.py:588} INFO - Filling up the DagBag from /opt/airflow/dags/04_parallel_weather.py
[2026-08-24T07:59:54.612+0000] {processor.py:925} INFO - DAG(s) 'parallel_weather_dag' retrieved from /opt/airflow/dags/04_parallel_weather.py
[2026-08-24T07:59:54.633+0000] {logging_mixin.py:190} INFO - [2026-08-24T07:59:54.633+0000] {dag.py:3239} INFO - Sync 1 DAGs
[2026-08-24T07:59:54.644+0000] {logging_mixin.py:190} INFO - [2026-08-24T07:59:54.644+0000] {dag.py:4180} INFO - Setting next_dagrun for parallel_weather_dag to None, run_after=None
[2026-08-24T07:59:54.659+0000] {processor.py:208} INFO - Processing /opt/airflow/dags/04_parallel_weather.py took 0.068 seconds
[2026-08-24T08:00:25.477+0000] {processor.py:186} INFO - Started process (PID=1234) to work on /opt/airflow/dags/04_parallel_weather.py
[2026-08-24T08:00:25.478+0000] {processor.py:914} INFO - Processing file /opt/airflow/dags/04_parallel_weather.py for tasks to queue
[2026-08-24T08:00:25.481+0000] {logging_mixin.py:190} INFO - [2026-08-24T08:00:25.480+0000] {dagbag.py:588} INFO - Filling up the DagBag from /opt/airflow/dags/04_parallel_weather.py
[2026-08-24T08:00:25.501+0000] {processor.py:925} INFO - DAG(s) 'parallel_weather_dag' retrieved from /opt/airflow/dags/04_parallel_weather.py
[2026-08-24T08:00:25.529+0000] {logging_mixin.py:190} INFO - [2026-08-24T08:00:25.529+0000] {dag.py:3239} INFO - Sync 1 DAGs
[2026-08-24T08:00:25.543+0000] {logging_mixin.py:190} INFO - [2026-08-24T08:00:25.542+0000] {dag.py:4180} INFO - Setting next_dagrun for parallel_weather_dag to None, run_after=None
[2026-08-24T08:00:25.564+0000] {processor.py:208} INFO - Processing /opt/airflow/dags/04_parallel_weather.py took 0.094 seconds
[2026-08-24T08:00:56.537+0000] {processor.py:186} INFO - Started process (PID=1245) to work on /opt/airflow/dags/04_parallel_weather.py
[2026-08-24T08:00:56.538+0000] {processor.py:914} INFO - Processing file /opt/airflow/dags/04_parallel_weather.py for tasks to queue
[2026-08-24T08:00:56.541+0000] {logging_mixin.py:190} INFO - [2026-08-24T08:00:56.541+0000] {dagbag.py:588} INFO - Filling up the DagBag from /opt/airflow/dags/04_parallel_weather.py
[2026-08-24T08:00:56.558+0000] {processor.py:925} INFO - DAG(s) 'parallel_weather_dag' retrieved from /opt/airflow/dags/04_parallel_weather.py
[2026-08-24T08:00:56.584+0000] {logging_mixin.py:190} INFO - [2026-08-24T08:00:56.584+0000] {dag.py:3239} INFO - Sync 1 DAGs
[2026-08-24T08:00:56.596+0000] {logging_mixin.py:190} INFO - [2026-08-24T08:00:56.596+0000] {dag.py:4180} INFO - Setting next_dagrun for parallel_weather_dag to None, run_after=None
[2026-08-24T08:00:56.613+0000] {processor.py:208} INFO - Processing /opt/airflow/dags/04_parallel_weather.py took 0.082 seconds
[2026-08-24T08:01:27.551+0000] {processor.py:186} INFO - Started process (PID=1256) to work on /opt/airflow/dags/04_parallel_weather.py
[2026-08-24T08:01:27.554+0000] {processor.py:914} INFO - Processing file /opt/airflow/dags/04_parallel_weather.py for tasks to queue
[2026-08-24T08:01:27.559+0000] {logging_mixin.py:190} INFO - [2026-08-24T08:01:27.559+0000] {dagbag.py:588} INFO - Filling up the DagBag from /opt/airflow/dags/04_parallel_weather.py
[2026-08-24T08:01:27.598+0000] {processor.py:925} INFO - DAG(s) 'parallel_weather_dag' retrieved from /opt/airflow/dags/04_parallel_weather.py
[2026-08-24T08:01:27.626+0000] {logging_mixin.py:190} INFO - [2026-08-24T08:01:27.626+0000] {dag.py:3239} INFO - Sync 1 DAGs
[2026-08-24T08:01:27.639+0000] {logging_mixin.py:190} INFO - [2026-08-24T08:01:27.638+0000] {dag.py:4180} INFO - Setting next_dagrun for parallel_weather_dag to None, run_after=None
[2026-08-24T08:01:27.661+0000] {processor.py:208} INFO - Processing /opt/airflow/dags/04_parallel_weather.py took 0.115 seconds
[2026-08-24T08:01:58.487+0000] {processor.py:186} INFO - Started process (PID=1280) to work on /opt/airflow/dags/04_parallel_weather.py
[2026-08-24T08:01:58.488+0000] {processor.py:914} INFO - Processing file /opt/airflow/dags/04_parallel_weather.py for tasks to queue
[2026-08-24T08:01:58.490+0000] {logging_mixin.py:190} INFO - [2026-08-24T08:01:58.490+0000] {dagbag.py:588} INFO - Filling up the DagBag from /opt/airflow/dags/04_parallel_weather.py
[2026-08-24T08:01:58.514+0000] {processor.py:925} INFO - DAG(s) 'parallel_weather_dag' retrieved from /opt/airflow/dags/04_parallel_weather.py
[2026-08-24T08:01:58.534+0000] {logging_mixin.py:190} INFO - [2026-08-24T08:01:58.534+0000] {dag.py:3239} INFO - Sync 1 DAGs
[2026-08-24T08:01:58.545+0000] {logging_mixin.py:190} INFO - [2026-08-24T08:01:58.544+0000] {dag.py:4180} INFO - Setting next_dagrun for parallel_weather_dag to None, run_after=None
[2026-08-24T08:01:58.560+0000] {processor.py:208} INFO - Processing /opt/airflow/dags/04_parallel_weather.py took 0.077 seconds
[2026-08-24T08:02:29.143+0000] {processor.py:186} INFO - Started process (PID=1291) to work on /opt/airflow/dags/04_parallel_weather.py
[2026-08-24T08:02:29.144+0000] {processor.py:914} INFO - Processing file /opt/airflow/dags/04_parallel_weather.py for tasks to queue
[2026-08-24T08:02:29.146+0000] {logging_mixin.py:190} INFO - [2026-08-24T08:02:29.145+0000] {dagbag.py:588} INFO - Filling up the DagBag from /opt/airflow/dags/04_parallel_weather.py
[2026-08-24T08:02:29.160+0000] {processor.py:925} INFO - DAG(s) 'parallel_weather_dag' retrieved from /opt/airflow/dags/04_parallel_weather.py
[2026-08-24T08:02:29.182+0000] {logging_mixin.py:190} INFO - [2026-08-24T08:02:29.182+0000] {dag.py:3239} INFO - Sync 1 DAGs
[2026-08-24T08:02:29.194+0000] {logging_mixin.py:190} INFO - [2026-08-24T08:02:29.194+0000] {dag.py:4180} INFO - Setting next_dagrun for parallel_weather_dag to None, run_after=None
[2026-08-24T08:02:29.213+0000] {processor.py:208} INFO - Processing /opt/airflow/dags/04_parallel_weather.py took 0.076 seconds
[2026-08-24T08:02:59.407+0000] {processor.py:186} INFO - Started process (PID=1302) to work on /opt/airflow/dags/04_parallel_weather.py
[2026-08-24T08:02:59.408+0000] {processor.py:914} INFO - Processing file /opt/airflow/dags/04_parallel_weather.py for tasks to queue
[2026-08-24T08:02:59.410+0000] {logging_mixin.py:190} INFO - [2026-08-24T08:02:59.410+0000] {dagbag.py:588} INFO - Filling up the DagBag from /opt/airflow/dags/04_parallel_weather.py
[2026-08-24T08:02:59.431+0000] {processor.py:925} INFO - DAG(s) 'parallel_weather_dag' retrieved from /opt/airflow/dags/04_parallel_weather.py
[2026-08-24T08:02:59.456+0000] {logging_mixin.py:190} INFO - [2026-08-24T08:02:59.455+0000] {dag.py:3239} INFO - Sync 1 DAGs
[2026-08-24T08:02:59.468+0000] {logging_mixin.py:190} INFO - [2026-08-24T08:02:59.467+0000] {dag.py:4180} INFO - Setting next_dagrun for parallel_weather_dag to None, run_after=None
[2026-08-24T08:02:59.486+0000] {processor.py:208} INFO - Processing /opt/airflow/dags/04_parallel_weather.py took 0.084 seconds
[2026-08-24T08:03:30.229+0000] {processor.py:186} INFO - Started process (PID=1313) to work on /opt/airflow/dags/04_parallel_weather.py
[2026-08-24T08:03:30.230+0000] {processor.py:914} INFO - Processing file /opt/airflow/dags/04_parallel_weather.py for tasks to queue
[2026-08-24T08:03:30.232+0000] {logging_mixin.py:190} INFO - [2026-08-24T08:03:30.232+0000] {dagbag.py:588} INFO - Filling up the DagBag from /opt/airflow/dags/04_parallel_weather.py
[2026-08-24T08:03:30.260+0000] {processor.py:925} INFO - DAG(s) 'parallel_weather_dag' retrieved from /opt/airflow/dags/04_parallel_weather.py
[2026-08-24T08:03:30.286+0000] {logging_mixin.py:190} INFO - [2026-08-24T08:03:30.286+0000] {dag.py:3239} INFO - Sync 1 DAGs
[2026-08-24T08:03:30.309+0000] {logging_mixin.py:190} INFO - [2026-08-24T08:03:30.308+0000] {dag.py:4180} INFO - Setting next_dagrun for parallel_weather_dag to None, run_after=None
[2026-08-24T08:03:30.358+0000] {processor.py:208} INFO - Processing /opt/airflow/dags/04_parallel_weather.py took 0.135 seconds
[2026-08-24T08:04:01.310+0000] {processor.py:186} INFO - Started process (PID=1324) to work on /opt/airflow/dags/04_parallel_weather.py
[2026-08-24T08:04:01.311+0000] {processor.py:914} INFO - Processing file /opt/airflow/dags/04_parallel_weather.py for tasks to queue
[2026-08-24T08:04:01.315+0000] {logging_mixin.py:190} INFO - [2026-08-24T08:04:01.314+0000] {dagbag.py:588} INFO - Filling up the DagBag from /opt/airflow/dags/04_parallel_weather.py
[2026-08-24T08:04:01.343+0000] {processor.py:925} INFO - DAG(s) 'parallel_weather_dag' retrieved from /opt/airflow/dags/04_parallel_weather.py
[2026-08-24T08:04:01.374+0000] {logging_mixin.py:190} INFO - [2026-08-24T08:04:01.374+0000] {dag.py:3239} INFO - Sync 1 DAGs
[2026-08-24T08:04:01.388+0000] {logging_mixin.py:190} INFO - [2026-08-24T08:04:01.388+0000] {dag.py:4180} INFO - Setting next_dagrun for parallel_weather_dag to None, run_after=None
[2026-08-24T08:04:01.408+0000] {processor.py:208} INFO - Processing /opt/airflow/dags/04_parallel_weather.py took 0.110 seconds
[2026-08-24T08:04:32.123+0000] {processor.py:186} INFO - Started process (PID=1335) to work on /opt/airflow/dags/04_parallel_weather.py
[2026-08-24T08:04:32.124+0000] {processor.py:914} INFO - Processing file /opt/airflow/dags/04_parallel_weather.py for tasks to queue
[2026-08-24T08:04:32.128+0000] {logging_mixin.py:190} INFO - [2026-08-24T08:04:32.128+0000] {dagbag.py:588} INFO - Filling up the DagBag from /opt/airflow/dags/04_parallel_weather.py
[2026-08-24T08:04:32.154+0000] {processor.py:925} INFO - DAG(s) 'parallel_weather_dag' retrieved from /opt/airflow/dags/04_parallel_weather.py
[2026-08-24T08:04:32.200+0000] {logging_mixin.py:190} INFO - [2026-08-24T08:04:32.199+0000] {dag.py:3239} INFO - Sync 1 DAGs
[2026-08-24T08:04:32.221+0000] {logging_mixin.py:190} INFO - [2026-08-24T08:04:32.220+0000] {dag.py:4180} INFO - Setting next_dagrun for parallel_weather_dag to None, run_after=None
[2026-08-24T08:04:32.249+0000] {processor.py:208} INFO - Processing /opt/airflow/dags/04_parallel_weather.py took 0.135 seconds
[2026-08-24T08:05:02.999+0000] {processor.py:186} INFO - Started process (PID=1346) to work on /opt/airflow/dags/04_parallel_weather.py
[2026-08-24T08:05:03.001+0000] {processor.py:914} INFO - Processing file /opt/airflow/dags/04_parallel_weather.py for tasks to queue
[2026-08-24T08:05:03.004+0000] {logging_mixin.py:190} INFO - [2026-08-24T08:05:03.004+0000] {dagbag.py:588} INFO - Filling up the DagBag from /opt/airflow/dags/04_parallel_weather.py
[2026-08-24T08:05:03.030+0000] {processor.py:925} INFO - DAG(s) 'parallel_weather_dag' retrieved from /opt/airflow/dags/04_parallel_weather.py
[2026-08-24T08:05:03.075+0000] {logging_mixin.py:190} INFO - [2026-08-24T08:05:03.075+0000] {dag.py:3239} INFO - Sync 1 DAGs
[2026-08-24T08:05:03.096+0000] {logging_mixin.py:190} INFO - [2026-08-24T08:05:03.095+0000] {dag.py:4180} INFO - Setting next_dagrun for parallel_weather_dag to None, run_after=None
[2026-08-24T08:05:03.119+0000] {processor.py:208} INFO - Processing /opt/airflow/dags/04_parallel_weather.py took 0.126 seconds
[2026-08-24T08:05:33.751+0000] {processor.py:186} INFO - Started process (PID=1357) to work on /opt/airflow/dags/04_parallel_weather.py
[2026-08-24T08:05:33.753+0000] {processor.py:914} INFO - Processing file /opt/airflow/dags/04_parallel_weather.py for tasks to queue
[2026-08-24T08:05:33.757+0000] {logging_mixin.py:190} INFO - [2026-08-24T08:05:33.756+0000] {dagbag.py:588} INFO - Filling up the DagBag from /opt/airflow/dags/04_parallel_weather.py
[2026-08-24T08:05:33.785+0000] {processor.py:925} INFO - DAG(s) 'parallel_weather_dag' retrieved from /opt/airflow/dags/04_parallel_weather.py
[2026-08-24T08:05:33.831+0000] {logging_mixin.py:190} INFO - [2026-08-24T08:05:33.831+0000] {dag.py:3239} INFO - Sync 1 DAGs
[2026-08-24T08:05:33.850+0000] {logging_mixin.py:190} INFO - [2026-08-24T08:05:33.850+0000] {dag.py:4180} INFO - Setting next_dagrun for parallel_weather_dag to None, run_after=None
[2026-08-24T08:05:33.872+0000] {processor.py:208} INFO - Processing /opt/airflow/dags/04_parallel_weather.py took 0.130 seconds
[2026-08-24T08:06:04.898+0000] {processor.py:186} INFO - Started process (PID=1369) to work on /opt/airflow/dags/04_parallel_weather.py
[2026-08-24T08:06:04.902+0000] {processor.py:914} INFO - Processing file /opt/airflow/dags/04_parallel_weather.py for tasks to queue
[2026-08-24T08:06:04.909+0000] {logging_mixin.py:190} INFO - [2026-08-24T08:06:04.908+0000] {dagbag.py:588} INFO - Filling up the DagBag from /opt/airflow/dags/04_parallel_weather.py
[2026-08-24T08:06:04.961+0000] {processor.py:925} INFO - DAG(s) 'parallel_weather_dag' retrieved from /opt/airflow/dags/04_parallel_weather.py
[2026-08-24T08:06:05.021+0000] {logging_mixin.py:190} INFO - [2026-08-24T08:06:05.020+0000] {dag.py:3239} INFO - Sync 1 DAGs
[2026-08-24T08:06:05.044+0000] {logging_mixin.py:190} INFO - [2026-08-24T08:06:05.044+0000] {dag.py:4180} INFO - Setting next_dagrun for parallel_weather_dag to None, run_after=None
[2026-08-24T08:06:05.072+0000] {processor.py:208} INFO - Processing /opt/airflow/dags/04_parallel_weather.py took 0.192 seconds
[2026-08-24T08:06:35.300+0000] {processor.py:186} INFO - Started process (PID=1380) to work on /opt/airflow/dags/04_parallel_weather.py
[2026-08-24T08:06:35.302+0000] {processor.py:914} INFO - Processing file /opt/airflow/dags/04_parallel_weather.py for tasks to queue
[2026-08-24T08:06:35.306+0000] {logging_mixin.py:190} INFO - [2026-08-24T08:06:35.306+0000] {dagbag.py:588} INFO - Filling up the DagBag from /opt/airflow/dags/04_parallel_weather.py
[2026-08-24T08:06:35.343+0000] {processor.py:925} INFO - DAG(s) 'parallel_weather_dag' retrieved from /opt/airflow/dags/04_parallel_weather.py
[2026-08-24T08:06:35.393+0000] {logging_mixin.py:190} INFO - [2026-08-24T08:06:35.393+0000] {dag.py:3239} INFO - Sync 1 DAGs
[2026-08-24T08:06:35.410+0000] {logging_mixin.py:190} INFO - [2026-08-24T08:06:35.410+0000] {dag.py:4180} INFO - Setting next_dagrun for parallel_weather_dag to None, run_after=None
[2026-08-24T08:06:35.434+0000] {processor.py:208} INFO - Processing /opt/airflow/dags/04_parallel_weather.py took 0.145 seconds
[2026-08-24T08:07:06.243+0000] {processor.py:186} INFO - Started process (PID=1391) to work on /opt/airflow/dags/04_parallel_weather.py
[2026-08-24T08:07:06.245+0000] {processor.py:914} INFO - Processing file /opt/airflow/dags/04_parallel_weather.py for tasks to queue
[2026-08-24T08:07:06.250+0000] {logging_mixin.py:190} INFO - [2026-08-24T08:07:06.249+0000] {dagbag.py:588} INFO - Filling up the DagBag from /opt/airflow/dags/04_parallel_weather.py
[2026-08-24T08:07:06.288+0000] {processor.py:925} INFO - DAG(s) 'parallel_weather_dag' retrieved from /opt/airflow/dags/04_parallel_weather.py
[2026-08-24T08:07:06.334+0000] {logging_mixin.py:190} INFO - [2026-08-24T08:07:06.334+0000] {dag.py:3239} INFO - Sync 1 DAGs
[2026-08-24T08:07:06.354+0000] {logging_mixin.py:190} INFO - [2026-08-24T08:07:06.353+0000] {dag.py:4180} INFO - Setting next_dagrun for parallel_weather_dag to None, run_after=None
[2026-08-24T08:07:06.383+0000] {processor.py:208} INFO - Processing /opt/airflow/dags/04_parallel_weather.py took 0.149 seconds
[2026-08-24T08:07:37.235+0000] {processor.py:186} INFO - Started process (PID=1402) to work on /opt/airflow/dags/04_parallel_weather.py
[2026-08-24T08:07:37.236+0000] {processor.py:914} INFO - Processing file /opt/airflow/dags/04_parallel_weather.py for tasks to queue
[2026-08-24T08:07:37.240+0000] {logging_mixin.py:190} INFO - [2026-08-24T08:07:37.239+0000] {dagbag.py:588} INFO - Filling up the DagBag from /opt/airflow/dags/04_parallel_weather.py
[2026-08-24T08:07:37.272+0000] {processor.py:925} INFO - DAG(s) 'parallel_weather_dag' retrieved from /opt/airflow/dags/04_parallel_weather.py
[2026-08-24T08:07:37.310+0000] {logging_mixin.py:190} INFO - [2026-08-24T08:07:37.310+0000] {dag.py:3239} INFO - Sync 1 DAGs
[2026-08-24T08:07:37.330+0000] {logging_mixin.py:190} INFO - [2026-08-24T08:07:37.330+0000] {dag.py:4180} INFO - Setting next_dagrun for parallel_weather_dag to None, run_after=None
[2026-08-24T08:07:37.354+0000] {processor.py:208} INFO - Processing /opt/airflow/dags/04_parallel_weather.py took 0.129 seconds
