[2026-08-24T07:16:16.429+0000] {processor.py:186} INFO - Started process (PID=261) to work on /opt/airflow/dags/05_etl_weather_postgres.py
[2026-08-24T07:16:16.434+0000] {processor.py:914} INFO - Processing file /opt/airflow/dags/05_etl_weather_postgres.py for tasks to queue
[2026-08-24T07:16:16.450+0000] {logging_mixin.py:190} INFO - [2026-08-24T07:16:16.448+0000] {dagbag.py:588} INFO - Filling up the DagBag from /opt/airflow/dags/05_etl_weather_postgres.py
[2026-08-24T07:16:16.821+0000] {processor.py:925} INFO - DAG(s) 'etl_weather_postgres_dag' retrieved from /opt/airflow/dags/05_etl_weather_postgres.py
[2026-08-24T07:16:17.146+0000] {logging_mixin.py:190} INFO - [2026-08-24T07:16:17.144+0000] {override.py:1911} INFO - Created Permission View: can delete on DAG:etl_weather_postgres_dag
[2026-08-24T07:16:17.153+0000] {logging_mixin.py:190} INFO - [2026-08-24T07:16:17.153+0000] {override.py:1911} INFO - Created Permission View: can edit on DAG:etl_weather_postgres_dag
[2026-08-24T07:16:17.158+0000] {logging_mixin.py:190} INFO - [2026-08-24T07:16:17.158+0000] {override.py:1911} INFO - Created Permission View: can read on DAG:etl_weather_postgres_dag
[2026-08-24T07:16:17.163+0000] {logging_mixin.py:190} INFO - [2026-08-24T07:16:17.163+0000] {override.py:1911} INFO - Created Permission View: can delete on DAG Run:etl_weather_postgres_dag
[2026-08-24T07:16:17.168+0000] {logging_mixin.py:190} INFO - [2026-08-24T07:16:17.168+0000] {override.py:1911} INFO - Created Permission View: can create on DAG Run:etl_weather_postgres_dag
[2026-08-24T07:16:17.173+0000] {logging_mixin.py:190} INFO - [2026-08-24T07:16:17.173+0000] {override.py:1911} INFO - Created Permission View: menu access on DAG Run:etl_weather_postgres_dag
[2026-08-24T07:16:17.177+0000] {logging_mixin.py:190} INFO - [2026-08-24T07:16:17.177+0000] {override.py:1911} INFO - Created Permission View: can read on DAG Run:etl_weather_postgres_dag
[2026-08-24T07:16:17.178+0000] {logging_mixin.py:190} INFO - [2026-08-24T07:16:17.178+0000] {dag.py:3239} INFO - Sync 1 DAGs
[2026-08-24T07:16:17.190+0000] {logging_mixin.py:190} INFO - [2026-08-24T07:16:17.190+0000] {dag.py:3262} INFO - Creating ORM DAG for etl_weather_postgres_dag
[2026-08-24T07:16:17.191+0000] {logging_mixin.py:190} INFO - [2026-08-24T07:16:17.191+0000] {dag.py:4180} INFO - Setting next_dagrun for etl_weather_postgres_dag to None, run_after=None
[2026-08-24T07:16:17.212+0000] {processor.py:208} INFO - Processing /opt/airflow/dags/05_etl_weather_postgres.py took 0.829 seconds
[2026-08-24T07:16:47.576+0000] {processor.py:186} INFO - Started process (PID=272) to work on /opt/airflow/dags/05_etl_weather_postgres.py
[2026-08-24T07:16:47.578+0000] {processor.py:914} INFO - Processing file /opt/airflow/dags/05_etl_weather_postgres.py for tasks to queue
[2026-08-24T07:16:47.581+0000] {logging_mixin.py:190} INFO - [2026-08-24T07:16:47.581+0000] {dagbag.py:588} INFO - Filling up the DagBag from /opt/airflow/dags/05_etl_weather_postgres.py
[2026-08-24T07:16:47.611+0000] {processor.py:925} INFO - DAG(s) 'etl_weather_postgres_dag' retrieved from /opt/airflow/dags/05_etl_weather_postgres.py
[2026-08-24T07:16:47.672+0000] {logging_mixin.py:190} INFO - [2026-08-24T07:16:47.672+0000] {dag.py:3239} INFO - Sync 1 DAGs
[2026-08-24T07:16:47.710+0000] {logging_mixin.py:190} INFO - [2026-08-24T07:16:47.710+0000] {dag.py:4180} INFO - Setting next_dagrun for etl_weather_postgres_dag to None, run_after=None
[2026-08-24T07:16:47.741+0000] {processor.py:208} INFO - Processing /opt/airflow/dags/05_etl_weather_postgres.py took 0.171 seconds
[2026-08-24T07:17:18.661+0000] {processor.py:186} INFO - Started process (PID=283) to work on /opt/airflow/dags/05_etl_weather_postgres.py
[2026-08-24T07:17:18.662+0000] {processor.py:914} INFO - Processing file /opt/airflow/dags/05_etl_weather_postgres.py for tasks to queue
[2026-08-24T07:17:18.667+0000] {logging_mixin.py:190} INFO - [2026-08-24T07:17:18.666+0000] {dagbag.py:588} INFO - Filling up the DagBag from /opt/airflow/dags/05_etl_weather_postgres.py
[2026-08-24T07:17:18.713+0000] {processor.py:925} INFO - DAG(s) 'etl_weather_postgres_dag' retrieved from /opt/airflow/dags/05_etl_weather_postgres.py
[2026-08-24T07:17:18.747+0000] {logging_mixin.py:190} INFO - [2026-08-24T07:17:18.747+0000] {dag.py:3239} INFO - Sync 1 DAGs
[2026-08-24T07:17:18.760+0000] {logging_mixin.py:190} INFO - [2026-08-24T07:17:18.760+0000] {dag.py:4180} INFO - Setting next_dagrun for etl_weather_postgres_dag to None, run_after=None
[2026-08-24T07:17:18.799+0000] {processor.py:208} INFO - Processing /opt/airflow/dags/05_etl_weather_postgres.py took 0.152 seconds
[2026-08-24T07:17:49.559+0000] {processor.py:186} INFO - Started process (PID=294) to work on /opt/airflow/dags/05_etl_weather_postgres.py
[2026-08-24T07:17:49.560+0000] {processor.py:914} INFO - Processing file /opt/airflow/dags/05_etl_weather_postgres.py for tasks to queue
[2026-08-24T07:17:49.562+0000] {logging_mixin.py:190} INFO - [2026-08-24T07:17:49.562+0000] {dagbag.py:588} INFO - Filling up the DagBag from /opt/airflow/dags/05_etl_weather_postgres.py
[2026-08-24T07:17:49.578+0000] {processor.py:925} INFO - DAG(s) 'etl_weather_postgres_dag' retrieved from /opt/airflow/dags/05_etl_weather_postgres.py
[2026-08-24T07:17:49.604+0000] {logging_mixin.py:190} INFO - [2026-08-24T07:17:49.603+0000] {dag.py:3239} INFO - Sync 1 DAGs
[2026-08-24T07:17:49.616+0000] {logging_mixin.py:190} INFO - [2026-08-24T07:17:49.616+0000] {dag.py:4180} INFO - Setting next_dagrun for etl_weather_postgres_dag to None, run_after=None
[2026-08-24T07:17:49.632+0000] {processor.py:208} INFO - Processing /opt/airflow/dags/05_etl_weather_postgres.py took 0.078 seconds
[2026-08-24T07:18:19.857+0000] {processor.py:186} INFO - Started process (PID=305) to work on /opt/airflow/dags/05_etl_weather_postgres.py
[2026-08-24T07:18:19.858+0000] {processor.py:914} INFO - Processing file /opt/airflow/dags/05_etl_weather_postgres.py for tasks to queue
[2026-08-24T07:18:19.878+0000] {logging_mixin.py:190} INFO - [2026-08-24T07:18:19.877+0000] {dagbag.py:588} INFO - Filling up the DagBag from /opt/airflow/dags/05_etl_weather_postgres.py
[2026-08-24T07:18:19.893+0000] {processor.py:925} INFO - DAG(s) 'etl_weather_postgres_dag' retrieved from /opt/airflow/dags/05_etl_weather_postgres.py
[2026-08-24T07:18:19.915+0000] {logging_mixin.py:190} INFO - [2026-08-24T07:18:19.915+0000] {dag.py:3239} INFO - Sync 1 DAGs
[2026-08-24T07:18:19.926+0000] {logging_mixin.py:190} INFO - [2026-08-24T07:18:19.925+0000] {dag.py:4180} INFO - Setting next_dagrun for etl_weather_postgres_dag to None, run_after=None
[2026-08-24T07:18:19.946+0000] {processor.py:208} INFO - Processing /opt/airflow/dags/05_etl_weather_postgres.py took 0.094 seconds
[2026-08-24T07:18:50.733+0000] {processor.py:186} INFO - Started process (PID=316) to work on /opt/airflow/dags/05_etl_weather_postgres.py
[2026-08-24T07:18:50.734+0000] {processor.py:914} INFO - Processing file /opt/airflow/dags/05_etl_weather_postgres.py for tasks to queue
[2026-08-24T07:18:50.736+0000] {logging_mixin.py:190} INFO - [2026-08-24T07:18:50.736+0000] {dagbag.py:588} INFO - Filling up the DagBag from /opt/airflow/dags/05_etl_weather_postgres.py
[2026-08-24T07:18:50.756+0000] {processor.py:925} INFO - DAG(s) 'etl_weather_postgres_dag' retrieved from /opt/airflow/dags/05_etl_weather_postgres.py
[2026-08-24T07:18:50.778+0000] {logging_mixin.py:190} INFO - [2026-08-24T07:18:50.778+0000] {dag.py:3239} INFO - Sync 1 DAGs
[2026-08-24T07:18:50.789+0000] {logging_mixin.py:190} INFO - [2026-08-24T07:18:50.789+0000] {dag.py:4180} INFO - Setting next_dagrun for etl_weather_postgres_dag to None, run_after=None
[2026-08-24T07:18:50.811+0000] {processor.py:208} INFO - Processing /opt/airflow/dags/05_etl_weather_postgres.py took 0.083 seconds
[2026-08-24T07:19:21.696+0000] {processor.py:186} INFO - Started process (PID=327) to work on /opt/airflow/dags/05_etl_weather_postgres.py
[2026-08-24T07:19:21.698+0000] {processor.py:914} INFO - Processing file /opt/airflow/dags/05_etl_weather_postgres.py for tasks to queue
[2026-08-24T07:19:21.701+0000] {logging_mixin.py:190} INFO - [2026-08-24T07:19:21.700+0000] {dagbag.py:588} INFO - Filling up the DagBag from /opt/airflow/dags/05_etl_weather_postgres.py
[2026-08-24T07:19:21.731+0000] {processor.py:925} INFO - DAG(s) 'etl_weather_postgres_dag' retrieved from /opt/airflow/dags/05_etl_weather_postgres.py
[2026-08-24T07:19:21.759+0000] {logging_mixin.py:190} INFO - [2026-08-24T07:19:21.759+0000] {dag.py:3239} INFO - Sync 1 DAGs
[2026-08-24T07:19:21.772+0000] {logging_mixin.py:190} INFO - [2026-08-24T07:19:21.772+0000] {dag.py:4180} INFO - Setting next_dagrun for etl_weather_postgres_dag to None, run_after=None
[2026-08-24T07:19:21.793+0000] {processor.py:208} INFO - Processing /opt/airflow/dags/05_etl_weather_postgres.py took 0.105 seconds
[2026-08-24T07:19:52.789+0000] {processor.py:186} INFO - Started process (PID=338) to work on /opt/airflow/dags/05_etl_weather_postgres.py
[2026-08-24T07:19:52.791+0000] {processor.py:914} INFO - Processing file /opt/airflow/dags/05_etl_weather_postgres.py for tasks to queue
[2026-08-24T07:19:52.795+0000] {logging_mixin.py:190} INFO - [2026-08-24T07:19:52.794+0000] {dagbag.py:588} INFO - Filling up the DagBag from /opt/airflow/dags/05_etl_weather_postgres.py
[2026-08-24T07:19:52.826+0000] {processor.py:925} INFO - DAG(s) 'etl_weather_postgres_dag' retrieved from /opt/airflow/dags/05_etl_weather_postgres.py
[2026-08-24T07:19:52.872+0000] {logging_mixin.py:190} INFO - [2026-08-24T07:19:52.872+0000] {dag.py:3239} INFO - Sync 1 DAGs
[2026-08-24T07:19:52.899+0000] {logging_mixin.py:190} INFO - [2026-08-24T07:19:52.899+0000] {dag.py:4180} INFO - Setting next_dagrun for etl_weather_postgres_dag to None, run_after=None
[2026-08-24T07:19:52.937+0000] {processor.py:208} INFO - Processing /opt/airflow/dags/05_etl_weather_postgres.py took 0.156 seconds
[2026-08-24T07:20:23.945+0000] {processor.py:186} INFO - Started process (PID=355) to work on /opt/airflow/dags/05_etl_weather_postgres.py
[2026-08-24T07:20:23.948+0000] {processor.py:914} INFO - Processing file /opt/airflow/dags/05_etl_weather_postgres.py for tasks to queue
[2026-08-24T07:20:23.950+0000] {logging_mixin.py:190} INFO - [2026-08-24T07:20:23.950+0000] {dagbag.py:588} INFO - Filling up the DagBag from /opt/airflow/dags/05_etl_weather_postgres.py
[2026-08-24T07:20:23.984+0000] {processor.py:925} INFO - DAG(s) 'etl_weather_postgres_dag' retrieved from /opt/airflow/dags/05_etl_weather_postgres.py
[2026-08-24T07:20:24.008+0000] {logging_mixin.py:190} INFO - [2026-08-24T07:20:24.008+0000] {dag.py:3239} INFO - Sync 1 DAGs
[2026-08-24T07:20:24.020+0000] {logging_mixin.py:190} INFO - [2026-08-24T07:20:24.020+0000] {dag.py:4180} INFO - Setting next_dagrun for etl_weather_postgres_dag to None, run_after=None
[2026-08-24T07:20:24.051+0000] {processor.py:208} INFO - Processing /opt/airflow/dags/05_etl_weather_postgres.py took 0.110 seconds
[2026-08-24T07:20:54.854+0000] {processor.py:186} INFO - Started process (PID=367) to work on /opt/airflow/dags/05_etl_weather_postgres.py
[2026-08-24T07:20:54.856+0000] {processor.py:914} INFO - Processing file /opt/airflow/dags/05_etl_weather_postgres.py for tasks to queue
[2026-08-24T07:20:54.860+0000] {logging_mixin.py:190} INFO - [2026-08-24T07:20:54.859+0000] {dagbag.py:588} INFO - Filling up the DagBag from /opt/airflow/dags/05_etl_weather_postgres.py
[2026-08-24T07:20:54.885+0000] {processor.py:925} INFO - DAG(s) 'etl_weather_postgres_dag' retrieved from /opt/airflow/dags/05_etl_weather_postgres.py
[2026-08-24T07:20:54.914+0000] {logging_mixin.py:190} INFO - [2026-08-24T07:20:54.913+0000] {dag.py:3239} INFO - Sync 1 DAGs
[2026-08-24T07:20:54.927+0000] {logging_mixin.py:190} INFO - [2026-08-24T07:20:54.927+0000] {dag.py:4180} INFO - Setting next_dagrun for etl_weather_postgres_dag to None, run_after=None
[2026-08-24T07:20:54.953+0000] {processor.py:208} INFO - Processing /opt/airflow/dags/05_etl_weather_postgres.py took 0.105 seconds
[2026-08-24T07:21:25.997+0000] {processor.py:186} INFO - Started process (PID=378) to work on /opt/airflow/dags/05_etl_weather_postgres.py
[2026-08-24T07:21:25.999+0000] {processor.py:914} INFO - Processing file /opt/airflow/dags/05_etl_weather_postgres.py for tasks to queue
[2026-08-24T07:21:26.002+0000] {logging_mixin.py:190} INFO - [2026-08-24T07:21:26.002+0000] {dagbag.py:588} INFO - Filling up the DagBag from /opt/airflow/dags/05_etl_weather_postgres.py
[2026-08-24T07:21:26.039+0000] {processor.py:925} INFO - DAG(s) 'etl_weather_postgres_dag' retrieved from /opt/airflow/dags/05_etl_weather_postgres.py
[2026-08-24T07:21:26.097+0000] {logging_mixin.py:190} INFO - [2026-08-24T07:21:26.096+0000] {dag.py:3239} INFO - Sync 1 DAGs
[2026-08-24T07:21:26.122+0000] {logging_mixin.py:190} INFO - [2026-08-24T07:21:26.121+0000] {dag.py:4180} INFO - Setting next_dagrun for etl_weather_postgres_dag to None, run_after=None
[2026-08-24T07:21:26.168+0000] {processor.py:208} INFO - Processing /opt/airflow/dags/05_etl_weather_postgres.py took 0.180 seconds
[2026-08-24T07:21:57.012+0000] {processor.py:186} INFO - Started process (PID=389) to work on /opt/airflow/dags/05_etl_weather_postgres.py
[2026-08-24T07:21:57.015+0000] {processor.py:914} INFO - Processing file /opt/airflow/dags/05_etl_weather_postgres.py for tasks to queue
[2026-08-24T07:21:57.019+0000] {logging_mixin.py:190} INFO - [2026-08-24T07:21:57.018+0000] {dagbag.py:588} INFO - Filling up the DagBag from /opt/airflow/dags/05_etl_weather_postgres.py
[2026-08-24T07:21:57.045+0000] {processor.py:925} INFO - DAG(s) 'etl_weather_postgres_dag' retrieved from /opt/airflow/dags/05_etl_weather_postgres.py
[2026-08-24T07:21:57.074+0000] {logging_mixin.py:190} INFO - [2026-08-24T07:21:57.074+0000] {dag.py:3239} INFO - Sync 1 DAGs
[2026-08-24T07:21:57.086+0000] {logging_mixin.py:190} INFO - [2026-08-24T07:21:57.086+0000] {dag.py:4180} INFO - Setting next_dagrun for etl_weather_postgres_dag to None, run_after=None
[2026-08-24T07:21:57.104+0000] {processor.py:208} INFO - Processing /opt/airflow/dags/05_etl_weather_postgres.py took 0.101 seconds
[2026-08-24T07:22:27.791+0000] {processor.py:186} INFO - Started process (PID=400) to work on /opt/airflow/dags/05_etl_weather_postgres.py
[2026-08-24T07:22:27.792+0000] {processor.py:914} INFO - Processing file /opt/airflow/dags/05_etl_weather_postgres.py for tasks to queue
[2026-08-24T07:22:27.794+0000] {logging_mixin.py:190} INFO - [2026-08-24T07:22:27.793+0000] {dagbag.py:588} INFO - Filling up the DagBag from /opt/airflow/dags/05_etl_weather_postgres.py
[2026-08-24T07:22:27.811+0000] {processor.py:925} INFO - DAG(s) 'etl_weather_postgres_dag' retrieved from /opt/airflow/dags/05_etl_weather_postgres.py
[2026-08-24T07:22:27.839+0000] {logging_mixin.py:190} INFO - [2026-08-24T07:22:27.839+0000] {dag.py:3239} INFO - Sync 1 DAGs
[2026-08-24T07:22:27.851+0000] {logging_mixin.py:190} INFO - [2026-08-24T07:22:27.851+0000] {dag.py:4180} INFO - Setting next_dagrun for etl_weather_postgres_dag to None, run_after=None
[2026-08-24T07:22:27.873+0000] {processor.py:208} INFO - Processing /opt/airflow/dags/05_etl_weather_postgres.py took 0.089 seconds
[2026-08-24T07:22:58.668+0000] {processor.py:186} INFO - Started process (PID=411) to work on /opt/airflow/dags/05_etl_weather_postgres.py
[2026-08-24T07:22:58.669+0000] {processor.py:914} INFO - Processing file /opt/airflow/dags/05_etl_weather_postgres.py for tasks to queue
[2026-08-24T07:22:58.671+0000] {logging_mixin.py:190} INFO - [2026-08-24T07:22:58.671+0000] {dagbag.py:588} INFO - Filling up the DagBag from /opt/airflow/dags/05_etl_weather_postgres.py
[2026-08-24T07:22:58.686+0000] {processor.py:925} INFO - DAG(s) 'etl_weather_postgres_dag' retrieved from /opt/airflow/dags/05_etl_weather_postgres.py
[2026-08-24T07:22:58.711+0000] {logging_mixin.py:190} INFO - [2026-08-24T07:22:58.711+0000] {dag.py:3239} INFO - Sync 1 DAGs
[2026-08-24T07:22:58.724+0000] {logging_mixin.py:190} INFO - [2026-08-24T07:22:58.724+0000] {dag.py:4180} INFO - Setting next_dagrun for etl_weather_postgres_dag to None, run_after=None
[2026-08-24T07:22:58.747+0000] {processor.py:208} INFO - Processing /opt/airflow/dags/05_etl_weather_postgres.py took 0.084 seconds
[2026-08-24T07:23:29.460+0000] {processor.py:186} INFO - Started process (PID=422) to work on /opt/airflow/dags/05_etl_weather_postgres.py
[2026-08-24T07:23:29.460+0000] {processor.py:914} INFO - Processing file /opt/airflow/dags/05_etl_weather_postgres.py for tasks to queue
[2026-08-24T07:23:29.462+0000] {logging_mixin.py:190} INFO - [2026-08-24T07:23:29.462+0000] {dagbag.py:588} INFO - Filling up the DagBag from /opt/airflow/dags/05_etl_weather_postgres.py
[2026-08-24T07:23:29.476+0000] {processor.py:925} INFO - DAG(s) 'etl_weather_postgres_dag' retrieved from /opt/airflow/dags/05_etl_weather_postgres.py
[2026-08-24T07:23:29.500+0000] {logging_mixin.py:190} INFO - [2026-08-24T07:23:29.500+0000] {dag.py:3239} INFO - Sync 1 DAGs
[2026-08-24T07:23:29.511+0000] {logging_mixin.py:190} INFO - [2026-08-24T07:23:29.511+0000] {dag.py:4180} INFO - Setting next_dagrun for etl_weather_postgres_dag to None, run_after=None
[2026-08-24T07:23:29.527+0000] {processor.py:208} INFO - Processing /opt/airflow/dags/05_etl_weather_postgres.py took 0.073 seconds
[2026-08-24T07:24:00.270+0000] {processor.py:186} INFO - Started process (PID=433) to work on /opt/airflow/dags/05_etl_weather_postgres.py
[2026-08-24T07:24:00.271+0000] {processor.py:914} INFO - Processing file /opt/airflow/dags/05_etl_weather_postgres.py for tasks to queue
[2026-08-24T07:24:00.274+0000] {logging_mixin.py:190} INFO - [2026-08-24T07:24:00.273+0000] {dagbag.py:588} INFO - Filling up the DagBag from /opt/airflow/dags/05_etl_weather_postgres.py
[2026-08-24T07:24:00.308+0000] {processor.py:925} INFO - DAG(s) 'etl_weather_postgres_dag' retrieved from /opt/airflow/dags/05_etl_weather_postgres.py
[2026-08-24T07:24:00.341+0000] {logging_mixin.py:190} INFO - [2026-08-24T07:24:00.340+0000] {dag.py:3239} INFO - Sync 1 DAGs
[2026-08-24T07:24:00.352+0000] {logging_mixin.py:190} INFO - [2026-08-24T07:24:00.352+0000] {dag.py:4180} INFO - Setting next_dagrun for etl_weather_postgres_dag to None, run_after=None
[2026-08-24T07:24:00.376+0000] {processor.py:208} INFO - Processing /opt/airflow/dags/05_etl_weather_postgres.py took 0.112 seconds
[2026-08-24T07:24:31.364+0000] {processor.py:186} INFO - Started process (PID=444) to work on /opt/airflow/dags/05_etl_weather_postgres.py
[2026-08-24T07:24:31.368+0000] {processor.py:914} INFO - Processing file /opt/airflow/dags/05_etl_weather_postgres.py for tasks to queue
[2026-08-24T07:24:31.371+0000] {logging_mixin.py:190} INFO - [2026-08-24T07:24:31.371+0000] {dagbag.py:588} INFO - Filling up the DagBag from /opt/airflow/dags/05_etl_weather_postgres.py
[2026-08-24T07:24:31.398+0000] {processor.py:925} INFO - DAG(s) 'etl_weather_postgres_dag' retrieved from /opt/airflow/dags/05_etl_weather_postgres.py
[2026-08-24T07:24:31.422+0000] {logging_mixin.py:190} INFO - [2026-08-24T07:24:31.422+0000] {dag.py:3239} INFO - Sync 1 DAGs
[2026-08-24T07:24:31.433+0000] {logging_mixin.py:190} INFO - [2026-08-24T07:24:31.433+0000] {dag.py:4180} INFO - Setting next_dagrun for etl_weather_postgres_dag to None, run_after=None
[2026-08-24T07:24:31.454+0000] {processor.py:208} INFO - Processing /opt/airflow/dags/05_etl_weather_postgres.py took 0.119 seconds
[2026-08-24T07:25:01.645+0000] {processor.py:186} INFO - Started process (PID=456) to work on /opt/airflow/dags/05_etl_weather_postgres.py
[2026-08-24T07:25:01.646+0000] {processor.py:914} INFO - Processing file /opt/airflow/dags/05_etl_weather_postgres.py for tasks to queue
[2026-08-24T07:25:01.648+0000] {logging_mixin.py:190} INFO - [2026-08-24T07:25:01.648+0000] {dagbag.py:588} INFO - Filling up the DagBag from /opt/airflow/dags/05_etl_weather_postgres.py
[2026-08-24T07:25:01.662+0000] {processor.py:925} INFO - DAG(s) 'etl_weather_postgres_dag' retrieved from /opt/airflow/dags/05_etl_weather_postgres.py
[2026-08-24T07:25:01.686+0000] {logging_mixin.py:190} INFO - [2026-08-24T07:25:01.686+0000] {dag.py:3239} INFO - Sync 1 DAGs
[2026-08-24T07:25:01.696+0000] {logging_mixin.py:190} INFO - [2026-08-24T07:25:01.696+0000] {dag.py:4180} INFO - Setting next_dagrun for etl_weather_postgres_dag to None, run_after=None
[2026-08-24T07:25:01.718+0000] {processor.py:208} INFO - Processing /opt/airflow/dags/05_etl_weather_postgres.py took 0.079 seconds
[2026-08-24T07:25:32.567+0000] {processor.py:186} INFO - Started process (PID=466) to work on /opt/airflow/dags/05_etl_weather_postgres.py
[2026-08-24T07:25:32.568+0000] {processor.py:914} INFO - Processing file /opt/airflow/dags/05_etl_weather_postgres.py for tasks to queue
[2026-08-24T07:25:32.571+0000] {logging_mixin.py:190} INFO - [2026-08-24T07:25:32.570+0000] {dagbag.py:588} INFO - Filling up the DagBag from /opt/airflow/dags/05_etl_weather_postgres.py
[2026-08-24T07:25:32.593+0000] {processor.py:925} INFO - DAG(s) 'etl_weather_postgres_dag' retrieved from /opt/airflow/dags/05_etl_weather_postgres.py
[2026-08-24T07:25:32.616+0000] {logging_mixin.py:190} INFO - [2026-08-24T07:25:32.616+0000] {dag.py:3239} INFO - Sync 1 DAGs
[2026-08-24T07:25:32.627+0000] {logging_mixin.py:190} INFO - [2026-08-24T07:25:32.627+0000] {dag.py:4180} INFO - Setting next_dagrun for etl_weather_postgres_dag to None, run_after=None
[2026-08-24T07:25:32.643+0000] {processor.py:208} INFO - Processing /opt/airflow/dags/05_etl_weather_postgres.py took 0.083 seconds
[2026-08-24T07:26:02.748+0000] {processor.py:186} INFO - Started process (PID=477) to work on /opt/airflow/dags/05_etl_weather_postgres.py
[2026-08-24T07:26:02.749+0000] {processor.py:914} INFO - Processing file /opt/airflow/dags/05_etl_weather_postgres.py for tasks to queue
[2026-08-24T07:26:02.751+0000] {logging_mixin.py:190} INFO - [2026-08-24T07:26:02.751+0000] {dagbag.py:588} INFO - Filling up the DagBag from /opt/airflow/dags/05_etl_weather_postgres.py
[2026-08-24T07:26:02.772+0000] {processor.py:925} INFO - DAG(s) 'etl_weather_postgres_dag' retrieved from /opt/airflow/dags/05_etl_weather_postgres.py
[2026-08-24T07:26:02.794+0000] {logging_mixin.py:190} INFO - [2026-08-24T07:26:02.794+0000] {dag.py:3239} INFO - Sync 1 DAGs
[2026-08-24T07:26:02.804+0000] {logging_mixin.py:190} INFO - [2026-08-24T07:26:02.804+0000] {dag.py:4180} INFO - Setting next_dagrun for etl_weather_postgres_dag to None, run_after=None
[2026-08-24T07:26:02.821+0000] {processor.py:208} INFO - Processing /opt/airflow/dags/05_etl_weather_postgres.py took 0.079 seconds
[2026-08-24T07:26:32.932+0000] {processor.py:186} INFO - Started process (PID=488) to work on /opt/airflow/dags/05_etl_weather_postgres.py
[2026-08-24T07:26:32.933+0000] {processor.py:914} INFO - Processing file /opt/airflow/dags/05_etl_weather_postgres.py for tasks to queue
[2026-08-24T07:26:32.937+0000] {logging_mixin.py:190} INFO - [2026-08-24T07:26:32.936+0000] {dagbag.py:588} INFO - Filling up the DagBag from /opt/airflow/dags/05_etl_weather_postgres.py
[2026-08-24T07:26:32.959+0000] {processor.py:925} INFO - DAG(s) 'etl_weather_postgres_dag' retrieved from /opt/airflow/dags/05_etl_weather_postgres.py
[2026-08-24T07:26:32.989+0000] {logging_mixin.py:190} INFO - [2026-08-24T07:26:32.989+0000] {dag.py:3239} INFO - Sync 1 DAGs
[2026-08-24T07:26:33.016+0000] {logging_mixin.py:190} INFO - [2026-08-24T07:26:33.015+0000] {dag.py:4180} INFO - Setting next_dagrun for etl_weather_postgres_dag to None, run_after=None
[2026-08-24T07:26:33.041+0000] {processor.py:208} INFO - Processing /opt/airflow/dags/05_etl_weather_postgres.py took 0.114 seconds
[2026-08-24T07:27:03.206+0000] {processor.py:186} INFO - Started process (PID=499) to work on /opt/airflow/dags/05_etl_weather_postgres.py
[2026-08-24T07:27:03.208+0000] {processor.py:914} INFO - Processing file /opt/airflow/dags/05_etl_weather_postgres.py for tasks to queue
[2026-08-24T07:27:03.211+0000] {logging_mixin.py:190} INFO - [2026-08-24T07:27:03.211+0000] {dagbag.py:588} INFO - Filling up the DagBag from /opt/airflow/dags/05_etl_weather_postgres.py
[2026-08-24T07:27:03.244+0000] {processor.py:925} INFO - DAG(s) 'etl_weather_postgres_dag' retrieved from /opt/airflow/dags/05_etl_weather_postgres.py
[2026-08-24T07:27:03.289+0000] {logging_mixin.py:190} INFO - [2026-08-24T07:27:03.288+0000] {dag.py:3239} INFO - Sync 1 DAGs
[2026-08-24T07:27:03.303+0000] {logging_mixin.py:190} INFO - [2026-08-24T07:27:03.303+0000] {dag.py:4180} INFO - Setting next_dagrun for etl_weather_postgres_dag to None, run_after=None
[2026-08-24T07:27:03.328+0000] {processor.py:208} INFO - Processing /opt/airflow/dags/05_etl_weather_postgres.py took 0.133 seconds
[2026-08-24T07:27:34.072+0000] {processor.py:186} INFO - Started process (PID=510) to work on /opt/airflow/dags/05_etl_weather_postgres.py
[2026-08-24T07:27:34.073+0000] {processor.py:914} INFO - Processing file /opt/airflow/dags/05_etl_weather_postgres.py for tasks to queue
[2026-08-24T07:27:34.075+0000] {logging_mixin.py:190} INFO - [2026-08-24T07:27:34.074+0000] {dagbag.py:588} INFO - Filling up the DagBag from /opt/airflow/dags/05_etl_weather_postgres.py
[2026-08-24T07:27:34.094+0000] {processor.py:925} INFO - DAG(s) 'etl_weather_postgres_dag' retrieved from /opt/airflow/dags/05_etl_weather_postgres.py
[2026-08-24T07:27:34.121+0000] {logging_mixin.py:190} INFO - [2026-08-24T07:27:34.121+0000] {dag.py:3239} INFO - Sync 1 DAGs
[2026-08-24T07:27:34.134+0000] {logging_mixin.py:190} INFO - [2026-08-24T07:27:34.133+0000] {dag.py:4180} INFO - Setting next_dagrun for etl_weather_postgres_dag to None, run_after=None
[2026-08-24T07:27:34.154+0000] {processor.py:208} INFO - Processing /opt/airflow/dags/05_etl_weather_postgres.py took 0.087 seconds
[2026-08-24T07:28:05.027+0000] {processor.py:186} INFO - Started process (PID=521) to work on /opt/airflow/dags/05_etl_weather_postgres.py
[2026-08-24T07:28:05.028+0000] {processor.py:914} INFO - Processing file /opt/airflow/dags/05_etl_weather_postgres.py for tasks to queue
[2026-08-24T07:28:05.030+0000] {logging_mixin.py:190} INFO - [2026-08-24T07:28:05.030+0000] {dagbag.py:588} INFO - Filling up the DagBag from /opt/airflow/dags/05_etl_weather_postgres.py
[2026-08-24T07:28:05.048+0000] {processor.py:925} INFO - DAG(s) 'etl_weather_postgres_dag' retrieved from /opt/airflow/dags/05_etl_weather_postgres.py
[2026-08-24T07:28:05.076+0000] {logging_mixin.py:190} INFO - [2026-08-24T07:28:05.076+0000] {dag.py:3239} INFO - Sync 1 DAGs
[2026-08-24T07:28:05.088+0000] {logging_mixin.py:190} INFO - [2026-08-24T07:28:05.088+0000] {dag.py:4180} INFO - Setting next_dagrun for etl_weather_postgres_dag to None, run_after=None
[2026-08-24T07:28:05.107+0000] {processor.py:208} INFO - Processing /opt/airflow/dags/05_etl_weather_postgres.py took 0.087 seconds
[2026-08-24T07:28:36.073+0000] {processor.py:186} INFO - Started process (PID=533) to work on /opt/airflow/dags/05_etl_weather_postgres.py
[2026-08-24T07:28:36.077+0000] {processor.py:914} INFO - Processing file /opt/airflow/dags/05_etl_weather_postgres.py for tasks to queue
[2026-08-24T07:28:36.081+0000] {logging_mixin.py:190} INFO - [2026-08-24T07:28:36.080+0000] {dagbag.py:588} INFO - Filling up the DagBag from /opt/airflow/dags/05_etl_weather_postgres.py
[2026-08-24T07:28:36.111+0000] {processor.py:925} INFO - DAG(s) 'etl_weather_postgres_dag' retrieved from /opt/airflow/dags/05_etl_weather_postgres.py
[2026-08-24T07:28:36.142+0000] {logging_mixin.py:190} INFO - [2026-08-24T07:28:36.142+0000] {dag.py:3239} INFO - Sync 1 DAGs
[2026-08-24T07:28:36.158+0000] {logging_mixin.py:190} INFO - [2026-08-24T07:28:36.158+0000] {dag.py:4180} INFO - Setting next_dagrun for etl_weather_postgres_dag to None, run_after=None
[2026-08-24T07:28:36.184+0000] {processor.py:208} INFO - Processing /opt/airflow/dags/05_etl_weather_postgres.py took 0.116 seconds
[2026-08-24T07:29:07.089+0000] {processor.py:186} INFO - Started process (PID=544) to work on /opt/airflow/dags/05_etl_weather_postgres.py
[2026-08-24T07:29:07.091+0000] {processor.py:914} INFO - Processing file /opt/airflow/dags/05_etl_weather_postgres.py for tasks to queue
[2026-08-24T07:29:07.094+0000] {logging_mixin.py:190} INFO - [2026-08-24T07:29:07.093+0000] {dagbag.py:588} INFO - Filling up the DagBag from /opt/airflow/dags/05_etl_weather_postgres.py
[2026-08-24T07:29:07.117+0000] {processor.py:925} INFO - DAG(s) 'etl_weather_postgres_dag' retrieved from /opt/airflow/dags/05_etl_weather_postgres.py
[2026-08-24T07:29:07.145+0000] {logging_mixin.py:190} INFO - [2026-08-24T07:29:07.145+0000] {dag.py:3239} INFO - Sync 1 DAGs
[2026-08-24T07:29:07.160+0000] {logging_mixin.py:190} INFO - [2026-08-24T07:29:07.159+0000] {dag.py:4180} INFO - Setting next_dagrun for etl_weather_postgres_dag to None, run_after=None
[2026-08-24T07:29:07.185+0000] {processor.py:208} INFO - Processing /opt/airflow/dags/05_etl_weather_postgres.py took 0.102 seconds
[2026-08-24T07:29:37.842+0000] {processor.py:186} INFO - Started process (PID=555) to work on /opt/airflow/dags/05_etl_weather_postgres.py
[2026-08-24T07:29:37.843+0000] {processor.py:914} INFO - Processing file /opt/airflow/dags/05_etl_weather_postgres.py for tasks to queue
[2026-08-24T07:29:37.845+0000] {logging_mixin.py:190} INFO - [2026-08-24T07:29:37.844+0000] {dagbag.py:588} INFO - Filling up the DagBag from /opt/airflow/dags/05_etl_weather_postgres.py
[2026-08-24T07:29:37.861+0000] {processor.py:925} INFO - DAG(s) 'etl_weather_postgres_dag' retrieved from /opt/airflow/dags/05_etl_weather_postgres.py
[2026-08-24T07:29:37.887+0000] {logging_mixin.py:190} INFO - [2026-08-24T07:29:37.887+0000] {dag.py:3239} INFO - Sync 1 DAGs
[2026-08-24T07:29:37.900+0000] {logging_mixin.py:190} INFO - [2026-08-24T07:29:37.900+0000] {dag.py:4180} INFO - Setting next_dagrun for etl_weather_postgres_dag to None, run_after=None
[2026-08-24T07:29:37.923+0000] {processor.py:208} INFO - Processing /opt/airflow/dags/05_etl_weather_postgres.py took 0.086 seconds
[2026-08-24T07:30:08.751+0000] {processor.py:186} INFO - Started process (PID=566) to work on /opt/airflow/dags/05_etl_weather_postgres.py
[2026-08-24T07:30:08.753+0000] {processor.py:914} INFO - Processing file /opt/airflow/dags/05_etl_weather_postgres.py for tasks to queue
[2026-08-24T07:30:08.756+0000] {logging_mixin.py:190} INFO - [2026-08-24T07:30:08.756+0000] {dagbag.py:588} INFO - Filling up the DagBag from /opt/airflow/dags/05_etl_weather_postgres.py
[2026-08-24T07:30:08.785+0000] {processor.py:925} INFO - DAG(s) 'etl_weather_postgres_dag' retrieved from /opt/airflow/dags/05_etl_weather_postgres.py
[2026-08-24T07:30:08.817+0000] {logging_mixin.py:190} INFO - [2026-08-24T07:30:08.817+0000] {dag.py:3239} INFO - Sync 1 DAGs
[2026-08-24T07:30:08.831+0000] {logging_mixin.py:190} INFO - [2026-08-24T07:30:08.830+0000] {dag.py:4180} INFO - Setting next_dagrun for etl_weather_postgres_dag to None, run_after=None
[2026-08-24T07:30:08.857+0000] {processor.py:208} INFO - Processing /opt/airflow/dags/05_etl_weather_postgres.py took 0.115 seconds
[2026-08-24T07:30:38.977+0000] {processor.py:186} INFO - Started process (PID=577) to work on /opt/airflow/dags/05_etl_weather_postgres.py
[2026-08-24T07:30:38.978+0000] {processor.py:914} INFO - Processing file /opt/airflow/dags/05_etl_weather_postgres.py for tasks to queue
[2026-08-24T07:30:38.980+0000] {logging_mixin.py:190} INFO - [2026-08-24T07:30:38.980+0000] {dagbag.py:588} INFO - Filling up the DagBag from /opt/airflow/dags/05_etl_weather_postgres.py
[2026-08-24T07:30:38.995+0000] {processor.py:925} INFO - DAG(s) 'etl_weather_postgres_dag' retrieved from /opt/airflow/dags/05_etl_weather_postgres.py
[2026-08-24T07:30:39.020+0000] {logging_mixin.py:190} INFO - [2026-08-24T07:30:39.020+0000] {dag.py:3239} INFO - Sync 1 DAGs
[2026-08-24T07:30:39.031+0000] {logging_mixin.py:190} INFO - [2026-08-24T07:30:39.031+0000] {dag.py:4180} INFO - Setting next_dagrun for etl_weather_postgres_dag to None, run_after=None
[2026-08-24T07:30:39.048+0000] {processor.py:208} INFO - Processing /opt/airflow/dags/05_etl_weather_postgres.py took 0.077 seconds
[2026-08-24T07:31:09.961+0000] {processor.py:186} INFO - Started process (PID=588) to work on /opt/airflow/dags/05_etl_weather_postgres.py
[2026-08-24T07:31:09.963+0000] {processor.py:914} INFO - Processing file /opt/airflow/dags/05_etl_weather_postgres.py for tasks to queue
[2026-08-24T07:31:09.969+0000] {logging_mixin.py:190} INFO - [2026-08-24T07:31:09.969+0000] {dagbag.py:588} INFO - Filling up the DagBag from /opt/airflow/dags/05_etl_weather_postgres.py
[2026-08-24T07:31:10.018+0000] {processor.py:925} INFO - DAG(s) 'etl_weather_postgres_dag' retrieved from /opt/airflow/dags/05_etl_weather_postgres.py
[2026-08-24T07:31:10.057+0000] {logging_mixin.py:190} INFO - [2026-08-24T07:31:10.057+0000] {dag.py:3239} INFO - Sync 1 DAGs
[2026-08-24T07:31:10.071+0000] {logging_mixin.py:190} INFO - [2026-08-24T07:31:10.070+0000] {dag.py:4180} INFO - Setting next_dagrun for etl_weather_postgres_dag to None, run_after=None
[2026-08-24T07:31:10.089+0000] {processor.py:208} INFO - Processing /opt/airflow/dags/05_etl_weather_postgres.py took 0.147 seconds
[2026-08-24T07:31:40.312+0000] {processor.py:186} INFO - Started process (PID=599) to work on /opt/airflow/dags/05_etl_weather_postgres.py
[2026-08-24T07:31:40.314+0000] {processor.py:914} INFO - Processing file /opt/airflow/dags/05_etl_weather_postgres.py for tasks to queue
[2026-08-24T07:31:40.317+0000] {logging_mixin.py:190} INFO - [2026-08-24T07:31:40.316+0000] {dagbag.py:588} INFO - Filling up the DagBag from /opt/airflow/dags/05_etl_weather_postgres.py
[2026-08-24T07:31:40.343+0000] {processor.py:925} INFO - DAG(s) 'etl_weather_postgres_dag' retrieved from /opt/airflow/dags/05_etl_weather_postgres.py
[2026-08-24T07:31:40.373+0000] {logging_mixin.py:190} INFO - [2026-08-24T07:31:40.373+0000] {dag.py:3239} INFO - Sync 1 DAGs
[2026-08-24T07:31:40.387+0000] {logging_mixin.py:190} INFO - [2026-08-24T07:31:40.386+0000] {dag.py:4180} INFO - Setting next_dagrun for etl_weather_postgres_dag to None, run_after=None
[2026-08-24T07:31:40.409+0000] {processor.py:208} INFO - Processing /opt/airflow/dags/05_etl_weather_postgres.py took 0.106 seconds
[2026-08-24T07:32:11.233+0000] {processor.py:186} INFO - Started process (PID=610) to work on /opt/airflow/dags/05_etl_weather_postgres.py
[2026-08-24T07:32:11.235+0000] {processor.py:914} INFO - Processing file /opt/airflow/dags/05_etl_weather_postgres.py for tasks to queue
[2026-08-24T07:32:11.238+0000] {logging_mixin.py:190} INFO - [2026-08-24T07:32:11.238+0000] {dagbag.py:588} INFO - Filling up the DagBag from /opt/airflow/dags/05_etl_weather_postgres.py
[2026-08-24T07:32:11.255+0000] {processor.py:925} INFO - DAG(s) 'etl_weather_postgres_dag' retrieved from /opt/airflow/dags/05_etl_weather_postgres.py
[2026-08-24T07:32:11.278+0000] {logging_mixin.py:190} INFO - [2026-08-24T07:32:11.277+0000] {dag.py:3239} INFO - Sync 1 DAGs
[2026-08-24T07:32:11.289+0000] {logging_mixin.py:190} INFO - [2026-08-24T07:32:11.289+0000] {dag.py:4180} INFO - Setting next_dagrun for etl_weather_postgres_dag to None, run_after=None
[2026-08-24T07:32:11.307+0000] {processor.py:208} INFO - Processing /opt/airflow/dags/05_etl_weather_postgres.py took 0.079 seconds
[2026-08-24T07:32:41.400+0000] {processor.py:186} INFO - Started process (PID=621) to work on /opt/airflow/dags/05_etl_weather_postgres.py
[2026-08-24T07:32:41.401+0000] {processor.py:914} INFO - Processing file /opt/airflow/dags/05_etl_weather_postgres.py for tasks to queue
[2026-08-24T07:32:41.403+0000] {logging_mixin.py:190} INFO - [2026-08-24T07:32:41.403+0000] {dagbag.py:588} INFO - Filling up the DagBag from /opt/airflow/dags/05_etl_weather_postgres.py
[2026-08-24T07:32:41.420+0000] {processor.py:925} INFO - DAG(s) 'etl_weather_postgres_dag' retrieved from /opt/airflow/dags/05_etl_weather_postgres.py
[2026-08-24T07:32:41.444+0000] {logging_mixin.py:190} INFO - [2026-08-24T07:32:41.444+0000] {dag.py:3239} INFO - Sync 1 DAGs
[2026-08-24T07:32:41.456+0000] {logging_mixin.py:190} INFO - [2026-08-24T07:32:41.455+0000] {dag.py:4180} INFO - Setting next_dagrun for etl_weather_postgres_dag to None, run_after=None
[2026-08-24T07:32:41.472+0000] {processor.py:208} INFO - Processing /opt/airflow/dags/05_etl_weather_postgres.py took 0.077 seconds
[2026-08-24T07:33:12.123+0000] {processor.py:186} INFO - Started process (PID=632) to work on /opt/airflow/dags/05_etl_weather_postgres.py
[2026-08-24T07:33:12.124+0000] {processor.py:914} INFO - Processing file /opt/airflow/dags/05_etl_weather_postgres.py for tasks to queue
[2026-08-24T07:33:12.126+0000] {logging_mixin.py:190} INFO - [2026-08-24T07:33:12.126+0000] {dagbag.py:588} INFO - Filling up the DagBag from /opt/airflow/dags/05_etl_weather_postgres.py
[2026-08-24T07:33:12.145+0000] {processor.py:925} INFO - DAG(s) 'etl_weather_postgres_dag' retrieved from /opt/airflow/dags/05_etl_weather_postgres.py
[2026-08-24T07:33:12.170+0000] {logging_mixin.py:190} INFO - [2026-08-24T07:33:12.170+0000] {dag.py:3239} INFO - Sync 1 DAGs
[2026-08-24T07:33:12.181+0000] {logging_mixin.py:190} INFO - [2026-08-24T07:33:12.181+0000] {dag.py:4180} INFO - Setting next_dagrun for etl_weather_postgres_dag to None, run_after=None
[2026-08-24T07:33:12.204+0000] {processor.py:208} INFO - Processing /opt/airflow/dags/05_etl_weather_postgres.py took 0.085 seconds
[2026-08-24T07:33:43.015+0000] {processor.py:186} INFO - Started process (PID=643) to work on /opt/airflow/dags/05_etl_weather_postgres.py
[2026-08-24T07:33:43.016+0000] {processor.py:914} INFO - Processing file /opt/airflow/dags/05_etl_weather_postgres.py for tasks to queue
[2026-08-24T07:33:43.019+0000] {logging_mixin.py:190} INFO - [2026-08-24T07:33:43.019+0000] {dagbag.py:588} INFO - Filling up the DagBag from /opt/airflow/dags/05_etl_weather_postgres.py
[2026-08-24T07:33:43.036+0000] {processor.py:925} INFO - DAG(s) 'etl_weather_postgres_dag' retrieved from /opt/airflow/dags/05_etl_weather_postgres.py
[2026-08-24T07:33:43.071+0000] {logging_mixin.py:190} INFO - [2026-08-24T07:33:43.070+0000] {dag.py:3239} INFO - Sync 1 DAGs
[2026-08-24T07:33:43.082+0000] {logging_mixin.py:190} INFO - [2026-08-24T07:33:43.081+0000] {dag.py:4180} INFO - Setting next_dagrun for etl_weather_postgres_dag to None, run_after=None
[2026-08-24T07:33:43.099+0000] {processor.py:208} INFO - Processing /opt/airflow/dags/05_etl_weather_postgres.py took 0.089 seconds
[2026-08-24T07:34:13.830+0000] {processor.py:186} INFO - Started process (PID=654) to work on /opt/airflow/dags/05_etl_weather_postgres.py
[2026-08-24T07:34:13.831+0000] {processor.py:914} INFO - Processing file /opt/airflow/dags/05_etl_weather_postgres.py for tasks to queue
[2026-08-24T07:34:13.834+0000] {logging_mixin.py:190} INFO - [2026-08-24T07:34:13.834+0000] {dagbag.py:588} INFO - Filling up the DagBag from /opt/airflow/dags/05_etl_weather_postgres.py
[2026-08-24T07:34:13.856+0000] {processor.py:925} INFO - DAG(s) 'etl_weather_postgres_dag' retrieved from /opt/airflow/dags/05_etl_weather_postgres.py
[2026-08-24T07:34:13.882+0000] {logging_mixin.py:190} INFO - [2026-08-24T07:34:13.881+0000] {dag.py:3239} INFO - Sync 1 DAGs
[2026-08-24T07:34:13.893+0000] {logging_mixin.py:190} INFO - [2026-08-24T07:34:13.893+0000] {dag.py:4180} INFO - Setting next_dagrun for etl_weather_postgres_dag to None, run_after=None
[2026-08-24T07:34:13.916+0000] {processor.py:208} INFO - Processing /opt/airflow/dags/05_etl_weather_postgres.py took 0.092 seconds
[2026-08-24T07:34:44.794+0000] {processor.py:186} INFO - Started process (PID=665) to work on /opt/airflow/dags/05_etl_weather_postgres.py
[2026-08-24T07:34:44.795+0000] {processor.py:914} INFO - Processing file /opt/airflow/dags/05_etl_weather_postgres.py for tasks to queue
[2026-08-24T07:34:44.798+0000] {logging_mixin.py:190} INFO - [2026-08-24T07:34:44.798+0000] {dagbag.py:588} INFO - Filling up the DagBag from /opt/airflow/dags/05_etl_weather_postgres.py
[2026-08-24T07:34:44.818+0000] {processor.py:925} INFO - DAG(s) 'etl_weather_postgres_dag' retrieved from /opt/airflow/dags/05_etl_weather_postgres.py
[2026-08-24T07:34:44.840+0000] {logging_mixin.py:190} INFO - [2026-08-24T07:34:44.840+0000] {dag.py:3239} INFO - Sync 1 DAGs
[2026-08-24T07:34:44.852+0000] {logging_mixin.py:190} INFO - [2026-08-24T07:34:44.851+0000] {dag.py:4180} INFO - Setting next_dagrun for etl_weather_postgres_dag to None, run_after=None
[2026-08-24T07:34:44.873+0000] {processor.py:208} INFO - Processing /opt/airflow/dags/05_etl_weather_postgres.py took 0.084 seconds
[2026-08-24T07:35:15.808+0000] {processor.py:186} INFO - Started process (PID=676) to work on /opt/airflow/dags/05_etl_weather_postgres.py
[2026-08-24T07:35:15.815+0000] {processor.py:914} INFO - Processing file /opt/airflow/dags/05_etl_weather_postgres.py for tasks to queue
[2026-08-24T07:35:15.818+0000] {logging_mixin.py:190} INFO - [2026-08-24T07:35:15.818+0000] {dagbag.py:588} INFO - Filling up the DagBag from /opt/airflow/dags/05_etl_weather_postgres.py
[2026-08-24T07:35:15.873+0000] {processor.py:925} INFO - DAG(s) 'etl_weather_postgres_dag' retrieved from /opt/airflow/dags/05_etl_weather_postgres.py
[2026-08-24T07:35:15.901+0000] {logging_mixin.py:190} INFO - [2026-08-24T07:35:15.901+0000] {dag.py:3239} INFO - Sync 1 DAGs
[2026-08-24T07:35:15.914+0000] {logging_mixin.py:190} INFO - [2026-08-24T07:35:15.914+0000] {dag.py:4180} INFO - Setting next_dagrun for etl_weather_postgres_dag to None, run_after=None
[2026-08-24T07:35:15.932+0000] {processor.py:208} INFO - Processing /opt/airflow/dags/05_etl_weather_postgres.py took 0.131 seconds
[2026-08-24T07:35:46.773+0000] {processor.py:186} INFO - Started process (PID=686) to work on /opt/airflow/dags/05_etl_weather_postgres.py
[2026-08-24T07:35:46.774+0000] {processor.py:914} INFO - Processing file /opt/airflow/dags/05_etl_weather_postgres.py for tasks to queue
[2026-08-24T07:35:46.777+0000] {logging_mixin.py:190} INFO - [2026-08-24T07:35:46.776+0000] {dagbag.py:588} INFO - Filling up the DagBag from /opt/airflow/dags/05_etl_weather_postgres.py
[2026-08-24T07:35:46.795+0000] {processor.py:925} INFO - DAG(s) 'etl_weather_postgres_dag' retrieved from /opt/airflow/dags/05_etl_weather_postgres.py
[2026-08-24T07:35:46.820+0000] {logging_mixin.py:190} INFO - [2026-08-24T07:35:46.820+0000] {dag.py:3239} INFO - Sync 1 DAGs
[2026-08-24T07:35:46.833+0000] {logging_mixin.py:190} INFO - [2026-08-24T07:35:46.833+0000] {dag.py:4180} INFO - Setting next_dagrun for etl_weather_postgres_dag to None, run_after=None
[2026-08-24T07:35:46.851+0000] {processor.py:208} INFO - Processing /opt/airflow/dags/05_etl_weather_postgres.py took 0.082 seconds
[2026-08-24T07:36:17.569+0000] {processor.py:186} INFO - Started process (PID=697) to work on /opt/airflow/dags/05_etl_weather_postgres.py
[2026-08-24T07:36:17.570+0000] {processor.py:914} INFO - Processing file /opt/airflow/dags/05_etl_weather_postgres.py for tasks to queue
[2026-08-24T07:36:17.572+0000] {logging_mixin.py:190} INFO - [2026-08-24T07:36:17.572+0000] {dagbag.py:588} INFO - Filling up the DagBag from /opt/airflow/dags/05_etl_weather_postgres.py
[2026-08-24T07:36:17.598+0000] {processor.py:925} INFO - DAG(s) 'etl_weather_postgres_dag' retrieved from /opt/airflow/dags/05_etl_weather_postgres.py
[2026-08-24T07:36:17.631+0000] {logging_mixin.py:190} INFO - [2026-08-24T07:36:17.630+0000] {dag.py:3239} INFO - Sync 1 DAGs
[2026-08-24T07:36:17.644+0000] {logging_mixin.py:190} INFO - [2026-08-24T07:36:17.644+0000] {dag.py:4180} INFO - Setting next_dagrun for etl_weather_postgres_dag to None, run_after=None
[2026-08-24T07:36:17.666+0000] {processor.py:208} INFO - Processing /opt/airflow/dags/05_etl_weather_postgres.py took 0.104 seconds
[2026-08-24T07:36:48.358+0000] {processor.py:186} INFO - Started process (PID=708) to work on /opt/airflow/dags/05_etl_weather_postgres.py
[2026-08-24T07:36:48.359+0000] {processor.py:914} INFO - Processing file /opt/airflow/dags/05_etl_weather_postgres.py for tasks to queue
[2026-08-24T07:36:48.361+0000] {logging_mixin.py:190} INFO - [2026-08-24T07:36:48.361+0000] {dagbag.py:588} INFO - Filling up the DagBag from /opt/airflow/dags/05_etl_weather_postgres.py
[2026-08-24T07:36:48.375+0000] {processor.py:925} INFO - DAG(s) 'etl_weather_postgres_dag' retrieved from /opt/airflow/dags/05_etl_weather_postgres.py
[2026-08-24T07:36:48.399+0000] {logging_mixin.py:190} INFO - [2026-08-24T07:36:48.399+0000] {dag.py:3239} INFO - Sync 1 DAGs
[2026-08-24T07:36:48.410+0000] {logging_mixin.py:190} INFO - [2026-08-24T07:36:48.410+0000] {dag.py:4180} INFO - Setting next_dagrun for etl_weather_postgres_dag to None, run_after=None
[2026-08-24T07:36:48.430+0000] {processor.py:208} INFO - Processing /opt/airflow/dags/05_etl_weather_postgres.py took 0.077 seconds
[2026-08-24T07:37:19.321+0000] {processor.py:186} INFO - Started process (PID=719) to work on /opt/airflow/dags/05_etl_weather_postgres.py
[2026-08-24T07:37:19.322+0000] {processor.py:914} INFO - Processing file /opt/airflow/dags/05_etl_weather_postgres.py for tasks to queue
[2026-08-24T07:37:19.324+0000] {logging_mixin.py:190} INFO - [2026-08-24T07:37:19.323+0000] {dagbag.py:588} INFO - Filling up the DagBag from /opt/airflow/dags/05_etl_weather_postgres.py
[2026-08-24T07:37:19.339+0000] {processor.py:925} INFO - DAG(s) 'etl_weather_postgres_dag' retrieved from /opt/airflow/dags/05_etl_weather_postgres.py
[2026-08-24T07:37:19.363+0000] {logging_mixin.py:190} INFO - [2026-08-24T07:37:19.363+0000] {dag.py:3239} INFO - Sync 1 DAGs
[2026-08-24T07:37:19.374+0000] {logging_mixin.py:190} INFO - [2026-08-24T07:37:19.374+0000] {dag.py:4180} INFO - Setting next_dagrun for etl_weather_postgres_dag to None, run_after=None
[2026-08-24T07:37:19.390+0000] {processor.py:208} INFO - Processing /opt/airflow/dags/05_etl_weather_postgres.py took 0.074 seconds
[2026-08-24T07:37:50.239+0000] {processor.py:186} INFO - Started process (PID=730) to work on /opt/airflow/dags/05_etl_weather_postgres.py
[2026-08-24T07:37:50.240+0000] {processor.py:914} INFO - Processing file /opt/airflow/dags/05_etl_weather_postgres.py for tasks to queue
[2026-08-24T07:37:50.242+0000] {logging_mixin.py:190} INFO - [2026-08-24T07:37:50.242+0000] {dagbag.py:588} INFO - Filling up the DagBag from /opt/airflow/dags/05_etl_weather_postgres.py
[2026-08-24T07:37:50.260+0000] {processor.py:925} INFO - DAG(s) 'etl_weather_postgres_dag' retrieved from /opt/airflow/dags/05_etl_weather_postgres.py
[2026-08-24T07:37:50.282+0000] {logging_mixin.py:190} INFO - [2026-08-24T07:37:50.282+0000] {dag.py:3239} INFO - Sync 1 DAGs
[2026-08-24T07:37:50.294+0000] {logging_mixin.py:190} INFO - [2026-08-24T07:37:50.293+0000] {dag.py:4180} INFO - Setting next_dagrun for etl_weather_postgres_dag to None, run_after=None
[2026-08-24T07:37:50.313+0000] {processor.py:208} INFO - Processing /opt/airflow/dags/05_etl_weather_postgres.py took 0.080 seconds
[2026-08-24T07:38:21.037+0000] {processor.py:186} INFO - Started process (PID=741) to work on /opt/airflow/dags/05_etl_weather_postgres.py
[2026-08-24T07:38:21.038+0000] {processor.py:914} INFO - Processing file /opt/airflow/dags/05_etl_weather_postgres.py for tasks to queue
[2026-08-24T07:38:21.043+0000] {logging_mixin.py:190} INFO - [2026-08-24T07:38:21.043+0000] {dagbag.py:588} INFO - Filling up the DagBag from /opt/airflow/dags/05_etl_weather_postgres.py
[2026-08-24T07:38:21.073+0000] {processor.py:925} INFO - DAG(s) 'etl_weather_postgres_dag' retrieved from /opt/airflow/dags/05_etl_weather_postgres.py
[2026-08-24T07:38:21.103+0000] {logging_mixin.py:190} INFO - [2026-08-24T07:38:21.103+0000] {dag.py:3239} INFO - Sync 1 DAGs
[2026-08-24T07:38:21.119+0000] {logging_mixin.py:190} INFO - [2026-08-24T07:38:21.118+0000] {dag.py:4180} INFO - Setting next_dagrun for etl_weather_postgres_dag to None, run_after=None
[2026-08-24T07:38:21.147+0000] {processor.py:208} INFO - Processing /opt/airflow/dags/05_etl_weather_postgres.py took 0.120 seconds
[2026-08-24T07:38:51.988+0000] {processor.py:186} INFO - Started process (PID=752) to work on /opt/airflow/dags/05_etl_weather_postgres.py
[2026-08-24T07:38:51.989+0000] {processor.py:914} INFO - Processing file /opt/airflow/dags/05_etl_weather_postgres.py for tasks to queue
[2026-08-24T07:38:51.991+0000] {logging_mixin.py:190} INFO - [2026-08-24T07:38:51.990+0000] {dagbag.py:588} INFO - Filling up the DagBag from /opt/airflow/dags/05_etl_weather_postgres.py
[2026-08-24T07:38:52.012+0000] {processor.py:925} INFO - DAG(s) 'etl_weather_postgres_dag' retrieved from /opt/airflow/dags/05_etl_weather_postgres.py
[2026-08-24T07:38:52.035+0000] {logging_mixin.py:190} INFO - [2026-08-24T07:38:52.035+0000] {dag.py:3239} INFO - Sync 1 DAGs
[2026-08-24T07:38:52.052+0000] {logging_mixin.py:190} INFO - [2026-08-24T07:38:52.052+0000] {dag.py:4180} INFO - Setting next_dagrun for etl_weather_postgres_dag to None, run_after=None
[2026-08-24T07:38:52.068+0000] {processor.py:208} INFO - Processing /opt/airflow/dags/05_etl_weather_postgres.py took 0.086 seconds
[2026-08-24T07:39:22.818+0000] {processor.py:186} INFO - Started process (PID=763) to work on /opt/airflow/dags/05_etl_weather_postgres.py
[2026-08-24T07:39:22.819+0000] {processor.py:914} INFO - Processing file /opt/airflow/dags/05_etl_weather_postgres.py for tasks to queue
[2026-08-24T07:39:22.821+0000] {logging_mixin.py:190} INFO - [2026-08-24T07:39:22.821+0000] {dagbag.py:588} INFO - Filling up the DagBag from /opt/airflow/dags/05_etl_weather_postgres.py
[2026-08-24T07:39:22.837+0000] {processor.py:925} INFO - DAG(s) 'etl_weather_postgres_dag' retrieved from /opt/airflow/dags/05_etl_weather_postgres.py
[2026-08-24T07:39:22.860+0000] {logging_mixin.py:190} INFO - [2026-08-24T07:39:22.860+0000] {dag.py:3239} INFO - Sync 1 DAGs
[2026-08-24T07:39:22.870+0000] {logging_mixin.py:190} INFO - [2026-08-24T07:39:22.870+0000] {dag.py:4180} INFO - Setting next_dagrun for etl_weather_postgres_dag to None, run_after=None
[2026-08-24T07:39:22.892+0000] {processor.py:208} INFO - Processing /opt/airflow/dags/05_etl_weather_postgres.py took 0.079 seconds
[2026-08-24T07:39:52.959+0000] {processor.py:186} INFO - Started process (PID=774) to work on /opt/airflow/dags/05_etl_weather_postgres.py
[2026-08-24T07:39:52.960+0000] {processor.py:914} INFO - Processing file /opt/airflow/dags/05_etl_weather_postgres.py for tasks to queue
[2026-08-24T07:39:52.963+0000] {logging_mixin.py:190} INFO - [2026-08-24T07:39:52.962+0000] {dagbag.py:588} INFO - Filling up the DagBag from /opt/airflow/dags/05_etl_weather_postgres.py
[2026-08-24T07:39:52.984+0000] {processor.py:925} INFO - DAG(s) 'etl_weather_postgres_dag' retrieved from /opt/airflow/dags/05_etl_weather_postgres.py
[2026-08-24T07:39:53.007+0000] {logging_mixin.py:190} INFO - [2026-08-24T07:39:53.007+0000] {dag.py:3239} INFO - Sync 1 DAGs
[2026-08-24T07:39:53.021+0000] {logging_mixin.py:190} INFO - [2026-08-24T07:39:53.021+0000] {dag.py:4180} INFO - Setting next_dagrun for etl_weather_postgres_dag to None, run_after=None
[2026-08-24T07:39:53.047+0000] {processor.py:208} INFO - Processing /opt/airflow/dags/05_etl_weather_postgres.py took 0.093 seconds
[2026-08-24T07:40:23.763+0000] {processor.py:186} INFO - Started process (PID=791) to work on /opt/airflow/dags/05_etl_weather_postgres.py
[2026-08-24T07:40:23.764+0000] {processor.py:914} INFO - Processing file /opt/airflow/dags/05_etl_weather_postgres.py for tasks to queue
[2026-08-24T07:40:23.767+0000] {logging_mixin.py:190} INFO - [2026-08-24T07:40:23.767+0000] {dagbag.py:588} INFO - Filling up the DagBag from /opt/airflow/dags/05_etl_weather_postgres.py
[2026-08-24T07:40:23.792+0000] {processor.py:925} INFO - DAG(s) 'etl_weather_postgres_dag' retrieved from /opt/airflow/dags/05_etl_weather_postgres.py
[2026-08-24T07:40:23.822+0000] {logging_mixin.py:190} INFO - [2026-08-24T07:40:23.822+0000] {dag.py:3239} INFO - Sync 1 DAGs
[2026-08-24T07:40:23.837+0000] {logging_mixin.py:190} INFO - [2026-08-24T07:40:23.836+0000] {dag.py:4180} INFO - Setting next_dagrun for etl_weather_postgres_dag to None, run_after=None
[2026-08-24T07:40:23.859+0000] {processor.py:208} INFO - Processing /opt/airflow/dags/05_etl_weather_postgres.py took 0.109 seconds
[2026-08-24T07:40:54.036+0000] {processor.py:186} INFO - Started process (PID=802) to work on /opt/airflow/dags/05_etl_weather_postgres.py
[2026-08-24T07:40:54.040+0000] {processor.py:914} INFO - Processing file /opt/airflow/dags/05_etl_weather_postgres.py for tasks to queue
[2026-08-24T07:40:54.045+0000] {logging_mixin.py:190} INFO - [2026-08-24T07:40:54.044+0000] {dagbag.py:588} INFO - Filling up the DagBag from /opt/airflow/dags/05_etl_weather_postgres.py
[2026-08-24T07:40:54.100+0000] {processor.py:925} INFO - DAG(s) 'etl_weather_postgres_dag' retrieved from /opt/airflow/dags/05_etl_weather_postgres.py
[2026-08-24T07:40:54.149+0000] {logging_mixin.py:190} INFO - [2026-08-24T07:40:54.148+0000] {dag.py:3239} INFO - Sync 1 DAGs
[2026-08-24T07:40:54.173+0000] {logging_mixin.py:190} INFO - [2026-08-24T07:40:54.173+0000] {dag.py:4180} INFO - Setting next_dagrun for etl_weather_postgres_dag to None, run_after=None
[2026-08-24T07:40:54.201+0000] {processor.py:208} INFO - Processing /opt/airflow/dags/05_etl_weather_postgres.py took 0.179 seconds
[2026-08-24T07:41:24.443+0000] {processor.py:186} INFO - Started process (PID=813) to work on /opt/airflow/dags/05_etl_weather_postgres.py
[2026-08-24T07:41:24.443+0000] {processor.py:914} INFO - Processing file /opt/airflow/dags/05_etl_weather_postgres.py for tasks to queue
[2026-08-24T07:41:24.446+0000] {logging_mixin.py:190} INFO - [2026-08-24T07:41:24.445+0000] {dagbag.py:588} INFO - Filling up the DagBag from /opt/airflow/dags/05_etl_weather_postgres.py
[2026-08-24T07:41:24.461+0000] {processor.py:925} INFO - DAG(s) 'etl_weather_postgres_dag' retrieved from /opt/airflow/dags/05_etl_weather_postgres.py
[2026-08-24T07:41:24.484+0000] {logging_mixin.py:190} INFO - [2026-08-24T07:41:24.484+0000] {dag.py:3239} INFO - Sync 1 DAGs
[2026-08-24T07:41:24.495+0000] {logging_mixin.py:190} INFO - [2026-08-24T07:41:24.495+0000] {dag.py:4180} INFO - Setting next_dagrun for etl_weather_postgres_dag to None, run_after=None
[2026-08-24T07:41:24.516+0000] {processor.py:208} INFO - Processing /opt/airflow/dags/05_etl_weather_postgres.py took 0.078 seconds
[2026-08-24T07:41:55.640+0000] {processor.py:186} INFO - Started process (PID=824) to work on /opt/airflow/dags/05_etl_weather_postgres.py
[2026-08-24T07:41:55.644+0000] {processor.py:914} INFO - Processing file /opt/airflow/dags/05_etl_weather_postgres.py for tasks to queue
[2026-08-24T07:41:55.647+0000] {logging_mixin.py:190} INFO - [2026-08-24T07:41:55.646+0000] {dagbag.py:588} INFO - Filling up the DagBag from /opt/airflow/dags/05_etl_weather_postgres.py
[2026-08-24T07:41:55.672+0000] {processor.py:925} INFO - DAG(s) 'etl_weather_postgres_dag' retrieved from /opt/airflow/dags/05_etl_weather_postgres.py
[2026-08-24T07:41:55.696+0000] {logging_mixin.py:190} INFO - [2026-08-24T07:41:55.696+0000] {dag.py:3239} INFO - Sync 1 DAGs
[2026-08-24T07:41:55.708+0000] {logging_mixin.py:190} INFO - [2026-08-24T07:41:55.708+0000] {dag.py:4180} INFO - Setting next_dagrun for etl_weather_postgres_dag to None, run_after=None
[2026-08-24T07:41:55.731+0000] {processor.py:208} INFO - Processing /opt/airflow/dags/05_etl_weather_postgres.py took 0.101 seconds
[2026-08-24T07:42:26.761+0000] {processor.py:186} INFO - Started process (PID=841) to work on /opt/airflow/dags/05_etl_weather_postgres.py
[2026-08-24T07:42:26.764+0000] {processor.py:914} INFO - Processing file /opt/airflow/dags/05_etl_weather_postgres.py for tasks to queue
[2026-08-24T07:42:26.769+0000] {logging_mixin.py:190} INFO - [2026-08-24T07:42:26.768+0000] {dagbag.py:588} INFO - Filling up the DagBag from /opt/airflow/dags/05_etl_weather_postgres.py
[2026-08-24T07:42:26.870+0000] {processor.py:925} INFO - DAG(s) 'etl_weather_postgres_dag' retrieved from /opt/airflow/dags/05_etl_weather_postgres.py
[2026-08-24T07:42:26.893+0000] {logging_mixin.py:190} INFO - [2026-08-24T07:42:26.893+0000] {dag.py:3239} INFO - Sync 1 DAGs
[2026-08-24T07:42:26.904+0000] {logging_mixin.py:190} INFO - [2026-08-24T07:42:26.904+0000] {dag.py:4180} INFO - Setting next_dagrun for etl_weather_postgres_dag to None, run_after=None
[2026-08-24T07:42:26.935+0000] {processor.py:208} INFO - Processing /opt/airflow/dags/05_etl_weather_postgres.py took 0.183 seconds
[2026-08-24T07:42:57.750+0000] {processor.py:186} INFO - Started process (PID=852) to work on /opt/airflow/dags/05_etl_weather_postgres.py
[2026-08-24T07:42:57.752+0000] {processor.py:914} INFO - Processing file /opt/airflow/dags/05_etl_weather_postgres.py for tasks to queue
[2026-08-24T07:42:57.760+0000] {logging_mixin.py:190} INFO - [2026-08-24T07:42:57.759+0000] {dagbag.py:588} INFO - Filling up the DagBag from /opt/airflow/dags/05_etl_weather_postgres.py
[2026-08-24T07:42:57.800+0000] {processor.py:925} INFO - DAG(s) 'etl_weather_postgres_dag' retrieved from /opt/airflow/dags/05_etl_weather_postgres.py
[2026-08-24T07:42:57.847+0000] {logging_mixin.py:190} INFO - [2026-08-24T07:42:57.847+0000] {dag.py:3239} INFO - Sync 1 DAGs
[2026-08-24T07:42:57.861+0000] {logging_mixin.py:190} INFO - [2026-08-24T07:42:57.860+0000] {dag.py:4180} INFO - Setting next_dagrun for etl_weather_postgres_dag to None, run_after=None
[2026-08-24T07:42:57.885+0000] {processor.py:208} INFO - Processing /opt/airflow/dags/05_etl_weather_postgres.py took 0.145 seconds
[2026-08-24T07:43:28.626+0000] {processor.py:186} INFO - Started process (PID=863) to work on /opt/airflow/dags/05_etl_weather_postgres.py
[2026-08-24T07:43:28.627+0000] {processor.py:914} INFO - Processing file /opt/airflow/dags/05_etl_weather_postgres.py for tasks to queue
[2026-08-24T07:43:28.630+0000] {logging_mixin.py:190} INFO - [2026-08-24T07:43:28.630+0000] {dagbag.py:588} INFO - Filling up the DagBag from /opt/airflow/dags/05_etl_weather_postgres.py
[2026-08-24T07:43:28.652+0000] {processor.py:925} INFO - DAG(s) 'etl_weather_postgres_dag' retrieved from /opt/airflow/dags/05_etl_weather_postgres.py
[2026-08-24T07:43:28.681+0000] {logging_mixin.py:190} INFO - [2026-08-24T07:43:28.681+0000] {dag.py:3239} INFO - Sync 1 DAGs
[2026-08-24T07:43:28.694+0000] {logging_mixin.py:190} INFO - [2026-08-24T07:43:28.693+0000] {dag.py:4180} INFO - Setting next_dagrun for etl_weather_postgres_dag to None, run_after=None
[2026-08-24T07:43:28.718+0000] {processor.py:208} INFO - Processing /opt/airflow/dags/05_etl_weather_postgres.py took 0.103 seconds
[2026-08-24T07:43:59.561+0000] {processor.py:186} INFO - Started process (PID=874) to work on /opt/airflow/dags/05_etl_weather_postgres.py
[2026-08-24T07:43:59.562+0000] {processor.py:914} INFO - Processing file /opt/airflow/dags/05_etl_weather_postgres.py for tasks to queue
[2026-08-24T07:43:59.564+0000] {logging_mixin.py:190} INFO - [2026-08-24T07:43:59.564+0000] {dagbag.py:588} INFO - Filling up the DagBag from /opt/airflow/dags/05_etl_weather_postgres.py
[2026-08-24T07:43:59.579+0000] {processor.py:925} INFO - DAG(s) 'etl_weather_postgres_dag' retrieved from /opt/airflow/dags/05_etl_weather_postgres.py
[2026-08-24T07:43:59.604+0000] {logging_mixin.py:190} INFO - [2026-08-24T07:43:59.604+0000] {dag.py:3239} INFO - Sync 1 DAGs
[2026-08-24T07:43:59.616+0000] {logging_mixin.py:190} INFO - [2026-08-24T07:43:59.616+0000] {dag.py:4180} INFO - Setting next_dagrun for etl_weather_postgres_dag to None, run_after=None
[2026-08-24T07:43:59.630+0000] {processor.py:208} INFO - Processing /opt/airflow/dags/05_etl_weather_postgres.py took 0.075 seconds
[2026-08-24T07:44:30.378+0000] {processor.py:186} INFO - Started process (PID=885) to work on /opt/airflow/dags/05_etl_weather_postgres.py
[2026-08-24T07:44:30.379+0000] {processor.py:914} INFO - Processing file /opt/airflow/dags/05_etl_weather_postgres.py for tasks to queue
[2026-08-24T07:44:30.382+0000] {logging_mixin.py:190} INFO - [2026-08-24T07:44:30.382+0000] {dagbag.py:588} INFO - Filling up the DagBag from /opt/airflow/dags/05_etl_weather_postgres.py
[2026-08-24T07:44:30.415+0000] {processor.py:925} INFO - DAG(s) 'etl_weather_postgres_dag' retrieved from /opt/airflow/dags/05_etl_weather_postgres.py
[2026-08-24T07:44:30.440+0000] {logging_mixin.py:190} INFO - [2026-08-24T07:44:30.440+0000] {dag.py:3239} INFO - Sync 1 DAGs
[2026-08-24T07:44:30.452+0000] {logging_mixin.py:190} INFO - [2026-08-24T07:44:30.451+0000] {dag.py:4180} INFO - Setting next_dagrun for etl_weather_postgres_dag to None, run_after=None
[2026-08-24T07:44:30.473+0000] {processor.py:208} INFO - Processing /opt/airflow/dags/05_etl_weather_postgres.py took 0.109 seconds
[2026-08-24T07:45:01.261+0000] {processor.py:186} INFO - Started process (PID=896) to work on /opt/airflow/dags/05_etl_weather_postgres.py
[2026-08-24T07:45:01.270+0000] {processor.py:914} INFO - Processing file /opt/airflow/dags/05_etl_weather_postgres.py for tasks to queue
[2026-08-24T07:45:01.277+0000] {logging_mixin.py:190} INFO - [2026-08-24T07:45:01.276+0000] {dagbag.py:588} INFO - Filling up the DagBag from /opt/airflow/dags/05_etl_weather_postgres.py
[2026-08-24T07:45:01.310+0000] {processor.py:925} INFO - DAG(s) 'etl_weather_postgres_dag' retrieved from /opt/airflow/dags/05_etl_weather_postgres.py
[2026-08-24T07:45:01.344+0000] {logging_mixin.py:190} INFO - [2026-08-24T07:45:01.344+0000] {dag.py:3239} INFO - Sync 1 DAGs
[2026-08-24T07:45:01.360+0000] {logging_mixin.py:190} INFO - [2026-08-24T07:45:01.360+0000] {dag.py:4180} INFO - Setting next_dagrun for etl_weather_postgres_dag to None, run_after=None
[2026-08-24T07:45:01.389+0000] {processor.py:208} INFO - Processing /opt/airflow/dags/05_etl_weather_postgres.py took 0.135 seconds
[2026-08-24T07:45:32.204+0000] {processor.py:186} INFO - Started process (PID=907) to work on /opt/airflow/dags/05_etl_weather_postgres.py
[2026-08-24T07:45:32.205+0000] {processor.py:914} INFO - Processing file /opt/airflow/dags/05_etl_weather_postgres.py for tasks to queue
[2026-08-24T07:45:32.207+0000] {logging_mixin.py:190} INFO - [2026-08-24T07:45:32.207+0000] {dagbag.py:588} INFO - Filling up the DagBag from /opt/airflow/dags/05_etl_weather_postgres.py
[2026-08-24T07:45:32.222+0000] {processor.py:925} INFO - DAG(s) 'etl_weather_postgres_dag' retrieved from /opt/airflow/dags/05_etl_weather_postgres.py
[2026-08-24T07:45:32.245+0000] {logging_mixin.py:190} INFO - [2026-08-24T07:45:32.245+0000] {dag.py:3239} INFO - Sync 1 DAGs
[2026-08-24T07:45:32.256+0000] {logging_mixin.py:190} INFO - [2026-08-24T07:45:32.256+0000] {dag.py:4180} INFO - Setting next_dagrun for etl_weather_postgres_dag to None, run_after=None
[2026-08-24T07:45:32.279+0000] {processor.py:208} INFO - Processing /opt/airflow/dags/05_etl_weather_postgres.py took 0.081 seconds
[2026-08-24T07:46:03.014+0000] {processor.py:186} INFO - Started process (PID=918) to work on /opt/airflow/dags/05_etl_weather_postgres.py
[2026-08-24T07:46:03.016+0000] {processor.py:914} INFO - Processing file /opt/airflow/dags/05_etl_weather_postgres.py for tasks to queue
[2026-08-24T07:46:03.018+0000] {logging_mixin.py:190} INFO - [2026-08-24T07:46:03.018+0000] {dagbag.py:588} INFO - Filling up the DagBag from /opt/airflow/dags/05_etl_weather_postgres.py
[2026-08-24T07:46:03.038+0000] {processor.py:925} INFO - DAG(s) 'etl_weather_postgres_dag' retrieved from /opt/airflow/dags/05_etl_weather_postgres.py
[2026-08-24T07:46:03.064+0000] {logging_mixin.py:190} INFO - [2026-08-24T07:46:03.064+0000] {dag.py:3239} INFO - Sync 1 DAGs
[2026-08-24T07:46:03.078+0000] {logging_mixin.py:190} INFO - [2026-08-24T07:46:03.078+0000] {dag.py:4180} INFO - Setting next_dagrun for etl_weather_postgres_dag to None, run_after=None
[2026-08-24T07:46:03.102+0000] {processor.py:208} INFO - Processing /opt/airflow/dags/05_etl_weather_postgres.py took 0.092 seconds
[2026-08-24T07:46:33.990+0000] {processor.py:186} INFO - Started process (PID=929) to work on /opt/airflow/dags/05_etl_weather_postgres.py
[2026-08-24T07:46:33.991+0000] {processor.py:914} INFO - Processing file /opt/airflow/dags/05_etl_weather_postgres.py for tasks to queue
[2026-08-24T07:46:33.994+0000] {logging_mixin.py:190} INFO - [2026-08-24T07:46:33.994+0000] {dagbag.py:588} INFO - Filling up the DagBag from /opt/airflow/dags/05_etl_weather_postgres.py
[2026-08-24T07:46:34.017+0000] {processor.py:925} INFO - DAG(s) 'etl_weather_postgres_dag' retrieved from /opt/airflow/dags/05_etl_weather_postgres.py
[2026-08-24T07:46:34.043+0000] {logging_mixin.py:190} INFO - [2026-08-24T07:46:34.042+0000] {dag.py:3239} INFO - Sync 1 DAGs
[2026-08-24T07:46:34.054+0000] {logging_mixin.py:190} INFO - [2026-08-24T07:46:34.054+0000] {dag.py:4180} INFO - Setting next_dagrun for etl_weather_postgres_dag to None, run_after=None
[2026-08-24T07:46:34.087+0000] {processor.py:208} INFO - Processing /opt/airflow/dags/05_etl_weather_postgres.py took 0.102 seconds
[2026-08-24T07:47:04.420+0000] {processor.py:186} INFO - Started process (PID=948) to work on /opt/airflow/dags/05_etl_weather_postgres.py
[2026-08-24T07:47:04.421+0000] {processor.py:914} INFO - Processing file /opt/airflow/dags/05_etl_weather_postgres.py for tasks to queue
[2026-08-24T07:47:04.423+0000] {logging_mixin.py:190} INFO - [2026-08-24T07:47:04.423+0000] {dagbag.py:588} INFO - Filling up the DagBag from /opt/airflow/dags/05_etl_weather_postgres.py
[2026-08-24T07:47:04.444+0000] {processor.py:925} INFO - DAG(s) 'etl_weather_postgres_dag' retrieved from /opt/airflow/dags/05_etl_weather_postgres.py
[2026-08-24T07:47:04.468+0000] {logging_mixin.py:190} INFO - [2026-08-24T07:47:04.468+0000] {dag.py:3239} INFO - Sync 1 DAGs
[2026-08-24T07:47:04.479+0000] {logging_mixin.py:190} INFO - [2026-08-24T07:47:04.479+0000] {dag.py:4180} INFO - Setting next_dagrun for etl_weather_postgres_dag to None, run_after=None
[2026-08-24T07:47:04.499+0000] {processor.py:208} INFO - Processing /opt/airflow/dags/05_etl_weather_postgres.py took 0.084 seconds
[2026-08-24T07:47:34.590+0000] {processor.py:186} INFO - Started process (PID=959) to work on /opt/airflow/dags/05_etl_weather_postgres.py
[2026-08-24T07:47:34.591+0000] {processor.py:914} INFO - Processing file /opt/airflow/dags/05_etl_weather_postgres.py for tasks to queue
[2026-08-24T07:47:34.593+0000] {logging_mixin.py:190} INFO - [2026-08-24T07:47:34.593+0000] {dagbag.py:588} INFO - Filling up the DagBag from /opt/airflow/dags/05_etl_weather_postgres.py
[2026-08-24T07:47:34.609+0000] {processor.py:925} INFO - DAG(s) 'etl_weather_postgres_dag' retrieved from /opt/airflow/dags/05_etl_weather_postgres.py
[2026-08-24T07:47:34.631+0000] {logging_mixin.py:190} INFO - [2026-08-24T07:47:34.631+0000] {dag.py:3239} INFO - Sync 1 DAGs
[2026-08-24T07:47:34.642+0000] {logging_mixin.py:190} INFO - [2026-08-24T07:47:34.642+0000] {dag.py:4180} INFO - Setting next_dagrun for etl_weather_postgres_dag to None, run_after=None
[2026-08-24T07:47:34.664+0000] {processor.py:208} INFO - Processing /opt/airflow/dags/05_etl_weather_postgres.py took 0.079 seconds
[2026-08-24T07:48:05.440+0000] {processor.py:186} INFO - Started process (PID=969) to work on /opt/airflow/dags/05_etl_weather_postgres.py
[2026-08-24T07:48:05.441+0000] {processor.py:914} INFO - Processing file /opt/airflow/dags/05_etl_weather_postgres.py for tasks to queue
[2026-08-24T07:48:05.443+0000] {logging_mixin.py:190} INFO - [2026-08-24T07:48:05.442+0000] {dagbag.py:588} INFO - Filling up the DagBag from /opt/airflow/dags/05_etl_weather_postgres.py
[2026-08-24T07:48:05.460+0000] {processor.py:925} INFO - DAG(s) 'etl_weather_postgres_dag' retrieved from /opt/airflow/dags/05_etl_weather_postgres.py
[2026-08-24T07:48:05.483+0000] {logging_mixin.py:190} INFO - [2026-08-24T07:48:05.483+0000] {dag.py:3239} INFO - Sync 1 DAGs
[2026-08-24T07:48:05.493+0000] {logging_mixin.py:190} INFO - [2026-08-24T07:48:05.493+0000] {dag.py:4180} INFO - Setting next_dagrun for etl_weather_postgres_dag to None, run_after=None
[2026-08-24T07:48:05.509+0000] {processor.py:208} INFO - Processing /opt/airflow/dags/05_etl_weather_postgres.py took 0.075 seconds
[2026-08-24T07:48:36.538+0000] {processor.py:186} INFO - Started process (PID=980) to work on /opt/airflow/dags/05_etl_weather_postgres.py
[2026-08-24T07:48:36.540+0000] {processor.py:914} INFO - Processing file /opt/airflow/dags/05_etl_weather_postgres.py for tasks to queue
[2026-08-24T07:48:36.543+0000] {logging_mixin.py:190} INFO - [2026-08-24T07:48:36.543+0000] {dagbag.py:588} INFO - Filling up the DagBag from /opt/airflow/dags/05_etl_weather_postgres.py
[2026-08-24T07:48:36.592+0000] {processor.py:925} INFO - DAG(s) 'etl_weather_postgres_dag' retrieved from /opt/airflow/dags/05_etl_weather_postgres.py
[2026-08-24T07:48:36.623+0000] {logging_mixin.py:190} INFO - [2026-08-24T07:48:36.623+0000] {dag.py:3239} INFO - Sync 1 DAGs
[2026-08-24T07:48:36.634+0000] {logging_mixin.py:190} INFO - [2026-08-24T07:48:36.634+0000] {dag.py:4180} INFO - Setting next_dagrun for etl_weather_postgres_dag to None, run_after=None
[2026-08-24T07:48:36.651+0000] {processor.py:208} INFO - Processing /opt/airflow/dags/05_etl_weather_postgres.py took 0.121 seconds
[2026-08-24T07:49:07.438+0000] {processor.py:186} INFO - Started process (PID=991) to work on /opt/airflow/dags/05_etl_weather_postgres.py
[2026-08-24T07:49:07.439+0000] {processor.py:914} INFO - Processing file /opt/airflow/dags/05_etl_weather_postgres.py for tasks to queue
[2026-08-24T07:49:07.442+0000] {logging_mixin.py:190} INFO - [2026-08-24T07:49:07.442+0000] {dagbag.py:588} INFO - Filling up the DagBag from /opt/airflow/dags/05_etl_weather_postgres.py
[2026-08-24T07:49:07.470+0000] {processor.py:925} INFO - DAG(s) 'etl_weather_postgres_dag' retrieved from /opt/airflow/dags/05_etl_weather_postgres.py
[2026-08-24T07:49:07.502+0000] {logging_mixin.py:190} INFO - [2026-08-24T07:49:07.501+0000] {dag.py:3239} INFO - Sync 1 DAGs
[2026-08-24T07:49:07.516+0000] {logging_mixin.py:190} INFO - [2026-08-24T07:49:07.515+0000] {dag.py:4180} INFO - Setting next_dagrun for etl_weather_postgres_dag to None, run_after=None
[2026-08-24T07:49:07.545+0000] {processor.py:208} INFO - Processing /opt/airflow/dags/05_etl_weather_postgres.py took 0.112 seconds
[2026-08-24T07:49:37.768+0000] {processor.py:186} INFO - Started process (PID=1002) to work on /opt/airflow/dags/05_etl_weather_postgres.py
[2026-08-24T07:49:37.769+0000] {processor.py:914} INFO - Processing file /opt/airflow/dags/05_etl_weather_postgres.py for tasks to queue
[2026-08-24T07:49:37.772+0000] {logging_mixin.py:190} INFO - [2026-08-24T07:49:37.771+0000] {dagbag.py:588} INFO - Filling up the DagBag from /opt/airflow/dags/05_etl_weather_postgres.py
[2026-08-24T07:49:37.811+0000] {processor.py:925} INFO - DAG(s) 'etl_weather_postgres_dag' retrieved from /opt/airflow/dags/05_etl_weather_postgres.py
[2026-08-24T07:49:37.848+0000] {logging_mixin.py:190} INFO - [2026-08-24T07:49:37.848+0000] {dag.py:3239} INFO - Sync 1 DAGs
[2026-08-24T07:49:37.862+0000] {logging_mixin.py:190} INFO - [2026-08-24T07:49:37.862+0000] {dag.py:4180} INFO - Setting next_dagrun for etl_weather_postgres_dag to None, run_after=None
[2026-08-24T07:49:37.883+0000] {processor.py:208} INFO - Processing /opt/airflow/dags/05_etl_weather_postgres.py took 0.121 seconds
[2026-08-24T07:50:09.026+0000] {processor.py:186} INFO - Started process (PID=1013) to work on /opt/airflow/dags/05_etl_weather_postgres.py
[2026-08-24T07:50:09.038+0000] {processor.py:914} INFO - Processing file /opt/airflow/dags/05_etl_weather_postgres.py for tasks to queue
[2026-08-24T07:50:09.060+0000] {logging_mixin.py:190} INFO - [2026-08-24T07:50:09.059+0000] {dagbag.py:588} INFO - Filling up the DagBag from /opt/airflow/dags/05_etl_weather_postgres.py
[2026-08-24T07:50:09.337+0000] {processor.py:925} INFO - DAG(s) 'etl_weather_postgres_dag' retrieved from /opt/airflow/dags/05_etl_weather_postgres.py
[2026-08-24T07:50:09.409+0000] {logging_mixin.py:190} INFO - [2026-08-24T07:50:09.409+0000] {dag.py:3239} INFO - Sync 1 DAGs
[2026-08-24T07:50:09.444+0000] {logging_mixin.py:190} INFO - [2026-08-24T07:50:09.444+0000] {dag.py:4180} INFO - Setting next_dagrun for etl_weather_postgres_dag to None, run_after=None
[2026-08-24T07:50:09.516+0000] {processor.py:208} INFO - Processing /opt/airflow/dags/05_etl_weather_postgres.py took 0.500 seconds
[2026-08-24T07:50:40.107+0000] {processor.py:186} INFO - Started process (PID=1024) to work on /opt/airflow/dags/05_etl_weather_postgres.py
[2026-08-24T07:50:40.118+0000] {processor.py:914} INFO - Processing file /opt/airflow/dags/05_etl_weather_postgres.py for tasks to queue
[2026-08-24T07:50:40.133+0000] {logging_mixin.py:190} INFO - [2026-08-24T07:50:40.132+0000] {dagbag.py:588} INFO - Filling up the DagBag from /opt/airflow/dags/05_etl_weather_postgres.py
[2026-08-24T07:50:40.302+0000] {processor.py:925} INFO - DAG(s) 'etl_weather_postgres_dag' retrieved from /opt/airflow/dags/05_etl_weather_postgres.py
[2026-08-24T07:50:40.359+0000] {logging_mixin.py:190} INFO - [2026-08-24T07:50:40.358+0000] {dag.py:3239} INFO - Sync 1 DAGs
[2026-08-24T07:50:40.395+0000] {logging_mixin.py:190} INFO - [2026-08-24T07:50:40.394+0000] {dag.py:4180} INFO - Setting next_dagrun for etl_weather_postgres_dag to None, run_after=None
[2026-08-24T07:50:40.447+0000] {processor.py:208} INFO - Processing /opt/airflow/dags/05_etl_weather_postgres.py took 0.350 seconds
[2026-08-24T07:51:11.577+0000] {processor.py:186} INFO - Started process (PID=1035) to work on /opt/airflow/dags/05_etl_weather_postgres.py
[2026-08-24T07:51:11.584+0000] {processor.py:914} INFO - Processing file /opt/airflow/dags/05_etl_weather_postgres.py for tasks to queue
[2026-08-24T07:51:11.602+0000] {logging_mixin.py:190} INFO - [2026-08-24T07:51:11.601+0000] {dagbag.py:588} INFO - Filling up the DagBag from /opt/airflow/dags/05_etl_weather_postgres.py
[2026-08-24T07:51:12.016+0000] {processor.py:925} INFO - DAG(s) 'etl_weather_postgres_dag' retrieved from /opt/airflow/dags/05_etl_weather_postgres.py
[2026-08-24T07:51:12.071+0000] {logging_mixin.py:190} INFO - [2026-08-24T07:51:12.071+0000] {dag.py:3239} INFO - Sync 1 DAGs
[2026-08-24T07:51:12.132+0000] {logging_mixin.py:190} INFO - [2026-08-24T07:51:12.132+0000] {dag.py:4180} INFO - Setting next_dagrun for etl_weather_postgres_dag to None, run_after=None
[2026-08-24T07:51:12.211+0000] {processor.py:208} INFO - Processing /opt/airflow/dags/05_etl_weather_postgres.py took 0.642 seconds
[2026-08-24T07:51:43.004+0000] {processor.py:186} INFO - Started process (PID=1046) to work on /opt/airflow/dags/05_etl_weather_postgres.py
[2026-08-24T07:51:43.005+0000] {processor.py:914} INFO - Processing file /opt/airflow/dags/05_etl_weather_postgres.py for tasks to queue
[2026-08-24T07:51:43.008+0000] {logging_mixin.py:190} INFO - [2026-08-24T07:51:43.007+0000] {dagbag.py:588} INFO - Filling up the DagBag from /opt/airflow/dags/05_etl_weather_postgres.py
[2026-08-24T07:51:43.040+0000] {processor.py:925} INFO - DAG(s) 'etl_weather_postgres_dag' retrieved from /opt/airflow/dags/05_etl_weather_postgres.py
[2026-08-24T07:51:43.069+0000] {logging_mixin.py:190} INFO - [2026-08-24T07:51:43.069+0000] {dag.py:3239} INFO - Sync 1 DAGs
[2026-08-24T07:51:43.084+0000] {logging_mixin.py:190} INFO - [2026-08-24T07:51:43.084+0000] {dag.py:4180} INFO - Setting next_dagrun for etl_weather_postgres_dag to None, run_after=None
[2026-08-24T07:51:43.106+0000] {processor.py:208} INFO - Processing /opt/airflow/dags/05_etl_weather_postgres.py took 0.107 seconds
[2026-08-24T07:52:13.776+0000] {processor.py:186} INFO - Started process (PID=1057) to work on /opt/airflow/dags/05_etl_weather_postgres.py
[2026-08-24T07:52:13.777+0000] {processor.py:914} INFO - Processing file /opt/airflow/dags/05_etl_weather_postgres.py for tasks to queue
[2026-08-24T07:52:13.781+0000] {logging_mixin.py:190} INFO - [2026-08-24T07:52:13.780+0000] {dagbag.py:588} INFO - Filling up the DagBag from /opt/airflow/dags/05_etl_weather_postgres.py
[2026-08-24T07:52:13.804+0000] {processor.py:925} INFO - DAG(s) 'etl_weather_postgres_dag' retrieved from /opt/airflow/dags/05_etl_weather_postgres.py
[2026-08-24T07:52:13.830+0000] {logging_mixin.py:190} INFO - [2026-08-24T07:52:13.830+0000] {dag.py:3239} INFO - Sync 1 DAGs
[2026-08-24T07:52:13.843+0000] {logging_mixin.py:190} INFO - [2026-08-24T07:52:13.842+0000] {dag.py:4180} INFO - Setting next_dagrun for etl_weather_postgres_dag to None, run_after=None
[2026-08-24T07:52:13.898+0000] {processor.py:208} INFO - Processing /opt/airflow/dags/05_etl_weather_postgres.py took 0.127 seconds
[2026-08-24T07:52:44.384+0000] {processor.py:186} INFO - Started process (PID=1068) to work on /opt/airflow/dags/05_etl_weather_postgres.py
[2026-08-24T07:52:44.385+0000] {processor.py:914} INFO - Processing file /opt/airflow/dags/05_etl_weather_postgres.py for tasks to queue
[2026-08-24T07:52:44.388+0000] {logging_mixin.py:190} INFO - [2026-08-24T07:52:44.387+0000] {dagbag.py:588} INFO - Filling up the DagBag from /opt/airflow/dags/05_etl_weather_postgres.py
[2026-08-24T07:52:44.406+0000] {processor.py:925} INFO - DAG(s) 'etl_weather_postgres_dag' retrieved from /opt/airflow/dags/05_etl_weather_postgres.py
[2026-08-24T07:52:44.431+0000] {logging_mixin.py:190} INFO - [2026-08-24T07:52:44.431+0000] {dag.py:3239} INFO - Sync 1 DAGs
[2026-08-24T07:52:44.443+0000] {logging_mixin.py:190} INFO - [2026-08-24T07:52:44.443+0000] {dag.py:4180} INFO - Setting next_dagrun for etl_weather_postgres_dag to None, run_after=None
[2026-08-24T07:52:44.459+0000] {processor.py:208} INFO - Processing /opt/airflow/dags/05_etl_weather_postgres.py took 0.081 seconds
[2026-08-24T07:53:15.203+0000] {processor.py:186} INFO - Started process (PID=1079) to work on /opt/airflow/dags/05_etl_weather_postgres.py
[2026-08-24T07:53:15.204+0000] {processor.py:914} INFO - Processing file /opt/airflow/dags/05_etl_weather_postgres.py for tasks to queue
[2026-08-24T07:53:15.206+0000] {logging_mixin.py:190} INFO - [2026-08-24T07:53:15.206+0000] {dagbag.py:588} INFO - Filling up the DagBag from /opt/airflow/dags/05_etl_weather_postgres.py
[2026-08-24T07:53:15.224+0000] {processor.py:925} INFO - DAG(s) 'etl_weather_postgres_dag' retrieved from /opt/airflow/dags/05_etl_weather_postgres.py
[2026-08-24T07:53:15.248+0000] {logging_mixin.py:190} INFO - [2026-08-24T07:53:15.248+0000] {dag.py:3239} INFO - Sync 1 DAGs
[2026-08-24T07:53:15.261+0000] {logging_mixin.py:190} INFO - [2026-08-24T07:53:15.261+0000] {dag.py:4180} INFO - Setting next_dagrun for etl_weather_postgres_dag to None, run_after=None
[2026-08-24T07:53:15.280+0000] {processor.py:208} INFO - Processing /opt/airflow/dags/05_etl_weather_postgres.py took 0.082 seconds
[2026-08-24T07:53:45.879+0000] {processor.py:186} INFO - Started process (PID=1090) to work on /opt/airflow/dags/05_etl_weather_postgres.py
[2026-08-24T07:53:45.880+0000] {processor.py:914} INFO - Processing file /opt/airflow/dags/05_etl_weather_postgres.py for tasks to queue
[2026-08-24T07:53:45.883+0000] {logging_mixin.py:190} INFO - [2026-08-24T07:53:45.882+0000] {dagbag.py:588} INFO - Filling up the DagBag from /opt/airflow/dags/05_etl_weather_postgres.py
[2026-08-24T07:53:45.937+0000] {processor.py:925} INFO - DAG(s) 'etl_weather_postgres_dag' retrieved from /opt/airflow/dags/05_etl_weather_postgres.py
[2026-08-24T07:53:45.964+0000] {logging_mixin.py:190} INFO - [2026-08-24T07:53:45.964+0000] {dag.py:3239} INFO - Sync 1 DAGs
[2026-08-24T07:53:45.977+0000] {logging_mixin.py:190} INFO - [2026-08-24T07:53:45.977+0000] {dag.py:4180} INFO - Setting next_dagrun for etl_weather_postgres_dag to None, run_after=None
[2026-08-24T07:53:45.992+0000] {processor.py:208} INFO - Processing /opt/airflow/dags/05_etl_weather_postgres.py took 0.118 seconds
[2026-08-24T07:54:16.566+0000] {processor.py:186} INFO - Started process (PID=1101) to work on /opt/airflow/dags/05_etl_weather_postgres.py
[2026-08-24T07:54:16.569+0000] {processor.py:914} INFO - Processing file /opt/airflow/dags/05_etl_weather_postgres.py for tasks to queue
[2026-08-24T07:54:16.572+0000] {logging_mixin.py:190} INFO - [2026-08-24T07:54:16.571+0000] {dagbag.py:588} INFO - Filling up the DagBag from /opt/airflow/dags/05_etl_weather_postgres.py
[2026-08-24T07:54:16.594+0000] {processor.py:925} INFO - DAG(s) 'etl_weather_postgres_dag' retrieved from /opt/airflow/dags/05_etl_weather_postgres.py
[2026-08-24T07:54:16.620+0000] {logging_mixin.py:190} INFO - [2026-08-24T07:54:16.619+0000] {dag.py:3239} INFO - Sync 1 DAGs
[2026-08-24T07:54:16.632+0000] {logging_mixin.py:190} INFO - [2026-08-24T07:54:16.632+0000] {dag.py:4180} INFO - Setting next_dagrun for etl_weather_postgres_dag to None, run_after=None
[2026-08-24T07:54:16.654+0000] {processor.py:208} INFO - Processing /opt/airflow/dags/05_etl_weather_postgres.py took 0.093 seconds
[2026-08-24T07:54:47.429+0000] {processor.py:186} INFO - Started process (PID=1112) to work on /opt/airflow/dags/05_etl_weather_postgres.py
[2026-08-24T07:54:47.431+0000] {processor.py:914} INFO - Processing file /opt/airflow/dags/05_etl_weather_postgres.py for tasks to queue
[2026-08-24T07:54:47.433+0000] {logging_mixin.py:190} INFO - [2026-08-24T07:54:47.433+0000] {dagbag.py:588} INFO - Filling up the DagBag from /opt/airflow/dags/05_etl_weather_postgres.py
[2026-08-24T07:54:47.450+0000] {processor.py:925} INFO - DAG(s) 'etl_weather_postgres_dag' retrieved from /opt/airflow/dags/05_etl_weather_postgres.py
[2026-08-24T07:54:47.476+0000] {logging_mixin.py:190} INFO - [2026-08-24T07:54:47.476+0000] {dag.py:3239} INFO - Sync 1 DAGs
[2026-08-24T07:54:47.488+0000] {logging_mixin.py:190} INFO - [2026-08-24T07:54:47.487+0000] {dag.py:4180} INFO - Setting next_dagrun for etl_weather_postgres_dag to None, run_after=None
[2026-08-24T07:54:47.507+0000] {processor.py:208} INFO - Processing /opt/airflow/dags/05_etl_weather_postgres.py took 0.083 seconds
[2026-08-24T07:55:18.188+0000] {processor.py:186} INFO - Started process (PID=1123) to work on /opt/airflow/dags/05_etl_weather_postgres.py
[2026-08-24T07:55:18.189+0000] {processor.py:914} INFO - Processing file /opt/airflow/dags/05_etl_weather_postgres.py for tasks to queue
[2026-08-24T07:55:18.190+0000] {logging_mixin.py:190} INFO - [2026-08-24T07:55:18.190+0000] {dagbag.py:588} INFO - Filling up the DagBag from /opt/airflow/dags/05_etl_weather_postgres.py
[2026-08-24T07:55:18.207+0000] {processor.py:925} INFO - DAG(s) 'etl_weather_postgres_dag' retrieved from /opt/airflow/dags/05_etl_weather_postgres.py
[2026-08-24T07:55:18.236+0000] {logging_mixin.py:190} INFO - [2026-08-24T07:55:18.235+0000] {dag.py:3239} INFO - Sync 1 DAGs
[2026-08-24T07:55:18.247+0000] {logging_mixin.py:190} INFO - [2026-08-24T07:55:18.247+0000] {dag.py:4180} INFO - Setting next_dagrun for etl_weather_postgres_dag to None, run_after=None
[2026-08-24T07:55:18.267+0000] {processor.py:208} INFO - Processing /opt/airflow/dags/05_etl_weather_postgres.py took 0.085 seconds
[2026-08-24T07:55:49.128+0000] {processor.py:186} INFO - Started process (PID=1134) to work on /opt/airflow/dags/05_etl_weather_postgres.py
[2026-08-24T07:55:49.130+0000] {processor.py:914} INFO - Processing file /opt/airflow/dags/05_etl_weather_postgres.py for tasks to queue
[2026-08-24T07:55:49.134+0000] {logging_mixin.py:190} INFO - [2026-08-24T07:55:49.134+0000] {dagbag.py:588} INFO - Filling up the DagBag from /opt/airflow/dags/05_etl_weather_postgres.py
[2026-08-24T07:55:49.162+0000] {processor.py:925} INFO - DAG(s) 'etl_weather_postgres_dag' retrieved from /opt/airflow/dags/05_etl_weather_postgres.py
[2026-08-24T07:55:49.187+0000] {logging_mixin.py:190} INFO - [2026-08-24T07:55:49.186+0000] {dag.py:3239} INFO - Sync 1 DAGs
[2026-08-24T07:55:49.199+0000] {logging_mixin.py:190} INFO - [2026-08-24T07:55:49.198+0000] {dag.py:4180} INFO - Setting next_dagrun for etl_weather_postgres_dag to None, run_after=None
[2026-08-24T07:55:49.265+0000] {processor.py:208} INFO - Processing /opt/airflow/dags/05_etl_weather_postgres.py took 0.142 seconds
[2026-08-24T07:56:20.239+0000] {processor.py:186} INFO - Started process (PID=1145) to work on /opt/airflow/dags/05_etl_weather_postgres.py
[2026-08-24T07:56:20.240+0000] {processor.py:914} INFO - Processing file /opt/airflow/dags/05_etl_weather_postgres.py for tasks to queue
[2026-08-24T07:56:20.243+0000] {logging_mixin.py:190} INFO - [2026-08-24T07:56:20.242+0000] {dagbag.py:588} INFO - Filling up the DagBag from /opt/airflow/dags/05_etl_weather_postgres.py
[2026-08-24T07:56:20.259+0000] {processor.py:925} INFO - DAG(s) 'etl_weather_postgres_dag' retrieved from /opt/airflow/dags/05_etl_weather_postgres.py
[2026-08-24T07:56:20.284+0000] {logging_mixin.py:190} INFO - [2026-08-24T07:56:20.283+0000] {dag.py:3239} INFO - Sync 1 DAGs
[2026-08-24T07:56:20.296+0000] {logging_mixin.py:190} INFO - [2026-08-24T07:56:20.296+0000] {dag.py:4180} INFO - Setting next_dagrun for etl_weather_postgres_dag to None, run_after=None
[2026-08-24T07:56:20.317+0000] {processor.py:208} INFO - Processing /opt/airflow/dags/05_etl_weather_postgres.py took 0.082 seconds
[2026-08-24T07:56:50.630+0000] {processor.py:186} INFO - Started process (PID=1156) to work on /opt/airflow/dags/05_etl_weather_postgres.py
[2026-08-24T07:56:50.632+0000] {processor.py:914} INFO - Processing file /opt/airflow/dags/05_etl_weather_postgres.py for tasks to queue
[2026-08-24T07:56:50.635+0000] {logging_mixin.py:190} INFO - [2026-08-24T07:56:50.635+0000] {dagbag.py:588} INFO - Filling up the DagBag from /opt/airflow/dags/05_etl_weather_postgres.py
[2026-08-24T07:56:50.658+0000] {processor.py:925} INFO - DAG(s) 'etl_weather_postgres_dag' retrieved from /opt/airflow/dags/05_etl_weather_postgres.py
[2026-08-24T07:56:50.686+0000] {logging_mixin.py:190} INFO - [2026-08-24T07:56:50.686+0000] {dag.py:3239} INFO - Sync 1 DAGs
[2026-08-24T07:56:50.699+0000] {logging_mixin.py:190} INFO - [2026-08-24T07:56:50.699+0000] {dag.py:4180} INFO - Setting next_dagrun for etl_weather_postgres_dag to None, run_after=None
[2026-08-24T07:56:50.719+0000] {processor.py:208} INFO - Processing /opt/airflow/dags/05_etl_weather_postgres.py took 0.095 seconds
[2026-08-24T07:57:20.960+0000] {processor.py:186} INFO - Started process (PID=1167) to work on /opt/airflow/dags/05_etl_weather_postgres.py
[2026-08-24T07:57:20.963+0000] {processor.py:914} INFO - Processing file /opt/airflow/dags/05_etl_weather_postgres.py for tasks to queue
[2026-08-24T07:57:20.966+0000] {logging_mixin.py:190} INFO - [2026-08-24T07:57:20.966+0000] {dagbag.py:588} INFO - Filling up the DagBag from /opt/airflow/dags/05_etl_weather_postgres.py
[2026-08-24T07:57:21.006+0000] {processor.py:925} INFO - DAG(s) 'etl_weather_postgres_dag' retrieved from /opt/airflow/dags/05_etl_weather_postgres.py
[2026-08-24T07:57:21.049+0000] {logging_mixin.py:190} INFO - [2026-08-24T07:57:21.048+0000] {dag.py:3239} INFO - Sync 1 DAGs
[2026-08-24T07:57:21.065+0000] {logging_mixin.py:190} INFO - [2026-08-24T07:57:21.065+0000] {dag.py:4180} INFO - Setting next_dagrun for etl_weather_postgres_dag to None, run_after=None
[2026-08-24T07:57:21.094+0000] {processor.py:208} INFO - Processing /opt/airflow/dags/05_etl_weather_postgres.py took 0.148 seconds
[2026-08-24T07:57:51.255+0000] {processor.py:186} INFO - Started process (PID=1178) to work on /opt/airflow/dags/05_etl_weather_postgres.py
[2026-08-24T07:57:51.256+0000] {processor.py:914} INFO - Processing file /opt/airflow/dags/05_etl_weather_postgres.py for tasks to queue
[2026-08-24T07:57:51.260+0000] {logging_mixin.py:190} INFO - [2026-08-24T07:57:51.260+0000] {dagbag.py:588} INFO - Filling up the DagBag from /opt/airflow/dags/05_etl_weather_postgres.py
[2026-08-24T07:57:51.294+0000] {processor.py:925} INFO - DAG(s) 'etl_weather_postgres_dag' retrieved from /opt/airflow/dags/05_etl_weather_postgres.py
[2026-08-24T07:57:51.340+0000] {logging_mixin.py:190} INFO - [2026-08-24T07:57:51.340+0000] {dag.py:3239} INFO - Sync 1 DAGs
[2026-08-24T07:57:51.353+0000] {logging_mixin.py:190} INFO - [2026-08-24T07:57:51.353+0000] {dag.py:4180} INFO - Setting next_dagrun for etl_weather_postgres_dag to None, run_after=None
[2026-08-24T07:57:51.376+0000] {processor.py:208} INFO - Processing /opt/airflow/dags/05_etl_weather_postgres.py took 0.133 seconds
[2026-08-24T07:58:22.527+0000] {processor.py:186} INFO - Started process (PID=1189) to work on /opt/airflow/dags/05_etl_weather_postgres.py
[2026-08-24T07:58:22.532+0000] {processor.py:914} INFO - Processing file /opt/airflow/dags/05_etl_weather_postgres.py for tasks to queue
[2026-08-24T07:58:22.536+0000] {logging_mixin.py:190} INFO - [2026-08-24T07:58:22.535+0000] {dagbag.py:588} INFO - Filling up the DagBag from /opt/airflow/dags/05_etl_weather_postgres.py
[2026-08-24T07:58:22.605+0000] {processor.py:925} INFO - DAG(s) 'etl_weather_postgres_dag' retrieved from /opt/airflow/dags/05_etl_weather_postgres.py
[2026-08-24T07:58:22.674+0000] {logging_mixin.py:190} INFO - [2026-08-24T07:58:22.673+0000] {dag.py:3239} INFO - Sync 1 DAGs
[2026-08-24T07:58:22.700+0000] {logging_mixin.py:190} INFO - [2026-08-24T07:58:22.700+0000] {dag.py:4180} INFO - Setting next_dagrun for etl_weather_postgres_dag to None, run_after=None
[2026-08-24T07:58:22.729+0000] {processor.py:208} INFO - Processing /opt/airflow/dags/05_etl_weather_postgres.py took 0.217 seconds
[2026-08-24T07:58:52.961+0000] {processor.py:186} INFO - Started process (PID=1200) to work on /opt/airflow/dags/05_etl_weather_postgres.py
[2026-08-24T07:58:52.963+0000] {processor.py:914} INFO - Processing file /opt/airflow/dags/05_etl_weather_postgres.py for tasks to queue
[2026-08-24T07:58:52.968+0000] {logging_mixin.py:190} INFO - [2026-08-24T07:58:52.967+0000] {dagbag.py:588} INFO - Filling up the DagBag from /opt/airflow/dags/05_etl_weather_postgres.py
[2026-08-24T07:58:53.002+0000] {processor.py:925} INFO - DAG(s) 'etl_weather_postgres_dag' retrieved from /opt/airflow/dags/05_etl_weather_postgres.py
[2026-08-24T07:58:53.032+0000] {logging_mixin.py:190} INFO - [2026-08-24T07:58:53.031+0000] {dag.py:3239} INFO - Sync 1 DAGs
[2026-08-24T07:58:53.044+0000] {logging_mixin.py:190} INFO - [2026-08-24T07:58:53.044+0000] {dag.py:4180} INFO - Setting next_dagrun for etl_weather_postgres_dag to None, run_after=None
[2026-08-24T07:58:53.067+0000] {processor.py:208} INFO - Processing /opt/airflow/dags/05_etl_weather_postgres.py took 0.117 seconds
[2026-08-24T07:59:23.734+0000] {processor.py:186} INFO - Started process (PID=1211) to work on /opt/airflow/dags/05_etl_weather_postgres.py
[2026-08-24T07:59:23.735+0000] {processor.py:914} INFO - Processing file /opt/airflow/dags/05_etl_weather_postgres.py for tasks to queue
[2026-08-24T07:59:23.739+0000] {logging_mixin.py:190} INFO - [2026-08-24T07:59:23.738+0000] {dagbag.py:588} INFO - Filling up the DagBag from /opt/airflow/dags/05_etl_weather_postgres.py
[2026-08-24T07:59:23.771+0000] {processor.py:925} INFO - DAG(s) 'etl_weather_postgres_dag' retrieved from /opt/airflow/dags/05_etl_weather_postgres.py
[2026-08-24T07:59:23.803+0000] {logging_mixin.py:190} INFO - [2026-08-24T07:59:23.803+0000] {dag.py:3239} INFO - Sync 1 DAGs
[2026-08-24T07:59:23.815+0000] {logging_mixin.py:190} INFO - [2026-08-24T07:59:23.815+0000] {dag.py:4180} INFO - Setting next_dagrun for etl_weather_postgres_dag to None, run_after=None
[2026-08-24T07:59:23.830+0000] {processor.py:208} INFO - Processing /opt/airflow/dags/05_etl_weather_postgres.py took 0.107 seconds
[2026-08-24T07:59:54.588+0000] {processor.py:186} INFO - Started process (PID=1222) to work on /opt/airflow/dags/05_etl_weather_postgres.py
[2026-08-24T07:59:54.589+0000] {processor.py:914} INFO - Processing file /opt/airflow/dags/05_etl_weather_postgres.py for tasks to queue
[2026-08-24T07:59:54.591+0000] {logging_mixin.py:190} INFO - [2026-08-24T07:59:54.591+0000] {dagbag.py:588} INFO - Filling up the DagBag from /opt/airflow/dags/05_etl_weather_postgres.py
[2026-08-24T07:59:54.605+0000] {processor.py:925} INFO - DAG(s) 'etl_weather_postgres_dag' retrieved from /opt/airflow/dags/05_etl_weather_postgres.py
[2026-08-24T07:59:54.629+0000] {logging_mixin.py:190} INFO - [2026-08-24T07:59:54.629+0000] {dag.py:3239} INFO - Sync 1 DAGs
[2026-08-24T07:59:54.640+0000] {logging_mixin.py:190} INFO - [2026-08-24T07:59:54.639+0000] {dag.py:4180} INFO - Setting next_dagrun for etl_weather_postgres_dag to None, run_after=None
[2026-08-24T07:59:54.659+0000] {processor.py:208} INFO - Processing /opt/airflow/dags/05_etl_weather_postgres.py took 0.076 seconds
[2026-08-24T08:00:25.466+0000] {processor.py:186} INFO - Started process (PID=1233) to work on /opt/airflow/dags/05_etl_weather_postgres.py
[2026-08-24T08:00:25.467+0000] {processor.py:914} INFO - Processing file /opt/airflow/dags/05_etl_weather_postgres.py for tasks to queue
[2026-08-24T08:00:25.470+0000] {logging_mixin.py:190} INFO - [2026-08-24T08:00:25.469+0000] {dagbag.py:588} INFO - Filling up the DagBag from /opt/airflow/dags/05_etl_weather_postgres.py
[2026-08-24T08:00:25.489+0000] {processor.py:925} INFO - DAG(s) 'etl_weather_postgres_dag' retrieved from /opt/airflow/dags/05_etl_weather_postgres.py
[2026-08-24T08:00:25.520+0000] {logging_mixin.py:190} INFO - [2026-08-24T08:00:25.520+0000] {dag.py:3239} INFO - Sync 1 DAGs
[2026-08-24T08:00:25.536+0000] {logging_mixin.py:190} INFO - [2026-08-24T08:00:25.536+0000] {dag.py:4180} INFO - Setting next_dagrun for etl_weather_postgres_dag to None, run_after=None
[2026-08-24T08:00:25.556+0000] {processor.py:208} INFO - Processing /opt/airflow/dags/05_etl_weather_postgres.py took 0.096 seconds
[2026-08-24T08:00:56.527+0000] {processor.py:186} INFO - Started process (PID=1244) to work on /opt/airflow/dags/05_etl_weather_postgres.py
[2026-08-24T08:00:56.529+0000] {processor.py:914} INFO - Processing file /opt/airflow/dags/05_etl_weather_postgres.py for tasks to queue
[2026-08-24T08:00:56.531+0000] {logging_mixin.py:190} INFO - [2026-08-24T08:00:56.531+0000] {dagbag.py:588} INFO - Filling up the DagBag from /opt/airflow/dags/05_etl_weather_postgres.py
[2026-08-24T08:00:56.553+0000] {processor.py:925} INFO - DAG(s) 'etl_weather_postgres_dag' retrieved from /opt/airflow/dags/05_etl_weather_postgres.py
[2026-08-24T08:00:56.580+0000] {logging_mixin.py:190} INFO - [2026-08-24T08:00:56.580+0000] {dag.py:3239} INFO - Sync 1 DAGs
[2026-08-24T08:00:56.592+0000] {logging_mixin.py:190} INFO - [2026-08-24T08:00:56.592+0000] {dag.py:4180} INFO - Setting next_dagrun for etl_weather_postgres_dag to None, run_after=None
[2026-08-24T08:00:56.613+0000] {processor.py:208} INFO - Processing /opt/airflow/dags/05_etl_weather_postgres.py took 0.093 seconds
[2026-08-24T08:01:27.544+0000] {processor.py:186} INFO - Started process (PID=1255) to work on /opt/airflow/dags/05_etl_weather_postgres.py
[2026-08-24T08:01:27.546+0000] {processor.py:914} INFO - Processing file /opt/airflow/dags/05_etl_weather_postgres.py for tasks to queue
[2026-08-24T08:01:27.550+0000] {logging_mixin.py:190} INFO - [2026-08-24T08:01:27.550+0000] {dagbag.py:588} INFO - Filling up the DagBag from /opt/airflow/dags/05_etl_weather_postgres.py
[2026-08-24T08:01:27.597+0000] {processor.py:925} INFO - DAG(s) 'etl_weather_postgres_dag' retrieved from /opt/airflow/dags/05_etl_weather_postgres.py
[2026-08-24T08:01:27.626+0000] {logging_mixin.py:190} INFO - [2026-08-24T08:01:27.626+0000] {dag.py:3239} INFO - Sync 1 DAGs
[2026-08-24T08:01:27.639+0000] {logging_mixin.py:190} INFO - [2026-08-24T08:01:27.638+0000] {dag.py:4180} INFO - Setting next_dagrun for etl_weather_postgres_dag to None, run_after=None
[2026-08-24T08:01:27.661+0000] {processor.py:208} INFO - Processing /opt/airflow/dags/05_etl_weather_postgres.py took 0.122 seconds
[2026-08-24T08:01:58.480+0000] {processor.py:186} INFO - Started process (PID=1279) to work on /opt/airflow/dags/05_etl_weather_postgres.py
[2026-08-24T08:01:58.481+0000] {processor.py:914} INFO - Processing file /opt/airflow/dags/05_etl_weather_postgres.py for tasks to queue
[2026-08-24T08:01:58.483+0000] {logging_mixin.py:190} INFO - [2026-08-24T08:01:58.482+0000] {dagbag.py:588} INFO - Filling up the DagBag from /opt/airflow/dags/05_etl_weather_postgres.py
[2026-08-24T08:01:58.508+0000] {processor.py:925} INFO - DAG(s) 'etl_weather_postgres_dag' retrieved from /opt/airflow/dags/05_etl_weather_postgres.py
[2026-08-24T08:01:58.531+0000] {logging_mixin.py:190} INFO - [2026-08-24T08:01:58.531+0000] {dag.py:3239} INFO - Sync 1 DAGs
[2026-08-24T08:01:58.543+0000] {logging_mixin.py:190} INFO - [2026-08-24T08:01:58.542+0000] {dag.py:4180} INFO - Setting next_dagrun for etl_weather_postgres_dag to None, run_after=None
[2026-08-24T08:01:58.560+0000] {processor.py:208} INFO - Processing /opt/airflow/dags/05_etl_weather_postgres.py took 0.088 seconds
[2026-08-24T08:02:29.136+0000] {processor.py:186} INFO - Started process (PID=1290) to work on /opt/airflow/dags/05_etl_weather_postgres.py
[2026-08-24T08:02:29.137+0000] {processor.py:914} INFO - Processing file /opt/airflow/dags/05_etl_weather_postgres.py for tasks to queue
[2026-08-24T08:02:29.139+0000] {logging_mixin.py:190} INFO - [2026-08-24T08:02:29.139+0000] {dagbag.py:588} INFO - Filling up the DagBag from /opt/airflow/dags/05_etl_weather_postgres.py
[2026-08-24T08:02:29.155+0000] {processor.py:925} INFO - DAG(s) 'etl_weather_postgres_dag' retrieved from /opt/airflow/dags/05_etl_weather_postgres.py
[2026-08-24T08:02:29.180+0000] {logging_mixin.py:190} INFO - [2026-08-24T08:02:29.180+0000] {dag.py:3239} INFO - Sync 1 DAGs
[2026-08-24T08:02:29.192+0000] {logging_mixin.py:190} INFO - [2026-08-24T08:02:29.192+0000] {dag.py:4180} INFO - Setting next_dagrun for etl_weather_postgres_dag to None, run_after=None
[2026-08-24T08:02:29.214+0000] {processor.py:208} INFO - Processing /opt/airflow/dags/05_etl_weather_postgres.py took 0.083 seconds
[2026-08-24T08:02:59.400+0000] {processor.py:186} INFO - Started process (PID=1301) to work on /opt/airflow/dags/05_etl_weather_postgres.py
[2026-08-24T08:02:59.401+0000] {processor.py:914} INFO - Processing file /opt/airflow/dags/05_etl_weather_postgres.py for tasks to queue
[2026-08-24T08:02:59.403+0000] {logging_mixin.py:190} INFO - [2026-08-24T08:02:59.403+0000] {dagbag.py:588} INFO - Filling up the DagBag from /opt/airflow/dags/05_etl_weather_postgres.py
[2026-08-24T08:02:59.425+0000] {processor.py:925} INFO - DAG(s) 'etl_weather_postgres_dag' retrieved from /opt/airflow/dags/05_etl_weather_postgres.py
[2026-08-24T08:02:59.452+0000] {logging_mixin.py:190} INFO - [2026-08-24T08:02:59.452+0000] {dag.py:3239} INFO - Sync 1 DAGs
[2026-08-24T08:02:59.464+0000] {logging_mixin.py:190} INFO - [2026-08-24T08:02:59.464+0000] {dag.py:4180} INFO - Setting next_dagrun for etl_weather_postgres_dag to None, run_after=None
[2026-08-24T08:02:59.486+0000] {processor.py:208} INFO - Processing /opt/airflow/dags/05_etl_weather_postgres.py took 0.091 seconds
[2026-08-24T08:03:30.222+0000] {processor.py:186} INFO - Started process (PID=1312) to work on /opt/airflow/dags/05_etl_weather_postgres.py
[2026-08-24T08:03:30.223+0000] {processor.py:914} INFO - Processing file /opt/airflow/dags/05_etl_weather_postgres.py for tasks to queue
[2026-08-24T08:03:30.226+0000] {logging_mixin.py:190} INFO - [2026-08-24T08:03:30.225+0000] {dagbag.py:588} INFO - Filling up the DagBag from /opt/airflow/dags/05_etl_weather_postgres.py
[2026-08-24T08:03:30.252+0000] {processor.py:925} INFO - DAG(s) 'etl_weather_postgres_dag' retrieved from /opt/airflow/dags/05_etl_weather_postgres.py
[2026-08-24T08:03:30.283+0000] {logging_mixin.py:190} INFO - [2026-08-24T08:03:30.283+0000] {dag.py:3239} INFO - Sync 1 DAGs
[2026-08-24T08:03:30.299+0000] {logging_mixin.py:190} INFO - [2026-08-24T08:03:30.299+0000] {dag.py:4180} INFO - Setting next_dagrun for etl_weather_postgres_dag to None, run_after=None
[2026-08-24T08:03:30.357+0000] {processor.py:208} INFO - Processing /opt/airflow/dags/05_etl_weather_postgres.py took 0.142 seconds
[2026-08-24T08:04:01.298+0000] {processor.py:186} INFO - Started process (PID=1323) to work on /opt/airflow/dags/05_etl_weather_postgres.py
[2026-08-24T08:04:01.299+0000] {processor.py:914} INFO - Processing file /opt/airflow/dags/05_etl_weather_postgres.py for tasks to queue
[2026-08-24T08:04:01.302+0000] {logging_mixin.py:190} INFO - [2026-08-24T08:04:01.302+0000] {dagbag.py:588} INFO - Filling up the DagBag from /opt/airflow/dags/05_etl_weather_postgres.py
[2026-08-24T08:04:01.333+0000] {processor.py:925} INFO - DAG(s) 'etl_weather_postgres_dag' retrieved from /opt/airflow/dags/05_etl_weather_postgres.py
[2026-08-24T08:04:01.369+0000] {logging_mixin.py:190} INFO - [2026-08-24T08:04:01.369+0000] {dag.py:3239} INFO - Sync 1 DAGs
[2026-08-24T08:04:01.384+0000] {logging_mixin.py:190} INFO - [2026-08-24T08:04:01.383+0000] {dag.py:4180} INFO - Setting next_dagrun for etl_weather_postgres_dag to None, run_after=None
[2026-08-24T08:04:01.408+0000] {processor.py:208} INFO - Processing /opt/airflow/dags/05_etl_weather_postgres.py took 0.120 seconds
[2026-08-24T08:04:32.114+0000] {processor.py:186} INFO - Started process (PID=1334) to work on /opt/airflow/dags/05_etl_weather_postgres.py
[2026-08-24T08:04:32.115+0000] {processor.py:914} INFO - Processing file /opt/airflow/dags/05_etl_weather_postgres.py for tasks to queue
[2026-08-24T08:04:32.123+0000] {logging_mixin.py:190} INFO - [2026-08-24T08:04:32.122+0000] {dagbag.py:588} INFO - Filling up the DagBag from /opt/airflow/dags/05_etl_weather_postgres.py
[2026-08-24T08:04:32.153+0000] {processor.py:925} INFO - DAG(s) 'etl_weather_postgres_dag' retrieved from /opt/airflow/dags/05_etl_weather_postgres.py
[2026-08-24T08:04:32.194+0000] {logging_mixin.py:190} INFO - [2026-08-24T08:04:32.193+0000] {dag.py:3239} INFO - Sync 1 DAGs
[2026-08-24T08:04:32.218+0000] {logging_mixin.py:190} INFO - [2026-08-24T08:04:32.218+0000] {dag.py:4180} INFO - Setting next_dagrun for etl_weather_postgres_dag to None, run_after=None
[2026-08-24T08:04:32.249+0000] {processor.py:208} INFO - Processing /opt/airflow/dags/05_etl_weather_postgres.py took 0.146 seconds
[2026-08-24T08:05:02.988+0000] {processor.py:186} INFO - Started process (PID=1345) to work on /opt/airflow/dags/05_etl_weather_postgres.py
[2026-08-24T08:05:02.990+0000] {processor.py:914} INFO - Processing file /opt/airflow/dags/05_etl_weather_postgres.py for tasks to queue
[2026-08-24T08:05:02.993+0000] {logging_mixin.py:190} INFO - [2026-08-24T08:05:02.993+0000] {dagbag.py:588} INFO - Filling up the DagBag from /opt/airflow/dags/05_etl_weather_postgres.py
[2026-08-24T08:05:03.020+0000] {processor.py:925} INFO - DAG(s) 'etl_weather_postgres_dag' retrieved from /opt/airflow/dags/05_etl_weather_postgres.py
[2026-08-24T08:05:03.066+0000] {logging_mixin.py:190} INFO - [2026-08-24T08:05:03.065+0000] {dag.py:3239} INFO - Sync 1 DAGs
[2026-08-24T08:05:03.086+0000] {logging_mixin.py:190} INFO - [2026-08-24T08:05:03.085+0000] {dag.py:4180} INFO - Setting next_dagrun for etl_weather_postgres_dag to None, run_after=None
[2026-08-24T08:05:03.112+0000] {processor.py:208} INFO - Processing /opt/airflow/dags/05_etl_weather_postgres.py took 0.131 seconds
[2026-08-24T08:05:33.741+0000] {processor.py:186} INFO - Started process (PID=1356) to work on /opt/airflow/dags/05_etl_weather_postgres.py
[2026-08-24T08:05:33.742+0000] {processor.py:914} INFO - Processing file /opt/airflow/dags/05_etl_weather_postgres.py for tasks to queue
[2026-08-24T08:05:33.745+0000] {logging_mixin.py:190} INFO - [2026-08-24T08:05:33.745+0000] {dagbag.py:588} INFO - Filling up the DagBag from /opt/airflow/dags/05_etl_weather_postgres.py
[2026-08-24T08:05:33.775+0000] {processor.py:925} INFO - DAG(s) 'etl_weather_postgres_dag' retrieved from /opt/airflow/dags/05_etl_weather_postgres.py
[2026-08-24T08:05:33.823+0000] {logging_mixin.py:190} INFO - [2026-08-24T08:05:33.822+0000] {dag.py:3239} INFO - Sync 1 DAGs
[2026-08-24T08:05:33.843+0000] {logging_mixin.py:190} INFO - [2026-08-24T08:05:33.842+0000] {dag.py:4180} INFO - Setting next_dagrun for etl_weather_postgres_dag to None, run_after=None
[2026-08-24T08:05:33.872+0000] {processor.py:208} INFO - Processing /opt/airflow/dags/05_etl_weather_postgres.py took 0.141 seconds
[2026-08-24T08:06:04.876+0000] {processor.py:186} INFO - Started process (PID=1368) to work on /opt/airflow/dags/05_etl_weather_postgres.py
[2026-08-24T08:06:04.879+0000] {processor.py:914} INFO - Processing file /opt/airflow/dags/05_etl_weather_postgres.py for tasks to queue
[2026-08-24T08:06:04.889+0000] {logging_mixin.py:190} INFO - [2026-08-24T08:06:04.887+0000] {dagbag.py:588} INFO - Filling up the DagBag from /opt/airflow/dags/05_etl_weather_postgres.py
[2026-08-24T08:06:04.943+0000] {processor.py:925} INFO - DAG(s) 'etl_weather_postgres_dag' retrieved from /opt/airflow/dags/05_etl_weather_postgres.py
[2026-08-24T08:06:05.003+0000] {logging_mixin.py:190} INFO - [2026-08-24T08:06:05.003+0000] {dag.py:3239} INFO - Sync 1 DAGs
[2026-08-24T08:06:05.028+0000] {logging_mixin.py:190} INFO - [2026-08-24T08:06:05.028+0000] {dag.py:4180} INFO - Setting next_dagrun for etl_weather_postgres_dag to None, run_after=None
[2026-08-24T08:06:05.055+0000] {processor.py:208} INFO - Processing /opt/airflow/dags/05_etl_weather_postgres.py took 0.199 seconds
[2026-08-24T08:06:35.285+0000] {processor.py:186} INFO - Started process (PID=1379) to work on /opt/airflow/dags/05_etl_weather_postgres.py
[2026-08-24T08:06:35.286+0000] {processor.py:914} INFO - Processing file /opt/airflow/dags/05_etl_weather_postgres.py for tasks to queue
[2026-08-24T08:06:35.291+0000] {logging_mixin.py:190} INFO - [2026-08-24T08:06:35.290+0000] {dagbag.py:588} INFO - Filling up the DagBag from /opt/airflow/dags/05_etl_weather_postgres.py
[2026-08-24T08:06:35.332+0000] {processor.py:925} INFO - DAG(s) 'etl_weather_postgres_dag' retrieved from /opt/airflow/dags/05_etl_weather_postgres.py
[2026-08-24T08:06:35.378+0000] {logging_mixin.py:190} INFO - [2026-08-24T08:06:35.377+0000] {dag.py:3239} INFO - Sync 1 DAGs
[2026-08-24T08:06:35.400+0000] {logging_mixin.py:190} INFO - [2026-08-24T08:06:35.400+0000] {dag.py:4180} INFO - Setting next_dagrun for etl_weather_postgres_dag to None, run_after=None
[2026-08-24T08:06:35.429+0000] {processor.py:208} INFO - Processing /opt/airflow/dags/05_etl_weather_postgres.py took 0.152 seconds
[2026-08-24T08:07:06.232+0000] {processor.py:186} INFO - Started process (PID=1390) to work on /opt/airflow/dags/05_etl_weather_postgres.py
[2026-08-24T08:07:06.233+0000] {processor.py:914} INFO - Processing file /opt/airflow/dags/05_etl_weather_postgres.py for tasks to queue
[2026-08-24T08:07:06.237+0000] {logging_mixin.py:190} INFO - [2026-08-24T08:07:06.236+0000] {dagbag.py:588} INFO - Filling up the DagBag from /opt/airflow/dags/05_etl_weather_postgres.py
[2026-08-24T08:07:06.274+0000] {processor.py:925} INFO - DAG(s) 'etl_weather_postgres_dag' retrieved from /opt/airflow/dags/05_etl_weather_postgres.py
[2026-08-24T08:07:06.328+0000] {logging_mixin.py:190} INFO - [2026-08-24T08:07:06.328+0000] {dag.py:3239} INFO - Sync 1 DAGs
[2026-08-24T08:07:06.350+0000] {logging_mixin.py:190} INFO - [2026-08-24T08:07:06.349+0000] {dag.py:4180} INFO - Setting next_dagrun for etl_weather_postgres_dag to None, run_after=None
[2026-08-24T08:07:06.383+0000] {processor.py:208} INFO - Processing /opt/airflow/dags/05_etl_weather_postgres.py took 0.160 seconds
[2026-08-24T08:07:37.227+0000] {processor.py:186} INFO - Started process (PID=1401) to work on /opt/airflow/dags/05_etl_weather_postgres.py
[2026-08-24T08:07:37.229+0000] {processor.py:914} INFO - Processing file /opt/airflow/dags/05_etl_weather_postgres.py for tasks to queue
[2026-08-24T08:07:37.233+0000] {logging_mixin.py:190} INFO - [2026-08-24T08:07:37.233+0000] {dagbag.py:588} INFO - Filling up the DagBag from /opt/airflow/dags/05_etl_weather_postgres.py
[2026-08-24T08:07:37.264+0000] {processor.py:925} INFO - DAG(s) 'etl_weather_postgres_dag' retrieved from /opt/airflow/dags/05_etl_weather_postgres.py
[2026-08-24T08:07:37.303+0000] {logging_mixin.py:190} INFO - [2026-08-24T08:07:37.303+0000] {dag.py:3239} INFO - Sync 1 DAGs
[2026-08-24T08:07:37.323+0000] {logging_mixin.py:190} INFO - [2026-08-24T08:07:37.323+0000] {dag.py:4180} INFO - Setting next_dagrun for etl_weather_postgres_dag to None, run_after=None
[2026-08-24T08:07:37.353+0000] {processor.py:208} INFO - Processing /opt/airflow/dags/05_etl_weather_postgres.py took 0.136 seconds
