[2026-08-24T07:01:15.676+0000] {manager.py:483} INFO - Processing files using up to 2 processes at a time 
[2026-08-24T07:01:15.677+0000] {manager.py:484} INFO - Process each file at most once every 30 seconds
[2026-08-24T07:01:15.678+0000] {manager.py:485} INFO - Checking for new files in /opt/airflow/dags every 300 seconds
[2026-08-24T07:01:15.679+0000] {manager.py:821} INFO - Searching for files in /opt/airflow/dags
[2026-08-24T07:01:15.686+0000] {manager.py:824} INFO - There are 0 files in /opt/airflow/dags
[2026-08-24T07:06:15.809+0000] {manager.py:821} INFO - Searching for files in /opt/airflow/dags
[2026-08-24T07:06:15.824+0000] {manager.py:824} INFO - There are 0 files in /opt/airflow/dags
[2026-08-24T07:11:15.935+0000] {manager.py:821} INFO - Searching for files in /opt/airflow/dags
[2026-08-24T07:11:15.949+0000] {manager.py:824} INFO - There are 0 files in /opt/airflow/dags
[2026-08-24T07:16:16.083+0000] {manager.py:821} INFO - Searching for files in /opt/airflow/dags
[2026-08-24T07:16:16.114+0000] {manager.py:824} INFO - There are 5 files in /opt/airflow/dags
[2026-08-24T07:16:22.111+0000] {manager.py:997} INFO - 
================================================================================
DAG File Processing Stats

File Path                                     PID    Runtime      # DAGs    # Errors  Last Runtime    Last Run               Last # of DB Queries
--------------------------------------------  -----  ---------  --------  ----------  --------------  -------------------  ----------------------
/opt/airflow/dags/05_etl_weather_postgres.py                           1           0  0.93s           2026-08-24T07:16:17                      43
/opt/airflow/dags/04_parallel_weather.py                               1           0  0.85s           2026-08-24T07:16:17                      43
/opt/airflow/dags/02_xcom_dag.py                                       1           0  0.44s           2026-08-24T07:16:17                      43
/opt/airflow/dags/03_branching_dag.py                                  1           0  0.43s           2026-08-24T07:16:17                      43
/opt/airflow/dags/01_hello_dag.py                                      1           0  0.37s           2026-08-24T07:16:18                      43
================================================================================
[2026-08-24T07:16:52.135+0000] {manager.py:997} INFO - 
================================================================================
DAG File Processing Stats

File Path                                     PID    Runtime      # DAGs    # Errors  Last Runtime    Last Run               Last # of DB Queries
--------------------------------------------  -----  ---------  --------  ----------  --------------  -------------------  ----------------------
/opt/airflow/dags/04_parallel_weather.py                               1           0  0.20s           2026-08-24T07:16:47                      10
/opt/airflow/dags/05_etl_weather_postgres.py                           1           0  0.20s           2026-08-24T07:16:47                      10
/opt/airflow/dags/03_branching_dag.py                                  1           0  0.15s           2026-08-24T07:16:47                      10
/opt/airflow/dags/01_hello_dag.py                                      1           0  0.15s           2026-08-24T07:16:49                      10
/opt/airflow/dags/02_xcom_dag.py                                       1           0  0.11s           2026-08-24T07:16:48                      10
================================================================================
[2026-08-24T07:17:22.182+0000] {manager.py:997} INFO - 
================================================================================
DAG File Processing Stats

File Path                                     PID    Runtime      # DAGs    # Errors  Last Runtime    Last Run               Last # of DB Queries
--------------------------------------------  -----  ---------  --------  ----------  --------------  -------------------  ----------------------
/opt/airflow/dags/05_etl_weather_postgres.py                           1           0  0.22s           2026-08-24T07:17:18                      10
/opt/airflow/dags/01_hello_dag.py                                      1           0  0.18s           2026-08-24T07:17:20                      10
/opt/airflow/dags/04_parallel_weather.py                               1           0  0.17s           2026-08-24T07:17:18                      10
/opt/airflow/dags/03_branching_dag.py                                  1           0  0.11s           2026-08-24T07:17:18                      10
/opt/airflow/dags/02_xcom_dag.py                                       1           0  0.10s           2026-08-24T07:17:19                      10
================================================================================
[2026-08-24T07:17:52.208+0000] {manager.py:997} INFO - 
================================================================================
DAG File Processing Stats

File Path                                     PID    Runtime      # DAGs    # Errors  Last Runtime    Last Run               Last # of DB Queries
--------------------------------------------  -----  ---------  --------  ----------  --------------  -------------------  ----------------------
/opt/airflow/dags/03_branching_dag.py                                  1           0  0.25s           2026-08-24T07:17:49                      10
/opt/airflow/dags/02_xcom_dag.py                                       1           0  0.20s           2026-08-24T07:17:50                      10
/opt/airflow/dags/04_parallel_weather.py                               1           0  0.14s           2026-08-24T07:17:49                      10
/opt/airflow/dags/01_hello_dag.py                                      1           0  0.13s           2026-08-24T07:17:50                      10
/opt/airflow/dags/05_etl_weather_postgres.py                           1           0  0.09s           2026-08-24T07:17:49                      10
================================================================================
[2026-08-24T07:18:23.051+0000] {manager.py:997} INFO - 
================================================================================
DAG File Processing Stats

File Path                                     PID    Runtime      # DAGs    # Errors  Last Runtime    Last Run               Last # of DB Queries
--------------------------------------------  -----  ---------  --------  ----------  --------------  -------------------  ----------------------
/opt/airflow/dags/03_branching_dag.py                                  1           0  0.17s           2026-08-24T07:18:20                      10
/opt/airflow/dags/05_etl_weather_postgres.py                           1           0  0.15s           2026-08-24T07:18:19                      10
/opt/airflow/dags/01_hello_dag.py                                      1           0  0.11s           2026-08-24T07:18:21                      10
/opt/airflow/dags/04_parallel_weather.py                               1           0  0.10s           2026-08-24T07:18:19                      10
/opt/airflow/dags/02_xcom_dag.py                                       1           0  0.09s           2026-08-24T07:18:21                      10
================================================================================
[2026-08-24T07:18:53.067+0000] {manager.py:997} INFO - 
================================================================================
DAG File Processing Stats

File Path                                     PID    Runtime      # DAGs    # Errors  Last Runtime    Last Run               Last # of DB Queries
--------------------------------------------  -----  ---------  --------  ----------  --------------  -------------------  ----------------------
/opt/airflow/dags/01_hello_dag.py                                      1           0  0.20s           2026-08-24T07:18:52                      10
/opt/airflow/dags/02_xcom_dag.py                                       1           0  0.19s           2026-08-24T07:18:52                      10
/opt/airflow/dags/03_branching_dag.py                                  1           0  0.13s           2026-08-24T07:18:50                      10
/opt/airflow/dags/05_etl_weather_postgres.py                           1           0  0.10s           2026-08-24T07:18:50                      10
/opt/airflow/dags/04_parallel_weather.py                               1           0  0.10s           2026-08-24T07:18:50                      10
================================================================================
[2026-08-24T07:19:23.072+0000] {manager.py:997} INFO - 
================================================================================
DAG File Processing Stats

File Path                                     PID    Runtime      # DAGs    # Errors  Last Runtime    Last Run               Last # of DB Queries
--------------------------------------------  -----  ---------  --------  ----------  --------------  -------------------  ----------------------
/opt/airflow/dags/02_xcom_dag.py                                       1           0  0.19s           2026-08-24T07:19:23                      10
/opt/airflow/dags/01_hello_dag.py                                      1           0  0.18s           2026-08-24T07:19:23                      10
/opt/airflow/dags/03_branching_dag.py                                  1           0  0.16s           2026-08-24T07:19:21                      10
/opt/airflow/dags/05_etl_weather_postgres.py                           1           0  0.14s           2026-08-24T07:19:21                      10
/opt/airflow/dags/04_parallel_weather.py                               1           0  0.11s           2026-08-24T07:19:21                      10
================================================================================
[2026-08-24T07:19:53.227+0000] {manager.py:997} INFO - 
================================================================================
DAG File Processing Stats

File Path                                       PID  Runtime      # DAGs    # Errors  Last Runtime    Last Run               Last # of DB Queries
--------------------------------------------  -----  ---------  --------  ----------  --------------  -------------------  ----------------------
/opt/airflow/dags/03_branching_dag.py                                  1           0  0.22s           2026-08-24T07:19:53                      10
/opt/airflow/dags/04_parallel_weather.py                               1           0  0.19s           2026-08-24T07:19:52                      10
/opt/airflow/dags/05_etl_weather_postgres.py                           1           0  0.19s           2026-08-24T07:19:52                      10
/opt/airflow/dags/02_xcom_dag.py                347  0.02s             1           0  0.19s           2026-08-24T07:19:23                      10
/opt/airflow/dags/01_hello_dag.py               348  0.00s             1           0  0.18s           2026-08-24T07:19:23                      10
================================================================================
[2026-08-24T07:20:23.938+0000] {manager.py:997} INFO - 
================================================================================
DAG File Processing Stats

File Path                                       PID  Runtime      # DAGs    # Errors  Last Runtime    Last Run               Last # of DB Queries
--------------------------------------------  -----  ---------  --------  ----------  --------------  -------------------  ----------------------
/opt/airflow/dags/03_branching_dag.py                                  1           0  0.22s           2026-08-24T07:19:53                      10
/opt/airflow/dags/04_parallel_weather.py        356  0.00s             1           0  0.19s           2026-08-24T07:19:52                      10
/opt/airflow/dags/05_etl_weather_postgres.py    355  0.03s             1           0  0.19s           2026-08-24T07:19:52                      10
/opt/airflow/dags/02_xcom_dag.py                                       1           0  0.11s           2026-08-24T07:19:53                      10
/opt/airflow/dags/01_hello_dag.py                                      1           0  0.11s           2026-08-24T07:19:53                      10
================================================================================
[2026-08-24T07:20:54.084+0000] {manager.py:997} INFO - 
================================================================================
DAG File Processing Stats

File Path                                     PID    Runtime      # DAGs    # Errors  Last Runtime    Last Run               Last # of DB Queries
--------------------------------------------  -----  ---------  --------  ----------  --------------  -------------------  ----------------------
/opt/airflow/dags/04_parallel_weather.py                               1           0  0.16s           2026-08-24T07:20:24                      10
/opt/airflow/dags/05_etl_weather_postgres.py                           1           0  0.16s           2026-08-24T07:20:24                      10
/opt/airflow/dags/03_branching_dag.py                                  1           0  0.14s           2026-08-24T07:20:24                      10
/opt/airflow/dags/02_xcom_dag.py                                       1           0  0.10s           2026-08-24T07:20:24                      10
/opt/airflow/dags/01_hello_dag.py                                      1           0  0.09s           2026-08-24T07:20:24                      10
================================================================================
[2026-08-24T07:21:16.486+0000] {manager.py:821} INFO - Searching for files in /opt/airflow/dags
[2026-08-24T07:21:16.732+0000] {manager.py:824} INFO - There are 5 files in /opt/airflow/dags
[2026-08-24T07:21:24.876+0000] {manager.py:997} INFO - 
================================================================================
DAG File Processing Stats

File Path                                     PID    Runtime      # DAGs    # Errors  Last Runtime    Last Run               Last # of DB Queries
--------------------------------------------  -----  ---------  --------  ----------  --------------  -------------------  ----------------------
/opt/airflow/dags/05_etl_weather_postgres.py                           1           0  0.14s           2026-08-24T07:20:54                      10
/opt/airflow/dags/04_parallel_weather.py                               1           0  0.12s           2026-08-24T07:20:54                      10
/opt/airflow/dags/01_hello_dag.py                                      1           0  0.12s           2026-08-24T07:20:55                      10
/opt/airflow/dags/03_branching_dag.py                                  1           0  0.12s           2026-08-24T07:20:55                      10
/opt/airflow/dags/02_xcom_dag.py                                       1           0  0.10s           2026-08-24T07:20:55                      10
================================================================================
[2026-08-24T07:21:54.939+0000] {manager.py:997} INFO - 
================================================================================
DAG File Processing Stats

File Path                                     PID    Runtime      # DAGs    # Errors  Last Runtime    Last Run               Last # of DB Queries
--------------------------------------------  -----  ---------  --------  ----------  --------------  -------------------  ----------------------
/opt/airflow/dags/04_parallel_weather.py                               1           0  0.30s           2026-08-24T07:21:26                      10
/opt/airflow/dags/05_etl_weather_postgres.py                           1           0  0.27s           2026-08-24T07:21:26                      10
/opt/airflow/dags/02_xcom_dag.py                                       1           0  0.16s           2026-08-24T07:21:26                      10
/opt/airflow/dags/03_branching_dag.py                                  1           0  0.16s           2026-08-24T07:21:26                      10
/opt/airflow/dags/01_hello_dag.py                                      1           0  0.15s           2026-08-24T07:21:26                      10
================================================================================
[2026-08-24T07:22:25.727+0000] {manager.py:997} INFO - 
================================================================================
DAG File Processing Stats

File Path                                     PID    Runtime      # DAGs    # Errors  Last Runtime    Last Run               Last # of DB Queries
--------------------------------------------  -----  ---------  --------  ----------  --------------  -------------------  ----------------------
/opt/airflow/dags/04_parallel_weather.py                               1           0  0.13s           2026-08-24T07:21:57                      10
/opt/airflow/dags/03_branching_dag.py                                  1           0  0.12s           2026-08-24T07:21:57                      10
/opt/airflow/dags/05_etl_weather_postgres.py                           1           0  0.12s           2026-08-24T07:21:57                      10
/opt/airflow/dags/01_hello_dag.py                                      1           0  0.11s           2026-08-24T07:21:57                      10
/opt/airflow/dags/02_xcom_dag.py                                       1           0  0.10s           2026-08-24T07:21:57                      10
================================================================================
[2026-08-24T07:22:56.610+0000] {manager.py:997} INFO - 
================================================================================
DAG File Processing Stats

File Path                                     PID    Runtime      # DAGs    # Errors  Last Runtime    Last Run               Last # of DB Queries
--------------------------------------------  -----  ---------  --------  ----------  --------------  -------------------  ----------------------
/opt/airflow/dags/03_branching_dag.py                                  1           0  0.13s           2026-08-24T07:22:28                      10
/opt/airflow/dags/04_parallel_weather.py                               1           0  0.11s           2026-08-24T07:22:27                      10
/opt/airflow/dags/05_etl_weather_postgres.py                           1           0  0.11s           2026-08-24T07:22:27                      10
/opt/airflow/dags/01_hello_dag.py                                      1           0  0.10s           2026-08-24T07:22:28                      10
/opt/airflow/dags/02_xcom_dag.py                                       1           0  0.09s           2026-08-24T07:22:28                      10
================================================================================
[2026-08-24T07:23:26.644+0000] {manager.py:997} INFO - 
================================================================================
DAG File Processing Stats

File Path                                     PID    Runtime      # DAGs    # Errors  Last Runtime    Last Run               Last # of DB Queries
--------------------------------------------  -----  ---------  --------  ----------  --------------  -------------------  ----------------------
/opt/airflow/dags/03_branching_dag.py                                  1           0  0.12s           2026-08-24T07:22:58                      10
/opt/airflow/dags/05_etl_weather_postgres.py                           1           0  0.12s           2026-08-24T07:22:58                      10
/opt/airflow/dags/02_xcom_dag.py                                       1           0  0.10s           2026-08-24T07:22:59                      10
/opt/airflow/dags/04_parallel_weather.py                               1           0  0.09s           2026-08-24T07:22:58                      10
/opt/airflow/dags/01_hello_dag.py                                      1           0  0.09s           2026-08-24T07:22:59                      10
================================================================================
[2026-08-24T07:23:57.185+0000] {manager.py:997} INFO - 
================================================================================
DAG File Processing Stats

File Path                                     PID    Runtime      # DAGs    # Errors  Last Runtime    Last Run               Last # of DB Queries
--------------------------------------------  -----  ---------  --------  ----------  --------------  -------------------  ----------------------
/opt/airflow/dags/02_xcom_dag.py                                       1           0  0.12s           2026-08-24T07:23:29                      10
/opt/airflow/dags/03_branching_dag.py                                  1           0  0.12s           2026-08-24T07:23:29                      10
/opt/airflow/dags/04_parallel_weather.py                               1           0  0.09s           2026-08-24T07:23:29                      10
/opt/airflow/dags/05_etl_weather_postgres.py                           1           0  0.09s           2026-08-24T07:23:29                      10
/opt/airflow/dags/01_hello_dag.py                                      1           0  0.08s           2026-08-24T07:23:29                      10
================================================================================
[2026-08-24T07:24:27.268+0000] {manager.py:997} INFO - 
================================================================================
DAG File Processing Stats

File Path                                     PID    Runtime      # DAGs    # Errors  Last Runtime    Last Run               Last # of DB Queries
--------------------------------------------  -----  ---------  --------  ----------  --------------  -------------------  ----------------------
/opt/airflow/dags/04_parallel_weather.py                               1           0  0.16s           2026-08-24T07:24:00                      10
/opt/airflow/dags/05_etl_weather_postgres.py                           1           0  0.15s           2026-08-24T07:24:00                      10
/opt/airflow/dags/03_branching_dag.py                                  1           0  0.14s           2026-08-24T07:24:00                      10
/opt/airflow/dags/02_xcom_dag.py                                       1           0  0.12s           2026-08-24T07:24:00                      10
/opt/airflow/dags/01_hello_dag.py                                      1           0  0.11s           2026-08-24T07:24:00                      10
================================================================================
[2026-08-24T07:24:57.439+0000] {manager.py:997} INFO - 
================================================================================
DAG File Processing Stats

File Path                                     PID    Runtime      # DAGs    # Errors  Last Runtime    Last Run               Last # of DB Queries
--------------------------------------------  -----  ---------  --------  ----------  --------------  -------------------  ----------------------
/opt/airflow/dags/05_etl_weather_postgres.py                           1           0  0.20s           2026-08-24T07:24:31                      10
/opt/airflow/dags/03_branching_dag.py                                  1           0  0.14s           2026-08-24T07:24:31                      10
/opt/airflow/dags/04_parallel_weather.py                               1           0  0.13s           2026-08-24T07:24:31                      10
/opt/airflow/dags/02_xcom_dag.py                                       1           0  0.12s           2026-08-24T07:24:31                      10
/opt/airflow/dags/01_hello_dag.py                                      1           0  0.09s           2026-08-24T07:24:31                      10
================================================================================
[2026-08-24T07:25:27.457+0000] {manager.py:997} INFO - 
================================================================================
DAG File Processing Stats

File Path                                     PID    Runtime      # DAGs    # Errors  Last Runtime    Last Run               Last # of DB Queries
--------------------------------------------  -----  ---------  --------  ----------  --------------  -------------------  ----------------------
/opt/airflow/dags/02_xcom_dag.py                                       1           0  0.12s           2026-08-24T07:25:02                      10
/opt/airflow/dags/05_etl_weather_postgres.py                           1           0  0.10s           2026-08-24T07:25:01                      10
/opt/airflow/dags/04_parallel_weather.py                               1           0  0.10s           2026-08-24T07:25:01                      10
/opt/airflow/dags/03_branching_dag.py                                  1           0  0.10s           2026-08-24T07:25:01                      10
/opt/airflow/dags/01_hello_dag.py                                      1           0  0.08s           2026-08-24T07:25:01                      10
================================================================================
[2026-08-24T07:25:57.645+0000] {manager.py:997} INFO - 
================================================================================
DAG File Processing Stats

File Path                                     PID    Runtime      # DAGs    # Errors  Last Runtime    Last Run               Last # of DB Queries
--------------------------------------------  -----  ---------  --------  ----------  --------------  -------------------  ----------------------
/opt/airflow/dags/04_parallel_weather.py                               1           0  0.13s           2026-08-24T07:25:32                      10
/opt/airflow/dags/05_etl_weather_postgres.py                           1           0  0.11s           2026-08-24T07:25:32                      10
/opt/airflow/dags/03_branching_dag.py                                  1           0  0.11s           2026-08-24T07:25:32                      10
/opt/airflow/dags/01_hello_dag.py                                      1           0  0.11s           2026-08-24T07:25:32                      10
/opt/airflow/dags/02_xcom_dag.py                                       1           0  0.10s           2026-08-24T07:25:32                      10
================================================================================
[2026-08-24T07:26:16.505+0000] {manager.py:821} INFO - Searching for files in /opt/airflow/dags
[2026-08-24T07:26:16.602+0000] {manager.py:824} INFO - There are 5 files in /opt/airflow/dags
[2026-08-24T07:26:27.767+0000] {manager.py:997} INFO - 
================================================================================
DAG File Processing Stats

File Path                                     PID    Runtime      # DAGs    # Errors  Last Runtime    Last Run               Last # of DB Queries
--------------------------------------------  -----  ---------  --------  ----------  --------------  -------------------  ----------------------
/opt/airflow/dags/03_branching_dag.py                                  1           0  0.18s           2026-08-24T07:26:03                      10
/opt/airflow/dags/04_parallel_weather.py                               1           0  0.15s           2026-08-24T07:26:02                      10
/opt/airflow/dags/02_xcom_dag.py                                       1           0  0.14s           2026-08-24T07:26:03                      10
/opt/airflow/dags/01_hello_dag.py                                      1           0  0.14s           2026-08-24T07:26:03                      10
/opt/airflow/dags/05_etl_weather_postgres.py                           1           0  0.10s           2026-08-24T07:26:02                      10
================================================================================
[2026-08-24T07:26:58.102+0000] {manager.py:997} INFO - 
================================================================================
DAG File Processing Stats

File Path                                     PID    Runtime      # DAGs    # Errors  Last Runtime    Last Run               Last # of DB Queries
--------------------------------------------  -----  ---------  --------  ----------  --------------  -------------------  ----------------------
/opt/airflow/dags/01_hello_dag.py                                      1           0  0.18s           2026-08-24T07:26:33                      10
/opt/airflow/dags/02_xcom_dag.py                                       1           0  0.18s           2026-08-24T07:26:33                      10
/opt/airflow/dags/03_branching_dag.py                                  1           0  0.16s           2026-08-24T07:26:33                      10
/opt/airflow/dags/04_parallel_weather.py                               1           0  0.15s           2026-08-24T07:26:33                      10
/opt/airflow/dags/05_etl_weather_postgres.py                           1           0  0.15s           2026-08-24T07:26:33                      10
================================================================================
[2026-08-24T07:27:28.126+0000] {manager.py:997} INFO - 
================================================================================
DAG File Processing Stats

File Path                                     PID    Runtime      # DAGs    # Errors  Last Runtime    Last Run               Last # of DB Queries
--------------------------------------------  -----  ---------  --------  ----------  --------------  -------------------  ----------------------
/opt/airflow/dags/05_etl_weather_postgres.py                           1           0  0.17s           2026-08-24T07:27:03                      10
/opt/airflow/dags/04_parallel_weather.py                               1           0  0.15s           2026-08-24T07:27:03                      10
/opt/airflow/dags/03_branching_dag.py                                  1           0  0.12s           2026-08-24T07:27:03                      10
/opt/airflow/dags/02_xcom_dag.py                                       1           0  0.12s           2026-08-24T07:27:03                      10
/opt/airflow/dags/01_hello_dag.py                                      1           0  0.11s           2026-08-24T07:27:03                      10
================================================================================
[2026-08-24T07:27:58.913+0000] {manager.py:997} INFO - 
================================================================================
DAG File Processing Stats

File Path                                     PID    Runtime      # DAGs    # Errors  Last Runtime    Last Run               Last # of DB Queries
--------------------------------------------  -----  ---------  --------  ----------  --------------  -------------------  ----------------------
/opt/airflow/dags/01_hello_dag.py                                      1           0  0.13s           2026-08-24T07:27:34                      10
/opt/airflow/dags/03_branching_dag.py                                  1           0  0.11s           2026-08-24T07:27:34                      10
/opt/airflow/dags/05_etl_weather_postgres.py                           1           0  0.10s           2026-08-24T07:27:34                      10
/opt/airflow/dags/04_parallel_weather.py                               1           0  0.10s           2026-08-24T07:27:34                      10
/opt/airflow/dags/02_xcom_dag.py                                       1           0  0.09s           2026-08-24T07:27:34                      10
================================================================================
[2026-08-24T07:28:29.814+0000] {manager.py:997} INFO - 
================================================================================
DAG File Processing Stats

File Path                                     PID    Runtime      # DAGs    # Errors  Last Runtime    Last Run               Last # of DB Queries
--------------------------------------------  -----  ---------  --------  ----------  --------------  -------------------  ----------------------
/opt/airflow/dags/04_parallel_weather.py                               1           0  0.13s           2026-08-24T07:28:05                      10
/opt/airflow/dags/05_etl_weather_postgres.py                           1           0  0.10s           2026-08-24T07:28:05                      10
/opt/airflow/dags/03_branching_dag.py                                  1           0  0.10s           2026-08-24T07:28:05                      10
/opt/airflow/dags/01_hello_dag.py                                      1           0  0.10s           2026-08-24T07:28:05                      10
/opt/airflow/dags/02_xcom_dag.py                                       1           0  0.08s           2026-08-24T07:28:05                      10
================================================================================
[2026-08-24T07:28:59.869+0000] {manager.py:997} INFO - 
================================================================================
DAG File Processing Stats

File Path                                     PID    Runtime      # DAGs    # Errors  Last Runtime    Last Run               Last # of DB Queries
--------------------------------------------  -----  ---------  --------  ----------  --------------  -------------------  ----------------------
/opt/airflow/dags/04_parallel_weather.py                               1           0  0.14s           2026-08-24T07:28:36                      10
/opt/airflow/dags/05_etl_weather_postgres.py                           1           0  0.14s           2026-08-24T07:28:36                      10
/opt/airflow/dags/02_xcom_dag.py                                       1           0  0.13s           2026-08-24T07:28:36                      10
/opt/airflow/dags/01_hello_dag.py                                      1           0  0.12s           2026-08-24T07:28:36                      10
/opt/airflow/dags/03_branching_dag.py                                  1           0  0.11s           2026-08-24T07:28:36                      10
================================================================================
[2026-08-24T07:29:30.689+0000] {manager.py:997} INFO - 
================================================================================
DAG File Processing Stats

File Path                                     PID    Runtime      # DAGs    # Errors  Last Runtime    Last Run               Last # of DB Queries
--------------------------------------------  -----  ---------  --------  ----------  --------------  -------------------  ----------------------
/opt/airflow/dags/02_xcom_dag.py                                       1           0  0.15s           2026-08-24T07:29:07                      10
/opt/airflow/dags/05_etl_weather_postgres.py                           1           0  0.14s           2026-08-24T07:29:07                      10
/opt/airflow/dags/01_hello_dag.py                                      1           0  0.13s           2026-08-24T07:29:07                      10
/opt/airflow/dags/04_parallel_weather.py                               1           0  0.11s           2026-08-24T07:29:07                      10
/opt/airflow/dags/03_branching_dag.py                                  1           0  0.11s           2026-08-24T07:29:07                      10
================================================================================
[2026-08-24T07:30:01.542+0000] {manager.py:997} INFO - 
================================================================================
DAG File Processing Stats

File Path                                     PID    Runtime      # DAGs    # Errors  Last Runtime    Last Run               Last # of DB Queries
--------------------------------------------  -----  ---------  --------  ----------  --------------  -------------------  ----------------------
/opt/airflow/dags/05_etl_weather_postgres.py                           1           0  0.14s           2026-08-24T07:29:37                      10
/opt/airflow/dags/03_branching_dag.py                                  1           0  0.14s           2026-08-24T07:29:38                      10
/opt/airflow/dags/01_hello_dag.py                                      1           0  0.10s           2026-08-24T07:29:38                      10
/opt/airflow/dags/02_xcom_dag.py                                       1           0  0.09s           2026-08-24T07:29:38                      10
/opt/airflow/dags/04_parallel_weather.py                               1           0  0.09s           2026-08-24T07:29:37                      10
================================================================================
[2026-08-24T07:30:31.713+0000] {manager.py:997} INFO - 
================================================================================
DAG File Processing Stats

File Path                                     PID    Runtime      # DAGs    # Errors  Last Runtime    Last Run               Last # of DB Queries
--------------------------------------------  -----  ---------  --------  ----------  --------------  -------------------  ----------------------
/opt/airflow/dags/05_etl_weather_postgres.py                           1           0  0.15s           2026-08-24T07:30:08                      10
/opt/airflow/dags/04_parallel_weather.py                               1           0  0.13s           2026-08-24T07:30:08                      10
/opt/airflow/dags/02_xcom_dag.py                                       1           0  0.12s           2026-08-24T07:30:09                      10
/opt/airflow/dags/01_hello_dag.py                                      1           0  0.12s           2026-08-24T07:30:09                      10
/opt/airflow/dags/03_branching_dag.py                                  1           0  0.10s           2026-08-24T07:30:09                      10
================================================================================
[2026-08-24T07:31:01.717+0000] {manager.py:997} INFO - 
================================================================================
DAG File Processing Stats

File Path                                     PID    Runtime      # DAGs    # Errors  Last Runtime    Last Run               Last # of DB Queries
--------------------------------------------  -----  ---------  --------  ----------  --------------  -------------------  ----------------------
/opt/airflow/dags/04_parallel_weather.py                               1           0  0.14s           2026-08-24T07:30:39                      10
/opt/airflow/dags/03_branching_dag.py                                  1           0  0.10s           2026-08-24T07:30:39                      10
/opt/airflow/dags/01_hello_dag.py                                      1           0  0.10s           2026-08-24T07:30:39                      10
/opt/airflow/dags/05_etl_weather_postgres.py                           1           0  0.09s           2026-08-24T07:30:39                      10
/opt/airflow/dags/02_xcom_dag.py                                       1           0  0.09s           2026-08-24T07:30:39                      10
================================================================================
[2026-08-24T07:31:16.542+0000] {manager.py:821} INFO - Searching for files in /opt/airflow/dags
[2026-08-24T07:31:16.793+0000] {manager.py:824} INFO - There are 5 files in /opt/airflow/dags
[2026-08-24T07:31:31.856+0000] {manager.py:997} INFO - 
================================================================================
DAG File Processing Stats

File Path                                     PID    Runtime      # DAGs    # Errors  Last Runtime    Last Run               Last # of DB Queries
--------------------------------------------  -----  ---------  --------  ----------  --------------  -------------------  ----------------------
/opt/airflow/dags/04_parallel_weather.py                               1           0  0.20s           2026-08-24T07:31:10                      10
/opt/airflow/dags/05_etl_weather_postgres.py                           1           0  0.20s           2026-08-24T07:31:10                      10
/opt/airflow/dags/03_branching_dag.py                                  1           0  0.15s           2026-08-24T07:31:10                      10
/opt/airflow/dags/01_hello_dag.py                                      1           0  0.12s           2026-08-24T07:31:10                      10
/opt/airflow/dags/02_xcom_dag.py                                       1           0  0.12s           2026-08-24T07:31:10                      10
================================================================================
[2026-08-24T07:32:01.974+0000] {manager.py:997} INFO - 
================================================================================
DAG File Processing Stats

File Path                                     PID    Runtime      # DAGs    # Errors  Last Runtime    Last Run               Last # of DB Queries
--------------------------------------------  -----  ---------  --------  ----------  --------------  -------------------  ----------------------
/opt/airflow/dags/01_hello_dag.py                                      1           0  0.19s           2026-08-24T07:31:40                      10
/opt/airflow/dags/05_etl_weather_postgres.py                           1           0  0.13s           2026-08-24T07:31:40                      10
/opt/airflow/dags/02_xcom_dag.py                                       1           0  0.12s           2026-08-24T07:31:40                      10
/opt/airflow/dags/03_branching_dag.py                                  1           0  0.12s           2026-08-24T07:31:40                      10
/opt/airflow/dags/04_parallel_weather.py                               1           0  0.12s           2026-08-24T07:31:40                      10
================================================================================
[2026-08-24T07:32:32.141+0000] {manager.py:997} INFO - 
================================================================================
DAG File Processing Stats

File Path                                     PID    Runtime      # DAGs    # Errors  Last Runtime    Last Run               Last # of DB Queries
--------------------------------------------  -----  ---------  --------  ----------  --------------  -------------------  ----------------------
/opt/airflow/dags/02_xcom_dag.py                                       1           0  0.13s           2026-08-24T07:32:11                      10
/opt/airflow/dags/03_branching_dag.py                                  1           0  0.12s           2026-08-24T07:32:11                      10
/opt/airflow/dags/01_hello_dag.py                                      1           0  0.11s           2026-08-24T07:32:11                      10
/opt/airflow/dags/05_etl_weather_postgres.py                           1           0  0.10s           2026-08-24T07:32:11                      10
/opt/airflow/dags/04_parallel_weather.py                               1           0  0.09s           2026-08-24T07:32:11                      10
================================================================================
[2026-08-24T07:33:02.967+0000] {manager.py:997} INFO - 
================================================================================
DAG File Processing Stats

File Path                                     PID    Runtime      # DAGs    # Errors  Last Runtime    Last Run               Last # of DB Queries
--------------------------------------------  -----  ---------  --------  ----------  --------------  -------------------  ----------------------
/opt/airflow/dags/04_parallel_weather.py                               1           0  0.12s           2026-08-24T07:32:41                      10
/opt/airflow/dags/03_branching_dag.py                                  1           0  0.10s           2026-08-24T07:32:41                      10
/opt/airflow/dags/05_etl_weather_postgres.py                           1           0  0.09s           2026-08-24T07:32:41                      10
/opt/airflow/dags/02_xcom_dag.py                                       1           0  0.09s           2026-08-24T07:32:41                      10
/opt/airflow/dags/01_hello_dag.py                                      1           0  0.08s           2026-08-24T07:32:41                      10
================================================================================
[2026-08-24T07:33:33.792+0000] {manager.py:997} INFO - 
================================================================================
DAG File Processing Stats

File Path                                     PID    Runtime      # DAGs    # Errors  Last Runtime    Last Run               Last # of DB Queries
--------------------------------------------  -----  ---------  --------  ----------  --------------  -------------------  ----------------------
/opt/airflow/dags/03_branching_dag.py                                  1           0  0.13s           2026-08-24T07:33:12                      10
/opt/airflow/dags/01_hello_dag.py                                      1           0  0.11s           2026-08-24T07:33:12                      10
/opt/airflow/dags/02_xcom_dag.py                                       1           0  0.10s           2026-08-24T07:33:12                      10
/opt/airflow/dags/05_etl_weather_postgres.py                           1           0  0.10s           2026-08-24T07:33:12                      10
/opt/airflow/dags/04_parallel_weather.py                               1           0  0.10s           2026-08-24T07:33:12                      10
================================================================================
[2026-08-24T07:34:04.596+0000] {manager.py:997} INFO - 
================================================================================
DAG File Processing Stats

File Path                                     PID    Runtime      # DAGs    # Errors  Last Runtime    Last Run               Last # of DB Queries
--------------------------------------------  -----  ---------  --------  ----------  --------------  -------------------  ----------------------
/opt/airflow/dags/02_xcom_dag.py                                       1           0  0.12s           2026-08-24T07:33:43                      10
/opt/airflow/dags/05_etl_weather_postgres.py                           1           0  0.11s           2026-08-24T07:33:43                      10
/opt/airflow/dags/03_branching_dag.py                                  1           0  0.10s           2026-08-24T07:33:43                      10
/opt/airflow/dags/04_parallel_weather.py                               1           0  0.10s           2026-08-24T07:33:43                      10
/opt/airflow/dags/01_hello_dag.py                                      1           0  0.09s           2026-08-24T07:33:43                      10
================================================================================
[2026-08-24T07:34:34.683+0000] {manager.py:997} INFO - 
================================================================================
DAG File Processing Stats

File Path                                     PID    Runtime      # DAGs    # Errors  Last Runtime    Last Run               Last # of DB Queries
--------------------------------------------  -----  ---------  --------  ----------  --------------  -------------------  ----------------------
/opt/airflow/dags/05_etl_weather_postgres.py                           1           0  0.18s           2026-08-24T07:34:13                      10
/opt/airflow/dags/03_branching_dag.py                                  1           0  0.11s           2026-08-24T07:34:14                      10
/opt/airflow/dags/04_parallel_weather.py                               1           0  0.10s           2026-08-24T07:34:13                      10
/opt/airflow/dags/02_xcom_dag.py                                       1           0  0.10s           2026-08-24T07:34:14                      10
/opt/airflow/dags/01_hello_dag.py                                      1           0  0.09s           2026-08-24T07:34:14                      10
================================================================================
[2026-08-24T07:35:05.363+0000] {manager.py:997} INFO - 
================================================================================
DAG File Processing Stats

File Path                                     PID    Runtime      # DAGs    # Errors  Last Runtime    Last Run               Last # of DB Queries
--------------------------------------------  -----  ---------  --------  ----------  --------------  -------------------  ----------------------
/opt/airflow/dags/02_xcom_dag.py                                       1           0  0.12s           2026-08-24T07:34:45                      10
/opt/airflow/dags/03_branching_dag.py                                  1           0  0.12s           2026-08-24T07:34:45                      10
/opt/airflow/dags/05_etl_weather_postgres.py                           1           0  0.11s           2026-08-24T07:34:44                      10
/opt/airflow/dags/01_hello_dag.py                                      1           0  0.10s           2026-08-24T07:34:45                      10
/opt/airflow/dags/04_parallel_weather.py                               1           0  0.10s           2026-08-24T07:34:44                      10
================================================================================
[2026-08-24T07:35:35.574+0000] {manager.py:997} INFO - 
================================================================================
DAG File Processing Stats

File Path                                     PID    Runtime      # DAGs    # Errors  Last Runtime    Last Run               Last # of DB Queries
--------------------------------------------  -----  ---------  --------  ----------  --------------  -------------------  ----------------------
/opt/airflow/dags/05_etl_weather_postgres.py                           1           0  0.27s           2026-08-24T07:35:15                      10
/opt/airflow/dags/01_hello_dag.py                                      1           0  0.25s           2026-08-24T07:35:16                      10
/opt/airflow/dags/04_parallel_weather.py                               1           0  0.16s           2026-08-24T07:35:15                      10
/opt/airflow/dags/03_branching_dag.py                                  1           0  0.16s           2026-08-24T07:35:16                      10
/opt/airflow/dags/02_xcom_dag.py                                       1           0  0.11s           2026-08-24T07:35:16                      10
================================================================================
[2026-08-24T07:36:06.340+0000] {manager.py:997} INFO - 
================================================================================
DAG File Processing Stats

File Path                                     PID    Runtime      # DAGs    # Errors  Last Runtime    Last Run               Last # of DB Queries
--------------------------------------------  -----  ---------  --------  ----------  --------------  -------------------  ----------------------
/opt/airflow/dags/01_hello_dag.py                                      1           0  0.11s           2026-08-24T07:35:47                      10
/opt/airflow/dags/05_etl_weather_postgres.py                           1           0  0.10s           2026-08-24T07:35:46                      10
/opt/airflow/dags/03_branching_dag.py                                  1           0  0.09s           2026-08-24T07:35:46                      10
/opt/airflow/dags/04_parallel_weather.py                               1           0  0.09s           2026-08-24T07:35:46                      10
/opt/airflow/dags/02_xcom_dag.py                                       1           0  0.09s           2026-08-24T07:35:46                      10
================================================================================
[2026-08-24T07:36:17.486+0000] {manager.py:821} INFO - Searching for files in /opt/airflow/dags
[2026-08-24T07:36:17.533+0000] {manager.py:824} INFO - There are 5 files in /opt/airflow/dags
[2026-08-24T07:36:37.195+0000] {manager.py:997} INFO - 
================================================================================
DAG File Processing Stats

File Path                                     PID    Runtime      # DAGs    # Errors  Last Runtime    Last Run               Last # of DB Queries
--------------------------------------------  -----  ---------  --------  ----------  --------------  -------------------  ----------------------
/opt/airflow/dags/02_xcom_dag.py                                       1           0  0.15s           2026-08-24T07:36:17                      10
/opt/airflow/dags/04_parallel_weather.py                               1           0  0.13s           2026-08-24T07:36:17                      10
/opt/airflow/dags/01_hello_dag.py                                      1           0  0.13s           2026-08-24T07:36:17                      10
/opt/airflow/dags/05_etl_weather_postgres.py                           1           0  0.12s           2026-08-24T07:36:17                      10
/opt/airflow/dags/03_branching_dag.py                                  1           0  0.12s           2026-08-24T07:36:17                      10
================================================================================
[2026-08-24T07:37:07.210+0000] {manager.py:997} INFO - 
================================================================================
DAG File Processing Stats

File Path                                     PID    Runtime      # DAGs    # Errors  Last Runtime    Last Run               Last # of DB Queries
--------------------------------------------  -----  ---------  --------  ----------  --------------  -------------------  ----------------------
/opt/airflow/dags/04_parallel_weather.py                               1           0  0.12s           2026-08-24T07:36:48                      10
/opt/airflow/dags/01_hello_dag.py                                      1           0  0.10s           2026-08-24T07:36:48                      10
/opt/airflow/dags/03_branching_dag.py                                  1           0  0.10s           2026-08-24T07:36:48                      10
/opt/airflow/dags/05_etl_weather_postgres.py                           1           0  0.09s           2026-08-24T07:36:48                      10
/opt/airflow/dags/02_xcom_dag.py                                       1           0  0.09s           2026-08-24T07:36:48                      10
================================================================================
[2026-08-24T07:37:37.911+0000] {manager.py:997} INFO - 
================================================================================
DAG File Processing Stats

File Path                                     PID    Runtime      # DAGs    # Errors  Last Runtime    Last Run               Last # of DB Queries
--------------------------------------------  -----  ---------  --------  ----------  --------------  -------------------  ----------------------
/opt/airflow/dags/04_parallel_weather.py                               1           0  0.13s           2026-08-24T07:37:19                      10
/opt/airflow/dags/03_branching_dag.py                                  1           0  0.12s           2026-08-24T07:37:19                      10
/opt/airflow/dags/01_hello_dag.py                                      1           0  0.11s           2026-08-24T07:37:19                      10
/opt/airflow/dags/02_xcom_dag.py                                       1           0  0.09s           2026-08-24T07:37:19                      10
/opt/airflow/dags/05_etl_weather_postgres.py                           1           0  0.09s           2026-08-24T07:37:19                      10
================================================================================
[2026-08-24T07:38:08.842+0000] {manager.py:997} INFO - 
================================================================================
DAG File Processing Stats

File Path                                     PID    Runtime      # DAGs    # Errors  Last Runtime    Last Run               Last # of DB Queries
--------------------------------------------  -----  ---------  --------  ----------  --------------  -------------------  ----------------------
/opt/airflow/dags/02_xcom_dag.py                                       1           0  0.13s           2026-08-24T07:37:50                      10
/opt/airflow/dags/03_branching_dag.py                                  1           0  0.11s           2026-08-24T07:37:50                      10
/opt/airflow/dags/01_hello_dag.py                                      1           0  0.10s           2026-08-24T07:37:50                      10
/opt/airflow/dags/05_etl_weather_postgres.py                           1           0  0.10s           2026-08-24T07:37:50                      10
/opt/airflow/dags/04_parallel_weather.py                               1           0  0.09s           2026-08-24T07:37:50                      10
================================================================================
[2026-08-24T07:38:39.669+0000] {manager.py:997} INFO - 
================================================================================
DAG File Processing Stats

File Path                                     PID    Runtime      # DAGs    # Errors  Last Runtime    Last Run               Last # of DB Queries
--------------------------------------------  -----  ---------  --------  ----------  --------------  -------------------  ----------------------
/opt/airflow/dags/04_parallel_weather.py                               1           0  0.15s           2026-08-24T07:38:21                      10
/opt/airflow/dags/05_etl_weather_postgres.py                           1           0  0.15s           2026-08-24T07:38:21                      10
/opt/airflow/dags/03_branching_dag.py                                  1           0  0.12s           2026-08-24T07:38:21                      10
/opt/airflow/dags/02_xcom_dag.py                                       1           0  0.10s           2026-08-24T07:38:21                      10
/opt/airflow/dags/01_hello_dag.py                                      1           0  0.09s           2026-08-24T07:38:21                      10
================================================================================
[2026-08-24T07:39:09.696+0000] {manager.py:997} INFO - 
================================================================================
DAG File Processing Stats

File Path                                     PID    Runtime      # DAGs    # Errors  Last Runtime    Last Run               Last # of DB Queries
--------------------------------------------  -----  ---------  --------  ----------  --------------  -------------------  ----------------------
/opt/airflow/dags/04_parallel_weather.py                               1           0  0.13s           2026-08-24T07:38:52                      10
/opt/airflow/dags/05_etl_weather_postgres.py                           1           0  0.11s           2026-08-24T07:38:52                      10
/opt/airflow/dags/01_hello_dag.py                                      1           0  0.10s           2026-08-24T07:38:52                      10
/opt/airflow/dags/03_branching_dag.py                                  1           0  0.10s           2026-08-24T07:38:52                      10
/opt/airflow/dags/02_xcom_dag.py                                       1           0  0.09s           2026-08-24T07:38:52                      10
================================================================================
[2026-08-24T07:39:40.564+0000] {manager.py:997} INFO - 
================================================================================
DAG File Processing Stats

File Path                                     PID    Runtime      # DAGs    # Errors  Last Runtime    Last Run               Last # of DB Queries
--------------------------------------------  -----  ---------  --------  ----------  --------------  -------------------  ----------------------
/opt/airflow/dags/02_xcom_dag.py                                       1           0  0.14s           2026-08-24T07:39:23                      10
/opt/airflow/dags/03_branching_dag.py                                  1           0  0.13s           2026-08-24T07:39:23                      10
/opt/airflow/dags/01_hello_dag.py                                      1           0  0.10s           2026-08-24T07:39:23                      10
/opt/airflow/dags/05_etl_weather_postgres.py                           1           0  0.10s           2026-08-24T07:39:22                      10
/opt/airflow/dags/04_parallel_weather.py                               1           0  0.09s           2026-08-24T07:39:22                      10
================================================================================
[2026-08-24T07:40:10.823+0000] {manager.py:997} INFO - 
================================================================================
DAG File Processing Stats

File Path                                     PID    Runtime      # DAGs    # Errors  Last Runtime    Last Run               Last # of DB Queries
--------------------------------------------  -----  ---------  --------  ----------  --------------  -------------------  ----------------------
/opt/airflow/dags/03_branching_dag.py                                  1           0  0.21s           2026-08-24T07:39:54                      10
/opt/airflow/dags/02_xcom_dag.py                                       1           0  0.19s           2026-08-24T07:39:54                      10
/opt/airflow/dags/04_parallel_weather.py                               1           0  0.13s           2026-08-24T07:39:53                      10
/opt/airflow/dags/05_etl_weather_postgres.py                           1           0  0.13s           2026-08-24T07:39:53                      10
/opt/airflow/dags/01_hello_dag.py                                      1           0  0.11s           2026-08-24T07:39:54                      10
================================================================================
[2026-08-24T07:40:41.538+0000] {manager.py:997} INFO - 
================================================================================
DAG File Processing Stats

File Path                                     PID    Runtime      # DAGs    # Errors  Last Runtime    Last Run               Last # of DB Queries
--------------------------------------------  -----  ---------  --------  ----------  --------------  -------------------  ----------------------
/opt/airflow/dags/03_branching_dag.py                                  1           0  0.16s           2026-08-24T07:40:25                      10
/opt/airflow/dags/02_xcom_dag.py                                       1           0  0.15s           2026-08-24T07:40:25                      10
/opt/airflow/dags/05_etl_weather_postgres.py                           1           0  0.13s           2026-08-24T07:40:23                      10
/opt/airflow/dags/04_parallel_weather.py                               1           0  0.13s           2026-08-24T07:40:23                      10
/opt/airflow/dags/01_hello_dag.py                                      1           0  0.10s           2026-08-24T07:40:25                      10
================================================================================
[2026-08-24T07:41:11.905+0000] {manager.py:997} INFO - 
================================================================================
DAG File Processing Stats

File Path                                     PID    Runtime      # DAGs    # Errors  Last Runtime    Last Run               Last # of DB Queries
--------------------------------------------  -----  ---------  --------  ----------  --------------  -------------------  ----------------------
/opt/airflow/dags/05_etl_weather_postgres.py                           1           0  0.25s           2026-08-24T07:40:54                      10
/opt/airflow/dags/04_parallel_weather.py                               1           0  0.21s           2026-08-24T07:40:54                      10
/opt/airflow/dags/01_hello_dag.py                                      1           0  0.19s           2026-08-24T07:40:55                      10
/opt/airflow/dags/02_xcom_dag.py                                       1           0  0.17s           2026-08-24T07:40:55                      10
/opt/airflow/dags/03_branching_dag.py                                  1           0  0.17s           2026-08-24T07:40:55                      10
================================================================================
[2026-08-24T07:41:18.069+0000] {manager.py:821} INFO - Searching for files in /opt/airflow/dags
[2026-08-24T07:41:18.108+0000] {manager.py:824} INFO - There are 5 files in /opt/airflow/dags
[2026-08-24T07:41:42.121+0000] {manager.py:997} INFO - 
================================================================================
DAG File Processing Stats

File Path                                     PID    Runtime      # DAGs    # Errors  Last Runtime    Last Run               Last # of DB Queries
--------------------------------------------  -----  ---------  --------  ----------  --------------  -------------------  ----------------------
/opt/airflow/dags/03_branching_dag.py                                  1           0  0.24s           2026-08-24T07:41:25                      10
/opt/airflow/dags/05_etl_weather_postgres.py                           1           0  0.14s           2026-08-24T07:41:24                      10
/opt/airflow/dags/02_xcom_dag.py                                       1           0  0.13s           2026-08-24T07:41:25                      10
/opt/airflow/dags/01_hello_dag.py                                      1           0  0.11s           2026-08-24T07:41:25                      10
/opt/airflow/dags/04_parallel_weather.py                               1           0  0.09s           2026-08-24T07:41:24                      10
================================================================================
[2026-08-24T07:42:12.255+0000] {manager.py:997} INFO - 
================================================================================
DAG File Processing Stats

File Path                                     PID    Runtime      # DAGs    # Errors  Last Runtime    Last Run               Last # of DB Queries
--------------------------------------------  -----  ---------  --------  ----------  --------------  -------------------  ----------------------
/opt/airflow/dags/05_etl_weather_postgres.py                           1           0  0.19s           2026-08-24T07:41:55                      10
/opt/airflow/dags/02_xcom_dag.py                                       1           0  0.14s           2026-08-24T07:41:56                      10
/opt/airflow/dags/04_parallel_weather.py                               1           0  0.13s           2026-08-24T07:41:55                      10
/opt/airflow/dags/01_hello_dag.py                                      1           0  0.12s           2026-08-24T07:41:56                      10
/opt/airflow/dags/03_branching_dag.py                                  1           0  0.10s           2026-08-24T07:41:55                      10
================================================================================
[2026-08-24T07:42:42.411+0000] {manager.py:997} INFO - 
================================================================================
DAG File Processing Stats

File Path                                     PID    Runtime      # DAGs    # Errors  Last Runtime    Last Run               Last # of DB Queries
--------------------------------------------  -----  ---------  --------  ----------  --------------  -------------------  ----------------------
/opt/airflow/dags/05_etl_weather_postgres.py                           1           0  0.27s           2026-08-24T07:42:26                      10
/opt/airflow/dags/04_parallel_weather.py                               1           0  0.23s           2026-08-24T07:42:26                      10
/opt/airflow/dags/03_branching_dag.py                                  1           0  0.17s           2026-08-24T07:42:27                      10
/opt/airflow/dags/02_xcom_dag.py                                       1           0  0.13s           2026-08-24T07:42:27                      10
/opt/airflow/dags/01_hello_dag.py                                      1           0  0.11s           2026-08-24T07:42:27                      10
================================================================================
[2026-08-24T07:43:12.429+0000] {manager.py:997} INFO - 
================================================================================
DAG File Processing Stats

File Path                                     PID    Runtime      # DAGs    # Errors  Last Runtime    Last Run               Last # of DB Queries
--------------------------------------------  -----  ---------  --------  ----------  --------------  -------------------  ----------------------
/opt/airflow/dags/05_etl_weather_postgres.py                           1           0  0.20s           2026-08-24T07:42:57                      10
/opt/airflow/dags/04_parallel_weather.py                               1           0  0.19s           2026-08-24T07:42:57                      10
/opt/airflow/dags/02_xcom_dag.py                                       1           0  0.14s           2026-08-24T07:42:58                      10
/opt/airflow/dags/03_branching_dag.py                                  1           0  0.14s           2026-08-24T07:42:58                      10
/opt/airflow/dags/01_hello_dag.py                                      1           0  0.12s           2026-08-24T07:42:58                      10
================================================================================
[2026-08-24T07:43:43.286+0000] {manager.py:997} INFO - 
================================================================================
DAG File Processing Stats

File Path                                     PID    Runtime      # DAGs    # Errors  Last Runtime    Last Run               Last # of DB Queries
--------------------------------------------  -----  ---------  --------  ----------  --------------  -------------------  ----------------------
/opt/airflow/dags/03_branching_dag.py                                  1           0  0.18s           2026-08-24T07:43:28                      10
/opt/airflow/dags/04_parallel_weather.py                               1           0  0.14s           2026-08-24T07:43:28                      10
/opt/airflow/dags/02_xcom_dag.py                                       1           0  0.13s           2026-08-24T07:43:29                      10
/opt/airflow/dags/05_etl_weather_postgres.py                           1           0  0.13s           2026-08-24T07:43:28                      10
/opt/airflow/dags/01_hello_dag.py                                      1           0  0.13s           2026-08-24T07:43:29                      10
================================================================================
[2026-08-24T07:44:14.050+0000] {manager.py:997} INFO - 
================================================================================
DAG File Processing Stats

File Path                                     PID    Runtime      # DAGs    # Errors  Last Runtime    Last Run               Last # of DB Queries
--------------------------------------------  -----  ---------  --------  ----------  --------------  -------------------  ----------------------
/opt/airflow/dags/01_hello_dag.py                                      1           0  0.14s           2026-08-24T07:43:59                      10
/opt/airflow/dags/02_xcom_dag.py                                       1           0  0.13s           2026-08-24T07:43:59                      10
/opt/airflow/dags/04_parallel_weather.py                               1           0  0.12s           2026-08-24T07:43:59                      10
/opt/airflow/dags/03_branching_dag.py                                  1           0  0.12s           2026-08-24T07:43:59                      10
/opt/airflow/dags/05_etl_weather_postgres.py                           1           0  0.09s           2026-08-24T07:43:59                      10
================================================================================
[2026-08-24T07:44:44.941+0000] {manager.py:997} INFO - 
================================================================================
DAG File Processing Stats

File Path                                     PID    Runtime      # DAGs    # Errors  Last Runtime    Last Run               Last # of DB Queries
--------------------------------------------  -----  ---------  --------  ----------  --------------  -------------------  ----------------------
/opt/airflow/dags/05_etl_weather_postgres.py                           1           0  0.15s           2026-08-24T07:44:30                      10
/opt/airflow/dags/04_parallel_weather.py                               1           0  0.13s           2026-08-24T07:44:30                      10
/opt/airflow/dags/03_branching_dag.py                                  1           0  0.10s           2026-08-24T07:44:30                      10
/opt/airflow/dags/02_xcom_dag.py                                       1           0  0.10s           2026-08-24T07:44:30                      10
/opt/airflow/dags/01_hello_dag.py                                      1           0  0.10s           2026-08-24T07:44:30                      10
================================================================================
[2026-08-24T07:45:15.813+0000] {manager.py:997} INFO - 
================================================================================
DAG File Processing Stats

File Path                                     PID    Runtime      # DAGs    # Errors  Last Runtime    Last Run               Last # of DB Queries
--------------------------------------------  -----  ---------  --------  ----------  --------------  -------------------  ----------------------
/opt/airflow/dags/05_etl_weather_postgres.py                           1           0  0.17s           2026-08-24T07:45:01                      10
/opt/airflow/dags/04_parallel_weather.py                               1           0  0.15s           2026-08-24T07:45:01                      10
/opt/airflow/dags/02_xcom_dag.py                                       1           0  0.11s           2026-08-24T07:45:01                      10
/opt/airflow/dags/01_hello_dag.py                                      1           0  0.11s           2026-08-24T07:45:01                      10
/opt/airflow/dags/03_branching_dag.py                                  1           0  0.11s           2026-08-24T07:45:01                      10
================================================================================
[2026-08-24T07:45:45.814+0000] {manager.py:997} INFO - 
================================================================================
DAG File Processing Stats

File Path                                     PID    Runtime      # DAGs    # Errors  Last Runtime    Last Run               Last # of DB Queries
--------------------------------------------  -----  ---------  --------  ----------  --------------  -------------------  ----------------------
/opt/airflow/dags/05_etl_weather_postgres.py                           1           0  0.12s           2026-08-24T07:45:32                      10
/opt/airflow/dags/03_branching_dag.py                                  1           0  0.10s           2026-08-24T07:45:32                      10
/opt/airflow/dags/02_xcom_dag.py                                       1           0  0.09s           2026-08-24T07:45:32                      10
/opt/airflow/dags/04_parallel_weather.py                               1           0  0.09s           2026-08-24T07:45:32                      10
/opt/airflow/dags/01_hello_dag.py                                      1           0  0.09s           2026-08-24T07:45:32                      10
================================================================================
[2026-08-24T07:46:16.594+0000] {manager.py:997} INFO - 
================================================================================
DAG File Processing Stats

File Path                                     PID    Runtime      # DAGs    # Errors  Last Runtime    Last Run               Last # of DB Queries
--------------------------------------------  -----  ---------  --------  ----------  --------------  -------------------  ----------------------
/opt/airflow/dags/01_hello_dag.py                                      1           0  0.16s           2026-08-24T07:46:03                      10
/opt/airflow/dags/03_branching_dag.py                                  1           0  0.16s           2026-08-24T07:46:03                      10
/opt/airflow/dags/02_xcom_dag.py                                       1           0  0.15s           2026-08-24T07:46:03                      10
/opt/airflow/dags/04_parallel_weather.py                               1           0  0.13s           2026-08-24T07:46:03                      10
/opt/airflow/dags/05_etl_weather_postgres.py                           1           0  0.12s           2026-08-24T07:46:03                      10
================================================================================
[2026-08-24T07:46:18.612+0000] {manager.py:821} INFO - Searching for files in /opt/airflow/dags
[2026-08-24T07:46:18.686+0000] {manager.py:824} INFO - There are 5 files in /opt/airflow/dags
[2026-08-24T07:46:46.775+0000] {manager.py:997} INFO - 
================================================================================
DAG File Processing Stats

File Path                                     PID    Runtime      # DAGs    # Errors  Last Runtime    Last Run               Last # of DB Queries
--------------------------------------------  -----  ---------  --------  ----------  --------------  -------------------  ----------------------
/opt/airflow/dags/05_etl_weather_postgres.py                           1           0  0.18s           2026-08-24T07:46:34                      10
/opt/airflow/dags/03_branching_dag.py                                  1           0  0.15s           2026-08-24T07:46:34                      10
/opt/airflow/dags/04_parallel_weather.py                               1           0  0.12s           2026-08-24T07:46:34                      10
/opt/airflow/dags/01_hello_dag.py                                      1           0  0.11s           2026-08-24T07:46:34                      10
/opt/airflow/dags/02_xcom_dag.py                                       1           0  0.11s           2026-08-24T07:46:34                      10
================================================================================
[2026-08-24T07:47:16.990+0000] {manager.py:997} INFO - 
================================================================================
DAG File Processing Stats

File Path                                     PID    Runtime      # DAGs    # Errors  Last Runtime    Last Run               Last # of DB Queries
--------------------------------------------  -----  ---------  --------  ----------  --------------  -------------------  ----------------------
/opt/airflow/dags/04_parallel_weather.py                               1           0  0.22s           2026-08-24T07:47:04                      10
/opt/airflow/dags/01_hello_dag.py                                      1           0  0.13s           2026-08-24T07:47:04                      10
/opt/airflow/dags/02_xcom_dag.py                                       1           0  0.11s           2026-08-24T07:47:04                      10
/opt/airflow/dags/05_etl_weather_postgres.py                           1           0  0.10s           2026-08-24T07:47:04                      10
/opt/airflow/dags/03_branching_dag.py                                  1           0  0.10s           2026-08-24T07:47:04                      10
================================================================================
[2026-08-24T07:47:47.017+0000] {manager.py:997} INFO - 
================================================================================
DAG File Processing Stats

File Path                                     PID    Runtime      # DAGs    # Errors  Last Runtime    Last Run               Last # of DB Queries
--------------------------------------------  -----  ---------  --------  ----------  --------------  -------------------  ----------------------
/opt/airflow/dags/02_xcom_dag.py                                       1           0  0.12s           2026-08-24T07:47:34                      10
/opt/airflow/dags/04_parallel_weather.py                               1           0  0.11s           2026-08-24T07:47:34                      10
/opt/airflow/dags/05_etl_weather_postgres.py                           1           0  0.10s           2026-08-24T07:47:34                      10
/opt/airflow/dags/03_branching_dag.py                                  1           0  0.09s           2026-08-24T07:47:34                      10
/opt/airflow/dags/01_hello_dag.py                                      1           0  0.08s           2026-08-24T07:47:34                      10
================================================================================
[2026-08-24T07:48:17.080+0000] {manager.py:997} INFO - 
================================================================================
DAG File Processing Stats

File Path                                     PID    Runtime      # DAGs    # Errors  Last Runtime    Last Run               Last # of DB Queries
--------------------------------------------  -----  ---------  --------  ----------  --------------  -------------------  ----------------------
/opt/airflow/dags/03_branching_dag.py                                  1           0  0.14s           2026-08-24T07:48:05                      10
/opt/airflow/dags/02_xcom_dag.py                                       1           0  0.12s           2026-08-24T07:48:05                      10
/opt/airflow/dags/04_parallel_weather.py                               1           0  0.11s           2026-08-24T07:48:05                      10
/opt/airflow/dags/01_hello_dag.py                                      1           0  0.11s           2026-08-24T07:48:05                      10
/opt/airflow/dags/05_etl_weather_postgres.py                           1           0  0.10s           2026-08-24T07:48:05                      10
================================================================================
[2026-08-24T07:48:47.291+0000] {manager.py:997} INFO - 
================================================================================
DAG File Processing Stats

File Path                                     PID    Runtime      # DAGs    # Errors  Last Runtime    Last Run               Last # of DB Queries
--------------------------------------------  -----  ---------  --------  ----------  --------------  -------------------  ----------------------
/opt/airflow/dags/05_etl_weather_postgres.py                           1           0  0.22s           2026-08-24T07:48:36                      10
/opt/airflow/dags/04_parallel_weather.py                               1           0  0.18s           2026-08-24T07:48:36                      10
/opt/airflow/dags/01_hello_dag.py                                      1           0  0.13s           2026-08-24T07:48:36                      10
/opt/airflow/dags/03_branching_dag.py                                  1           0  0.11s           2026-08-24T07:48:36                      10
/opt/airflow/dags/02_xcom_dag.py                                       1           0  0.10s           2026-08-24T07:48:36                      10
================================================================================
[2026-08-24T07:49:17.910+0000] {manager.py:997} INFO - 
================================================================================
DAG File Processing Stats

File Path                                     PID    Runtime      # DAGs    # Errors  Last Runtime    Last Run               Last # of DB Queries
--------------------------------------------  -----  ---------  --------  ----------  --------------  -------------------  ----------------------
/opt/airflow/dags/05_etl_weather_postgres.py                           1           0  0.17s           2026-08-24T07:49:07                      10
/opt/airflow/dags/04_parallel_weather.py                               1           0  0.16s           2026-08-24T07:49:07                      10
/opt/airflow/dags/03_branching_dag.py                                  1           0  0.13s           2026-08-24T07:49:07                      10
/opt/airflow/dags/02_xcom_dag.py                                       1           0  0.11s           2026-08-24T07:49:07                      10
/opt/airflow/dags/01_hello_dag.py                                      1           0  0.10s           2026-08-24T07:49:07                      10
================================================================================
[2026-08-24T07:49:48.572+0000] {manager.py:997} INFO - 
================================================================================
DAG File Processing Stats

File Path                                     PID    Runtime      # DAGs    # Errors  Last Runtime    Last Run               Last # of DB Queries
--------------------------------------------  -----  ---------  --------  ----------  --------------  -------------------  ----------------------
/opt/airflow/dags/05_etl_weather_postgres.py                           1           0  0.25s           2026-08-24T07:49:37                      10
/opt/airflow/dags/03_branching_dag.py                                  1           0  0.24s           2026-08-24T07:49:38                      10
/opt/airflow/dags/04_parallel_weather.py                               1           0  0.14s           2026-08-24T07:49:37                      10
/opt/airflow/dags/01_hello_dag.py                                      1           0  0.11s           2026-08-24T07:49:38                      10
/opt/airflow/dags/02_xcom_dag.py                                       1           0  0.10s           2026-08-24T07:49:38                      10
================================================================================
[2026-08-24T07:50:18.724+0000] {manager.py:997} INFO - 
================================================================================
DAG File Processing Stats

File Path                                     PID    Runtime      # DAGs    # Errors  Last Runtime    Last Run               Last # of DB Queries
--------------------------------------------  -----  ---------  --------  ----------  --------------  -------------------  ----------------------
/opt/airflow/dags/03_branching_dag.py                                  1           0  1.07s           2026-08-24T07:50:10                      10
/opt/airflow/dags/01_hello_dag.py                                      1           0  0.98s           2026-08-24T07:50:12                      10
/opt/airflow/dags/02_xcom_dag.py                                       1           0  0.89s           2026-08-24T07:50:11                      10
/opt/airflow/dags/05_etl_weather_postgres.py                           1           0  0.88s           2026-08-24T07:50:09                      10
/opt/airflow/dags/04_parallel_weather.py                               1           0  0.87s           2026-08-24T07:50:09                      10
================================================================================
[2026-08-24T07:50:48.828+0000] {manager.py:997} INFO - 
================================================================================
DAG File Processing Stats

File Path                                     PID    Runtime      # DAGs    # Errors  Last Runtime    Last Run               Last # of DB Queries
--------------------------------------------  -----  ---------  --------  ----------  --------------  -------------------  ----------------------
/opt/airflow/dags/01_hello_dag.py                                      1           0  0.72s           2026-08-24T07:50:43                      10
/opt/airflow/dags/03_branching_dag.py                                  1           0  0.68s           2026-08-24T07:50:41                      10
/opt/airflow/dags/02_xcom_dag.py                                       1           0  0.55s           2026-08-24T07:50:42                      10
/opt/airflow/dags/05_etl_weather_postgres.py                           1           0  0.52s           2026-08-24T07:50:40                      10
/opt/airflow/dags/04_parallel_weather.py                               1           0  0.43s           2026-08-24T07:50:40                      10
================================================================================
[2026-08-24T07:51:19.095+0000] {manager.py:821} INFO - Searching for files in /opt/airflow/dags
[2026-08-24T07:51:20.800+0000] {manager.py:824} INFO - There are 5 files in /opt/airflow/dags
[2026-08-24T07:51:20.938+0000] {manager.py:997} INFO - 
================================================================================
DAG File Processing Stats

File Path                                     PID    Runtime      # DAGs    # Errors  Last Runtime    Last Run               Last # of DB Queries
--------------------------------------------  -----  ---------  --------  ----------  --------------  -------------------  ----------------------
/opt/airflow/dags/04_parallel_weather.py                               1           0  1.02s           2026-08-24T07:51:12                      10
/opt/airflow/dags/02_xcom_dag.py                                       1           0  0.94s           2026-08-24T07:51:13                      10
/opt/airflow/dags/05_etl_weather_postgres.py                           1           0  0.93s           2026-08-24T07:51:12                      10
/opt/airflow/dags/01_hello_dag.py                                      1           0  0.87s           2026-08-24T07:51:14                      10
/opt/airflow/dags/03_branching_dag.py                                  1           0  0.83s           2026-08-24T07:51:13                      10
================================================================================
[2026-08-24T07:51:51.288+0000] {manager.py:997} INFO - 
================================================================================
DAG File Processing Stats

File Path                                     PID    Runtime      # DAGs    # Errors  Last Runtime    Last Run               Last # of DB Queries
--------------------------------------------  -----  ---------  --------  ----------  --------------  -------------------  ----------------------
/opt/airflow/dags/05_etl_weather_postgres.py                           1           0  0.17s           2026-08-24T07:51:43                      10
/opt/airflow/dags/04_parallel_weather.py                               1           0  0.13s           2026-08-24T07:51:43                      10
/opt/airflow/dags/03_branching_dag.py                                  1           0  0.12s           2026-08-24T07:51:44                      10
/opt/airflow/dags/02_xcom_dag.py                                       1           0  0.12s           2026-08-24T07:51:44                      10
/opt/airflow/dags/01_hello_dag.py                                      1           0  0.10s           2026-08-24T07:51:45                      10
================================================================================
[2026-08-24T07:52:21.909+0000] {manager.py:997} INFO - 
================================================================================
DAG File Processing Stats

File Path                                     PID    Runtime      # DAGs    # Errors  Last Runtime    Last Run               Last # of DB Queries
--------------------------------------------  -----  ---------  --------  ----------  --------------  -------------------  ----------------------
/opt/airflow/dags/03_branching_dag.py                                  1           0  0.16s           2026-08-24T07:52:14                      10
/opt/airflow/dags/05_etl_weather_postgres.py                           1           0  0.15s           2026-08-24T07:52:13                      10
/opt/airflow/dags/04_parallel_weather.py                               1           0  0.14s           2026-08-24T07:52:13                      10
/opt/airflow/dags/02_xcom_dag.py                                       1           0  0.12s           2026-08-24T07:52:14                      10
/opt/airflow/dags/01_hello_dag.py                                      1           0  0.11s           2026-08-24T07:52:15                      10
================================================================================
[2026-08-24T07:52:52.684+0000] {manager.py:997} INFO - 
================================================================================
DAG File Processing Stats

File Path                                     PID    Runtime      # DAGs    # Errors  Last Runtime    Last Run               Last # of DB Queries
--------------------------------------------  -----  ---------  --------  ----------  --------------  -------------------  ----------------------
/opt/airflow/dags/04_parallel_weather.py                               1           0  0.13s           2026-08-24T07:52:44                      10
/opt/airflow/dags/01_hello_dag.py                                      1           0  0.12s           2026-08-24T07:52:46                      10
/opt/airflow/dags/02_xcom_dag.py                                       1           0  0.11s           2026-08-24T07:52:45                      10
/opt/airflow/dags/03_branching_dag.py                                  1           0  0.11s           2026-08-24T07:52:45                      10
/opt/airflow/dags/05_etl_weather_postgres.py                           1           0  0.10s           2026-08-24T07:52:44                      10
================================================================================
[2026-08-24T07:53:23.426+0000] {manager.py:997} INFO - 
================================================================================
DAG File Processing Stats

File Path                                     PID    Runtime      # DAGs    # Errors  Last Runtime    Last Run               Last # of DB Queries
--------------------------------------------  -----  ---------  --------  ----------  --------------  -------------------  ----------------------
/opt/airflow/dags/03_branching_dag.py                                  1           0  0.13s           2026-08-24T07:53:16                      10
/opt/airflow/dags/02_xcom_dag.py                                       1           0  0.12s           2026-08-24T07:53:16                      10
/opt/airflow/dags/04_parallel_weather.py                               1           0  0.11s           2026-08-24T07:53:15                      10
/opt/airflow/dags/05_etl_weather_postgres.py                           1           0  0.10s           2026-08-24T07:53:15                      10
/opt/airflow/dags/01_hello_dag.py                                      1           0  0.10s           2026-08-24T07:53:17                      10
================================================================================
[2026-08-24T07:53:54.188+0000] {manager.py:997} INFO - 
================================================================================
DAG File Processing Stats

File Path                                     PID    Runtime      # DAGs    # Errors  Last Runtime    Last Run               Last # of DB Queries
--------------------------------------------  -----  ---------  --------  ----------  --------------  -------------------  ----------------------
/opt/airflow/dags/03_branching_dag.py                                  1           0  0.15s           2026-08-24T07:53:47                      10
/opt/airflow/dags/05_etl_weather_postgres.py                           1           0  0.14s           2026-08-24T07:53:45                      10
/opt/airflow/dags/01_hello_dag.py                                      1           0  0.14s           2026-08-24T07:53:48                      10
/opt/airflow/dags/04_parallel_weather.py                               1           0  0.13s           2026-08-24T07:53:45                      10
/opt/airflow/dags/02_xcom_dag.py                                       1           0  0.12s           2026-08-24T07:53:47                      10
================================================================================
[2026-08-24T07:54:24.887+0000] {manager.py:997} INFO - 
================================================================================
DAG File Processing Stats

File Path                                     PID    Runtime      # DAGs    # Errors  Last Runtime    Last Run               Last # of DB Queries
--------------------------------------------  -----  ---------  --------  ----------  --------------  -------------------  ----------------------
/opt/airflow/dags/03_branching_dag.py                                  1           0  0.14s           2026-08-24T07:54:17                      10
/opt/airflow/dags/02_xcom_dag.py                                       1           0  0.13s           2026-08-24T07:54:17                      10
/opt/airflow/dags/05_etl_weather_postgres.py                           1           0  0.12s           2026-08-24T07:54:16                      10
/opt/airflow/dags/04_parallel_weather.py                               1           0  0.11s           2026-08-24T07:54:16                      10
/opt/airflow/dags/01_hello_dag.py                                      1           0  0.09s           2026-08-24T07:54:18                      10
================================================================================
[2026-08-24T07:54:55.739+0000] {manager.py:997} INFO - 
================================================================================
DAG File Processing Stats

File Path                                     PID    Runtime      # DAGs    # Errors  Last Runtime    Last Run               Last # of DB Queries
--------------------------------------------  -----  ---------  --------  ----------  --------------  -------------------  ----------------------
/opt/airflow/dags/03_branching_dag.py                                  1           0  0.15s           2026-08-24T07:54:48                      10
/opt/airflow/dags/01_hello_dag.py                                      1           0  0.14s           2026-08-24T07:54:49                      10
/opt/airflow/dags/04_parallel_weather.py                               1           0  0.13s           2026-08-24T07:54:47                      10
/opt/airflow/dags/02_xcom_dag.py                                       1           0  0.11s           2026-08-24T07:54:48                      10
/opt/airflow/dags/05_etl_weather_postgres.py                           1           0  0.10s           2026-08-24T07:54:47                      10
================================================================================
[2026-08-24T07:55:26.568+0000] {manager.py:997} INFO - 
================================================================================
DAG File Processing Stats

File Path                                     PID    Runtime      # DAGs    # Errors  Last Runtime    Last Run               Last # of DB Queries
--------------------------------------------  -----  ---------  --------  ----------  --------------  -------------------  ----------------------
/opt/airflow/dags/02_xcom_dag.py                                       1           0  0.11s           2026-08-24T07:55:19                      10
/opt/airflow/dags/05_etl_weather_postgres.py                           1           0  0.11s           2026-08-24T07:55:18                      10
/opt/airflow/dags/03_branching_dag.py                                  1           0  0.10s           2026-08-24T07:55:19                      10
/opt/airflow/dags/04_parallel_weather.py                               1           0  0.09s           2026-08-24T07:55:18                      10
/opt/airflow/dags/01_hello_dag.py                                      1           0  0.09s           2026-08-24T07:55:20                      10
================================================================================
[2026-08-24T07:55:56.682+0000] {manager.py:997} INFO - 
================================================================================
DAG File Processing Stats

File Path                                     PID    Runtime      # DAGs    # Errors  Last Runtime    Last Run               Last # of DB Queries
--------------------------------------------  -----  ---------  --------  ----------  --------------  -------------------  ----------------------
/opt/airflow/dags/01_hello_dag.py                                      1           0  0.22s           2026-08-24T07:55:51                      10
/opt/airflow/dags/05_etl_weather_postgres.py                           1           0  0.16s           2026-08-24T07:55:49                      10
/opt/airflow/dags/04_parallel_weather.py                               1           0  0.15s           2026-08-24T07:55:49                      10
/opt/airflow/dags/03_branching_dag.py                                  1           0  0.10s           2026-08-24T07:55:50                      10
/opt/airflow/dags/02_xcom_dag.py                                       1           0  0.10s           2026-08-24T07:55:50                      10
================================================================================
[2026-08-24T07:56:19.110+0000] {manager.py:821} INFO - Searching for files in /opt/airflow/dags
[2026-08-24T07:56:19.180+0000] {manager.py:824} INFO - There are 5 files in /opt/airflow/dags
[2026-08-24T07:56:26.800+0000] {manager.py:997} INFO - 
================================================================================
DAG File Processing Stats

File Path                                     PID    Runtime      # DAGs    # Errors  Last Runtime    Last Run               Last # of DB Queries
--------------------------------------------  -----  ---------  --------  ----------  --------------  -------------------  ----------------------
/opt/airflow/dags/01_hello_dag.py                                      1           0  0.30s           2026-08-24T07:56:23                      10
/opt/airflow/dags/04_parallel_weather.py                               1           0  0.12s           2026-08-24T07:56:20                      10
/opt/airflow/dags/03_branching_dag.py                                  1           0  0.11s           2026-08-24T07:56:20                      10
/opt/airflow/dags/05_etl_weather_postgres.py                           1           0  0.11s           2026-08-24T07:56:20                      10
/opt/airflow/dags/02_xcom_dag.py                                       1           0  0.10s           2026-08-24T07:56:20                      10
================================================================================
[2026-08-24T07:56:57.272+0000] {manager.py:997} INFO - 
================================================================================
DAG File Processing Stats

File Path                                     PID    Runtime      # DAGs    # Errors  Last Runtime    Last Run               Last # of DB Queries
--------------------------------------------  -----  ---------  --------  ----------  --------------  -------------------  ----------------------
/opt/airflow/dags/01_hello_dag.py                                      1           0  0.21s           2026-08-24T07:56:53                      10
/opt/airflow/dags/02_xcom_dag.py                                       1           0  0.14s           2026-08-24T07:56:51                      10
/opt/airflow/dags/04_parallel_weather.py                               1           0  0.14s           2026-08-24T07:56:50                      10
/opt/airflow/dags/05_etl_weather_postgres.py                           1           0  0.13s           2026-08-24T07:56:50                      10
/opt/airflow/dags/03_branching_dag.py                                  1           0  0.10s           2026-08-24T07:56:50                      10
================================================================================
[2026-08-24T07:57:27.614+0000] {manager.py:997} INFO - 
================================================================================
DAG File Processing Stats

File Path                                     PID    Runtime      # DAGs    # Errors  Last Runtime    Last Run               Last # of DB Queries
--------------------------------------------  -----  ---------  --------  ----------  --------------  -------------------  ----------------------
/opt/airflow/dags/04_parallel_weather.py                               1           0  0.23s           2026-08-24T07:57:21                      10
/opt/airflow/dags/03_branching_dag.py                                  1           0  0.22s           2026-08-24T07:57:21                      10
/opt/airflow/dags/05_etl_weather_postgres.py                           1           0  0.20s           2026-08-24T07:57:21                      10
/opt/airflow/dags/02_xcom_dag.py                                       1           0  0.18s           2026-08-24T07:57:21                      10
/opt/airflow/dags/01_hello_dag.py                                      1           0  0.11s           2026-08-24T07:57:23                      10
================================================================================
[2026-08-24T07:57:57.773+0000] {manager.py:997} INFO - 
================================================================================
DAG File Processing Stats

File Path                                     PID    Runtime      # DAGs    # Errors  Last Runtime    Last Run               Last # of DB Queries
--------------------------------------------  -----  ---------  --------  ----------  --------------  -------------------  ----------------------
/opt/airflow/dags/05_etl_weather_postgres.py                           1           0  0.19s           2026-08-24T07:57:51                      10
/opt/airflow/dags/04_parallel_weather.py                               1           0  0.15s           2026-08-24T07:57:51                      10
/opt/airflow/dags/01_hello_dag.py                                      1           0  0.12s           2026-08-24T07:57:53                      10
/opt/airflow/dags/03_branching_dag.py                                  1           0  0.11s           2026-08-24T07:57:51                      10
/opt/airflow/dags/02_xcom_dag.py                                       1           0  0.10s           2026-08-24T07:57:52                      10
================================================================================
[2026-08-24T07:58:28.450+0000] {manager.py:997} INFO - 
================================================================================
DAG File Processing Stats

File Path                                     PID    Runtime      # DAGs    # Errors  Last Runtime    Last Run               Last # of DB Queries
--------------------------------------------  -----  ---------  --------  ----------  --------------  -------------------  ----------------------
/opt/airflow/dags/03_branching_dag.py                                  1           0  0.29s           2026-08-24T07:58:23                      10
/opt/airflow/dags/05_etl_weather_postgres.py                           1           0  0.27s           2026-08-24T07:58:22                      10
/opt/airflow/dags/01_hello_dag.py                                      1           0  0.25s           2026-08-24T07:58:24                      10
/opt/airflow/dags/04_parallel_weather.py                               1           0  0.23s           2026-08-24T07:58:22                      10
/opt/airflow/dags/02_xcom_dag.py                                       1           0  0.15s           2026-08-24T07:58:23                      10
================================================================================
[2026-08-24T07:58:59.377+0000] {manager.py:997} INFO - 
================================================================================
DAG File Processing Stats

File Path                                     PID    Runtime      # DAGs    # Errors  Last Runtime    Last Run               Last # of DB Queries
--------------------------------------------  -----  ---------  --------  ----------  --------------  -------------------  ----------------------
/opt/airflow/dags/05_etl_weather_postgres.py                           1           0  0.17s           2026-08-24T07:58:53                      10
/opt/airflow/dags/04_parallel_weather.py                               1           0  0.15s           2026-08-24T07:58:53                      10
/opt/airflow/dags/02_xcom_dag.py                                       1           0  0.12s           2026-08-24T07:58:54                      10
/opt/airflow/dags/03_branching_dag.py                                  1           0  0.11s           2026-08-24T07:58:53                      10
/opt/airflow/dags/01_hello_dag.py                                      1           0  0.09s           2026-08-24T07:58:55                      10
================================================================================
[2026-08-24T07:59:30.112+0000] {manager.py:997} INFO - 
================================================================================
DAG File Processing Stats

File Path                                     PID    Runtime      # DAGs    # Errors  Last Runtime    Last Run               Last # of DB Queries
--------------------------------------------  -----  ---------  --------  ----------  --------------  -------------------  ----------------------
/opt/airflow/dags/05_etl_weather_postgres.py                           1           0  0.16s           2026-08-24T07:59:23                      10
/opt/airflow/dags/04_parallel_weather.py                               1           0  0.11s           2026-08-24T07:59:23                      10
/opt/airflow/dags/03_branching_dag.py                                  1           0  0.10s           2026-08-24T07:59:23                      10
/opt/airflow/dags/01_hello_dag.py                                      1           0  0.10s           2026-08-24T07:59:26                      10
/opt/airflow/dags/02_xcom_dag.py                                       1           0  0.09s           2026-08-24T07:59:24                      10
================================================================================
[2026-08-24T08:00:00.922+0000] {manager.py:997} INFO - 
================================================================================
DAG File Processing Stats

File Path                                     PID    Runtime      # DAGs    # Errors  Last Runtime    Last Run               Last # of DB Queries
--------------------------------------------  -----  ---------  --------  ----------  --------------  -------------------  ----------------------
/opt/airflow/dags/02_xcom_dag.py                                       1           0  0.11s           2026-08-24T07:59:55                      10
/opt/airflow/dags/05_etl_weather_postgres.py                           1           0  0.10s           2026-08-24T07:59:54                      10
/opt/airflow/dags/01_hello_dag.py                                      1           0  0.09s           2026-08-24T07:59:56                      10
/opt/airflow/dags/03_branching_dag.py                                  1           0  0.09s           2026-08-24T07:59:54                      10
/opt/airflow/dags/04_parallel_weather.py                               1           0  0.08s           2026-08-24T07:59:54                      10
================================================================================
[2026-08-24T08:00:31.998+0000] {manager.py:997} INFO - 
================================================================================
DAG File Processing Stats

File Path                                     PID    Runtime      # DAGs    # Errors  Last Runtime    Last Run               Last # of DB Queries
--------------------------------------------  -----  ---------  --------  ----------  --------------  -------------------  ----------------------
/opt/airflow/dags/03_branching_dag.py                                  1           0  0.15s           2026-08-24T08:00:25                      10
/opt/airflow/dags/04_parallel_weather.py                               1           0  0.12s           2026-08-24T08:00:25                      10
/opt/airflow/dags/05_etl_weather_postgres.py                           1           0  0.12s           2026-08-24T08:00:25                      10
/opt/airflow/dags/01_hello_dag.py                                      1           0  0.09s           2026-08-24T08:00:27                      10
/opt/airflow/dags/02_xcom_dag.py                                       1           0  0.09s           2026-08-24T08:00:26                      10
================================================================================
[2026-08-24T08:01:02.990+0000] {manager.py:997} INFO - 
================================================================================
DAG File Processing Stats

File Path                                     PID    Runtime      # DAGs    # Errors  Last Runtime    Last Run               Last # of DB Queries
--------------------------------------------  -----  ---------  --------  ----------  --------------  -------------------  ----------------------
/opt/airflow/dags/04_parallel_weather.py                               1           0  0.14s           2026-08-24T08:00:56                      10
/opt/airflow/dags/05_etl_weather_postgres.py                           1           0  0.11s           2026-08-24T08:00:56                      10
/opt/airflow/dags/02_xcom_dag.py                                       1           0  0.10s           2026-08-24T08:00:56                      10
/opt/airflow/dags/03_branching_dag.py                                  1           0  0.10s           2026-08-24T08:00:56                      10
/opt/airflow/dags/01_hello_dag.py                                      1           0  0.10s           2026-08-24T08:00:57                      10
================================================================================
[2026-08-24T08:01:19.283+0000] {manager.py:821} INFO - Searching for files in /opt/airflow/dags
[2026-08-24T08:01:19.344+0000] {manager.py:824} INFO - There are 5 files in /opt/airflow/dags
[2026-08-24T08:01:33.913+0000] {manager.py:997} INFO - 
================================================================================
DAG File Processing Stats

File Path                                     PID    Runtime      # DAGs    # Errors  Last Runtime    Last Run               Last # of DB Queries
--------------------------------------------  -----  ---------  --------  ----------  --------------  -------------------  ----------------------
/opt/airflow/dags/05_etl_weather_postgres.py                           1           0  0.15s           2026-08-24T08:01:27                      10
/opt/airflow/dags/04_parallel_weather.py                               1           0  0.14s           2026-08-24T08:01:27                      10
/opt/airflow/dags/03_branching_dag.py                                  1           0  0.11s           2026-08-24T08:01:27                      10
/opt/airflow/dags/02_xcom_dag.py                                       1           0  0.10s           2026-08-24T08:01:27                      10
/opt/airflow/dags/01_hello_dag.py                                      1           0  0.10s           2026-08-24T08:01:28                      10
================================================================================
[2026-08-24T08:02:04.695+0000] {manager.py:997} INFO - 
================================================================================
DAG File Processing Stats

File Path                                     PID    Runtime      # DAGs    # Errors  Last Runtime    Last Run               Last # of DB Queries
--------------------------------------------  -----  ---------  --------  ----------  --------------  -------------------  ----------------------
/opt/airflow/dags/02_xcom_dag.py                                       1           0  0.16s           2026-08-24T08:01:58                      10
/opt/airflow/dags/03_branching_dag.py                                  1           0  0.14s           2026-08-24T08:01:58                      10
/opt/airflow/dags/05_etl_weather_postgres.py                           1           0  0.11s           2026-08-24T08:01:58                      10
/opt/airflow/dags/04_parallel_weather.py                               1           0  0.10s           2026-08-24T08:01:58                      10
/opt/airflow/dags/01_hello_dag.py                                      1           0  0.10s           2026-08-24T08:01:59                      10
================================================================================
[2026-08-24T08:02:34.762+0000] {manager.py:997} INFO - 
================================================================================
DAG File Processing Stats

File Path                                     PID    Runtime      # DAGs    # Errors  Last Runtime    Last Run               Last # of DB Queries
--------------------------------------------  -----  ---------  --------  ----------  --------------  -------------------  ----------------------
/opt/airflow/dags/04_parallel_weather.py                               1           0  0.12s           2026-08-24T08:02:29                      10
/opt/airflow/dags/01_hello_dag.py                                      1           0  0.12s           2026-08-24T08:02:30                      10
/opt/airflow/dags/05_etl_weather_postgres.py                           1           0  0.10s           2026-08-24T08:02:29                      10
/opt/airflow/dags/03_branching_dag.py                                  1           0  0.10s           2026-08-24T08:02:29                      10
/opt/airflow/dags/02_xcom_dag.py                                       1           0  0.10s           2026-08-24T08:02:29                      10
================================================================================
[2026-08-24T08:03:04.773+0000] {manager.py:997} INFO - 
================================================================================
DAG File Processing Stats

File Path                                     PID    Runtime      # DAGs    # Errors  Last Runtime    Last Run               Last # of DB Queries
--------------------------------------------  -----  ---------  --------  ----------  --------------  -------------------  ----------------------
/opt/airflow/dags/04_parallel_weather.py                               1           0  0.12s           2026-08-24T08:02:59                      10
/opt/airflow/dags/05_etl_weather_postgres.py                           1           0  0.11s           2026-08-24T08:02:59                      10
/opt/airflow/dags/01_hello_dag.py                                      1           0  0.09s           2026-08-24T08:03:00                      10
/opt/airflow/dags/03_branching_dag.py                                  1           0  0.09s           2026-08-24T08:02:59                      10
/opt/airflow/dags/02_xcom_dag.py                                       1           0  0.09s           2026-08-24T08:02:59                      10
================================================================================
[2026-08-24T08:03:34.787+0000] {manager.py:997} INFO - 
================================================================================
DAG File Processing Stats

File Path                                     PID    Runtime      # DAGs    # Errors  Last Runtime    Last Run               Last # of DB Queries
--------------------------------------------  -----  ---------  --------  ----------  --------------  -------------------  ----------------------
/opt/airflow/dags/04_parallel_weather.py                               1           0  0.19s           2026-08-24T08:03:30                      10
/opt/airflow/dags/05_etl_weather_postgres.py                           1           0  0.18s           2026-08-24T08:03:30                      10
/opt/airflow/dags/03_branching_dag.py                                  1           0  0.15s           2026-08-24T08:03:30                      10
/opt/airflow/dags/02_xcom_dag.py                                       1           0  0.13s           2026-08-24T08:03:30                      10
/opt/airflow/dags/01_hello_dag.py                                      1           0  0.11s           2026-08-24T08:03:30                      10
================================================================================
[2026-08-24T08:04:05.646+0000] {manager.py:997} INFO - 
================================================================================
DAG File Processing Stats

File Path                                     PID    Runtime      # DAGs    # Errors  Last Runtime    Last Run               Last # of DB Queries
--------------------------------------------  -----  ---------  --------  ----------  --------------  -------------------  ----------------------
/opt/airflow/dags/05_etl_weather_postgres.py                           1           0  0.15s           2026-08-24T08:04:01                      10
/opt/airflow/dags/02_xcom_dag.py                                       1           0  0.13s           2026-08-24T08:04:01                      10
/opt/airflow/dags/03_branching_dag.py                                  1           0  0.13s           2026-08-24T08:04:01                      10
/opt/airflow/dags/04_parallel_weather.py                               1           0  0.13s           2026-08-24T08:04:01                      10
/opt/airflow/dags/01_hello_dag.py                                      1           0  0.12s           2026-08-24T08:04:01                      10
================================================================================
[2026-08-24T08:04:36.505+0000] {manager.py:997} INFO - 
================================================================================
DAG File Processing Stats

File Path                                     PID    Runtime      # DAGs    # Errors  Last Runtime    Last Run               Last # of DB Queries
--------------------------------------------  -----  ---------  --------  ----------  --------------  -------------------  ----------------------
/opt/airflow/dags/04_parallel_weather.py                               1           0  0.18s           2026-08-24T08:04:32                      10
/opt/airflow/dags/05_etl_weather_postgres.py                           1           0  0.17s           2026-08-24T08:04:32                      10
/opt/airflow/dags/02_xcom_dag.py                                       1           0  0.16s           2026-08-24T08:04:32                      10
/opt/airflow/dags/03_branching_dag.py                                  1           0  0.14s           2026-08-24T08:04:32                      10
/opt/airflow/dags/01_hello_dag.py                                      1           0  0.13s           2026-08-24T08:04:32                      10
================================================================================
[2026-08-24T08:05:07.368+0000] {manager.py:997} INFO - 
================================================================================
DAG File Processing Stats

File Path                                     PID    Runtime      # DAGs    # Errors  Last Runtime    Last Run               Last # of DB Queries
--------------------------------------------  -----  ---------  --------  ----------  --------------  -------------------  ----------------------
/opt/airflow/dags/04_parallel_weather.py                               1           0  0.16s           2026-08-24T08:05:03                      10
/opt/airflow/dags/05_etl_weather_postgres.py                           1           0  0.16s           2026-08-24T08:05:03                      10
/opt/airflow/dags/03_branching_dag.py                                  1           0  0.14s           2026-08-24T08:05:03                      10
/opt/airflow/dags/02_xcom_dag.py                                       1           0  0.13s           2026-08-24T08:05:03                      10
/opt/airflow/dags/01_hello_dag.py                                      1           0  0.13s           2026-08-24T08:05:03                      10
================================================================================
[2026-08-24T08:05:38.105+0000] {manager.py:997} INFO - 
================================================================================
DAG File Processing Stats

File Path                                     PID    Runtime      # DAGs    # Errors  Last Runtime    Last Run               Last # of DB Queries
--------------------------------------------  -----  ---------  --------  ----------  --------------  -------------------  ----------------------
/opt/airflow/dags/05_etl_weather_postgres.py                           1           0  0.17s           2026-08-24T08:05:33                      10
/opt/airflow/dags/04_parallel_weather.py                               1           0  0.15s           2026-08-24T08:05:33                      10
/opt/airflow/dags/03_branching_dag.py                                  1           0  0.15s           2026-08-24T08:05:34                      10
/opt/airflow/dags/01_hello_dag.py                                      1           0  0.13s           2026-08-24T08:05:34                      10
/opt/airflow/dags/02_xcom_dag.py                                       1           0  0.12s           2026-08-24T08:05:34                      10
================================================================================
[2026-08-24T08:06:08.499+0000] {manager.py:997} INFO - 
================================================================================
DAG File Processing Stats

File Path                                     PID    Runtime      # DAGs    # Errors  Last Runtime    Last Run               Last # of DB Queries
--------------------------------------------  -----  ---------  --------  ----------  --------------  -------------------  ----------------------
/opt/airflow/dags/03_branching_dag.py                                  1           0  0.30s           2026-08-24T08:06:05                      10
/opt/airflow/dags/05_etl_weather_postgres.py                           1           0  0.28s           2026-08-24T08:06:05                      10
/opt/airflow/dags/04_parallel_weather.py                               1           0  0.27s           2026-08-24T08:06:05                      10
/opt/airflow/dags/01_hello_dag.py                                      1           0  0.22s           2026-08-24T08:05:59                      10
/opt/airflow/dags/02_xcom_dag.py                                       1           0  0.20s           2026-08-24T08:06:05                      10
================================================================================
[2026-08-24T08:06:19.681+0000] {manager.py:821} INFO - Searching for files in /opt/airflow/dags
[2026-08-24T08:06:19.830+0000] {manager.py:824} INFO - There are 5 files in /opt/airflow/dags
[2026-08-24T08:06:38.652+0000] {manager.py:997} INFO - 
================================================================================
DAG File Processing Stats

File Path                                     PID    Runtime      # DAGs    # Errors  Last Runtime    Last Run               Last # of DB Queries
--------------------------------------------  -----  ---------  --------  ----------  --------------  -------------------  ----------------------
/opt/airflow/dags/04_parallel_weather.py                               1           0  0.19s           2026-08-24T08:06:35                      10
/opt/airflow/dags/05_etl_weather_postgres.py                           1           0  0.19s           2026-08-24T08:06:35                      10
/opt/airflow/dags/01_hello_dag.py                                      1           0  0.17s           2026-08-24T08:06:30                      10
/opt/airflow/dags/02_xcom_dag.py                                       1           0  0.15s           2026-08-24T08:06:36                      10
/opt/airflow/dags/03_branching_dag.py                                  1           0  0.14s           2026-08-24T08:06:35                      10
================================================================================
[2026-08-24T08:07:08.727+0000] {manager.py:997} INFO - 
================================================================================
DAG File Processing Stats

File Path                                     PID    Runtime      # DAGs    # Errors  Last Runtime    Last Run               Last # of DB Queries
--------------------------------------------  -----  ---------  --------  ----------  --------------  -------------------  ----------------------
/opt/airflow/dags/02_xcom_dag.py                                       1           0  0.24s           2026-08-24T08:07:07                      10
/opt/airflow/dags/05_etl_weather_postgres.py                           1           0  0.19s           2026-08-24T08:07:06                      10
/opt/airflow/dags/04_parallel_weather.py                               1           0  0.18s           2026-08-24T08:07:06                      10
/opt/airflow/dags/03_branching_dag.py                                  1           0  0.16s           2026-08-24T08:07:06                      10
/opt/airflow/dags/01_hello_dag.py                                      1           0  0.15s           2026-08-24T08:07:01                      10
================================================================================
[2026-08-24T08:07:39.428+0000] {manager.py:997} INFO - 
================================================================================
DAG File Processing Stats

File Path                                     PID    Runtime      # DAGs    # Errors  Last Runtime    Last Run               Last # of DB Queries
--------------------------------------------  -----  ---------  --------  ----------  --------------  -------------------  ----------------------
/opt/airflow/dags/03_branching_dag.py                                  1           0  0.18s           2026-08-24T08:07:37                      10
/opt/airflow/dags/05_etl_weather_postgres.py                           1           0  0.18s           2026-08-24T08:07:37                      10
/opt/airflow/dags/02_xcom_dag.py                                       1           0  0.16s           2026-08-24T08:07:38                      10
/opt/airflow/dags/01_hello_dag.py                                      1           0  0.15s           2026-08-24T08:07:32                      10
/opt/airflow/dags/04_parallel_weather.py                               1           0  0.15s           2026-08-24T08:07:37                      10
================================================================================
[2026-08-24T08:07:55.746+0000] {manager.py:465} INFO - Exiting gracefully upon receiving signal 15
[2026-08-31T07:56:09.668+0000] {manager.py:483} INFO - Processing files using up to 2 processes at a time 
[2026-08-31T07:56:09.669+0000] {manager.py:484} INFO - Process each file at most once every 30 seconds
[2026-08-31T07:56:09.670+0000] {manager.py:485} INFO - Checking for new files in /opt/airflow/dags every 300 seconds
[2026-08-31T07:56:09.671+0000] {manager.py:821} INFO - Searching for files in /opt/airflow/dags
[2026-08-31T07:56:09.882+0000] {manager.py:824} INFO - There are 7 files in /opt/airflow/dags
[2026-08-31T07:56:10.211+0000] {manager.py:997} INFO - 
================================================================================
DAG File Processing Stats

File Path                                       PID  Runtime      # DAGs    # Errors  Last Runtime    Last Run      Last # of DB Queries
--------------------------------------------  -----  ---------  --------  ----------  --------------  ----------  ----------------------
/opt/airflow/dags/01_hello_dag.py                                      0           0                                                   0
/opt/airflow/dags/02_xcom_dag.py                                       0           0                                                   0
/opt/airflow/dags/03_branching_dag.py                                  0           0                                                   0
/opt/airflow/dags/04_parallel_weather.py                               0           0                                                   0
/opt/airflow/dags/05_etl_weather_postgres.py                           0           0                                                   0
/opt/airflow/dags/ml_01_iris_pipeline-3.py       96  0.05s             0           0                                                   0
/opt/airflow/dags/ml_02_weather_pipeline.py      95  0.08s             0           0                                                   0
================================================================================
[2026-08-31T07:56:40.675+0000] {manager.py:997} INFO - 
================================================================================
DAG File Processing Stats

File Path                                     PID    Runtime      # DAGs    # Errors  Last Runtime    Last Run               Last # of DB Queries
--------------------------------------------  -----  ---------  --------  ----------  --------------  -------------------  ----------------------
/opt/airflow/dags/ml_02_weather_pipeline.py                            1           0  2.99s           2026-08-31T07:56:13                      43
/opt/airflow/dags/ml_01_iris_pipeline-3.py                             1           0  0.70s           2026-08-31T07:56:10                      43
/opt/airflow/dags/04_parallel_weather.py                               1           0  0.35s           2026-08-31T07:56:11                      10
/opt/airflow/dags/02_xcom_dag.py                                       1           0  0.33s           2026-08-31T07:56:12                      10
/opt/airflow/dags/05_etl_weather_postgres.py                           1           0  0.33s           2026-08-31T07:56:11                      10
/opt/airflow/dags/01_hello_dag.py                                      1           0  0.24s           2026-08-31T07:56:11                      10
/opt/airflow/dags/03_branching_dag.py                                  1           0  0.19s           2026-08-31T07:56:12                      10
================================================================================
[2026-08-31T07:57:10.863+0000] {manager.py:997} INFO - 
================================================================================
DAG File Processing Stats

File Path                                     PID    Runtime      # DAGs    # Errors  Last Runtime    Last Run               Last # of DB Queries
--------------------------------------------  -----  ---------  --------  ----------  --------------  -------------------  ----------------------
/opt/airflow/dags/ml_02_weather_pipeline.py                            1           0  0.78s           2026-08-31T07:56:44                      10
/opt/airflow/dags/04_parallel_weather.py                               1           0  0.20s           2026-08-31T07:56:42                      10
/opt/airflow/dags/02_xcom_dag.py                                       1           0  0.13s           2026-08-31T07:56:43                      10
/opt/airflow/dags/03_branching_dag.py                                  1           0  0.12s           2026-08-31T07:56:42                      10
/opt/airflow/dags/ml_01_iris_pipeline-3.py                             1           0  0.11s           2026-08-31T07:56:41                      10
/opt/airflow/dags/05_etl_weather_postgres.py                           1           0  0.10s           2026-08-31T07:56:41                      10
/opt/airflow/dags/01_hello_dag.py                                      1           0  0.10s           2026-08-31T07:56:41                      10
================================================================================
[2026-08-31T07:57:41.001+0000] {manager.py:997} INFO - 
================================================================================
DAG File Processing Stats

File Path                                     PID    Runtime      # DAGs    # Errors  Last Runtime    Last Run               Last # of DB Queries
--------------------------------------------  -----  ---------  --------  ----------  --------------  -------------------  ----------------------
/opt/airflow/dags/ml_02_weather_pipeline.py                            1           0  0.54s           2026-08-31T07:57:14                      10
/opt/airflow/dags/04_parallel_weather.py                               1           0  0.17s           2026-08-31T07:57:13                      10
/opt/airflow/dags/02_xcom_dag.py                                       1           0  0.15s           2026-08-31T07:57:14                      10
/opt/airflow/dags/03_branching_dag.py                                  1           0  0.15s           2026-08-31T07:57:13                      10
/opt/airflow/dags/01_hello_dag.py                                      1           0  0.12s           2026-08-31T07:57:12                      10
/opt/airflow/dags/ml_01_iris_pipeline-3.py                             1           0  0.11s           2026-08-31T07:57:12                      10
/opt/airflow/dags/05_etl_weather_postgres.py                           1           0  0.11s           2026-08-31T07:57:12                      10
================================================================================
[2026-08-31T07:58:11.393+0000] {manager.py:997} INFO - 
================================================================================
DAG File Processing Stats

File Path                                     PID    Runtime      # DAGs    # Errors  Last Runtime    Last Run               Last # of DB Queries
--------------------------------------------  -----  ---------  --------  ----------  --------------  -------------------  ----------------------
/opt/airflow/dags/ml_02_weather_pipeline.py                            1           0  0.55s           2026-08-31T07:57:45                      10
/opt/airflow/dags/ml_01_iris_pipeline-3.py                             1           0  0.23s           2026-08-31T07:57:42                      10
/opt/airflow/dags/01_hello_dag.py                                      1           0  0.20s           2026-08-31T07:57:42                      10
/opt/airflow/dags/05_etl_weather_postgres.py                           1           0  0.13s           2026-08-31T07:57:42                      10
/opt/airflow/dags/02_xcom_dag.py                                       1           0  0.13s           2026-08-31T07:57:44                      10
/opt/airflow/dags/03_branching_dag.py                                  1           0  0.10s           2026-08-31T07:57:43                      10
/opt/airflow/dags/04_parallel_weather.py                               1           0  0.10s           2026-08-31T07:57:43                      10
================================================================================
[2026-08-31T07:58:41.665+0000] {manager.py:997} INFO - 
================================================================================
DAG File Processing Stats

File Path                                     PID    Runtime      # DAGs    # Errors  Last Runtime    Last Run               Last # of DB Queries
--------------------------------------------  -----  ---------  --------  ----------  --------------  -------------------  ----------------------
/opt/airflow/dags/ml_02_weather_pipeline.py                            1           0  0.66s           2026-08-31T07:58:17                      10
/opt/airflow/dags/04_parallel_weather.py                               1           0  0.18s           2026-08-31T07:58:14                      10
/opt/airflow/dags/03_branching_dag.py                                  1           0  0.17s           2026-08-31T07:58:14                      10
/opt/airflow/dags/ml_01_iris_pipeline-3.py                             1           0  0.13s           2026-08-31T07:58:13                      10
/opt/airflow/dags/02_xcom_dag.py                                       1           0  0.12s           2026-08-31T07:58:15                      10
/opt/airflow/dags/01_hello_dag.py                                      1           0  0.12s           2026-08-31T07:58:13                      10
/opt/airflow/dags/05_etl_weather_postgres.py                           1           0  0.11s           2026-08-31T07:58:13                      10
================================================================================
[2026-08-31T07:59:12.122+0000] {manager.py:997} INFO - 
================================================================================
DAG File Processing Stats

File Path                                     PID    Runtime      # DAGs    # Errors  Last Runtime    Last Run               Last # of DB Queries
--------------------------------------------  -----  ---------  --------  ----------  --------------  -------------------  ----------------------
/opt/airflow/dags/ml_02_weather_pipeline.py                            1           0  0.53s           2026-08-31T07:58:48                      10
/opt/airflow/dags/04_parallel_weather.py                               1           0  0.52s           2026-08-31T07:58:44                      10
/opt/airflow/dags/ml_01_iris_pipeline-3.py                             1           0  0.45s           2026-08-31T07:58:44                      10
/opt/airflow/dags/03_branching_dag.py                                  1           0  0.42s           2026-08-31T07:58:44                      10
/opt/airflow/dags/01_hello_dag.py                                      1           0  0.39s           2026-08-31T07:58:44                      10
/opt/airflow/dags/05_etl_weather_postgres.py                           1           0  0.27s           2026-08-31T07:58:44                      10
/opt/airflow/dags/02_xcom_dag.py                                       1           0  0.26s           2026-08-31T07:58:45                      10
================================================================================
[2026-08-31T07:59:42.595+0000] {manager.py:997} INFO - 
================================================================================
DAG File Processing Stats

File Path                                     PID    Runtime      # DAGs    # Errors  Last Runtime    Last Run               Last # of DB Queries
--------------------------------------------  -----  ---------  --------  ----------  --------------  -------------------  ----------------------
/opt/airflow/dags/ml_01_iris_pipeline-3.py                             1           0  0.59s           2026-08-31T07:59:14                      10
/opt/airflow/dags/01_hello_dag.py                                      1           0  0.43s           2026-08-31T07:59:14                      10
/opt/airflow/dags/ml_02_weather_pipeline.py                            1           0  0.36s           2026-08-31T07:59:18                      10
/opt/airflow/dags/02_xcom_dag.py                                       1           0  0.11s           2026-08-31T07:59:16                      10
/opt/airflow/dags/05_etl_weather_postgres.py                           1           0  0.11s           2026-08-31T07:59:14                      10
/opt/airflow/dags/03_branching_dag.py                                  1           0  0.11s           2026-08-31T07:59:15                      10
/opt/airflow/dags/04_parallel_weather.py                               1           0  0.10s           2026-08-31T07:59:15                      10
================================================================================
[2026-08-31T08:00:12.841+0000] {manager.py:997} INFO - 
================================================================================
DAG File Processing Stats

File Path                                     PID    Runtime      # DAGs    # Errors  Last Runtime    Last Run               Last # of DB Queries
--------------------------------------------  -----  ---------  --------  ----------  --------------  -------------------  ----------------------
/opt/airflow/dags/ml_02_weather_pipeline.py                            1           0  0.31s           2026-08-31T07:59:49                      10
/opt/airflow/dags/05_etl_weather_postgres.py                           1           0  0.14s           2026-08-31T07:59:45                      10
/opt/airflow/dags/03_branching_dag.py                                  1           0  0.13s           2026-08-31T07:59:46                      10
/opt/airflow/dags/01_hello_dag.py                                      1           0  0.12s           2026-08-31T07:59:44                      10
/opt/airflow/dags/04_parallel_weather.py                               1           0  0.12s           2026-08-31T07:59:46                      10
/opt/airflow/dags/ml_01_iris_pipeline-3.py                             1           0  0.11s           2026-08-31T07:59:44                      10
/opt/airflow/dags/02_xcom_dag.py                                       1           0  0.10s           2026-08-31T07:59:46                      10
================================================================================
[2026-08-31T08:00:42.983+0000] {manager.py:997} INFO - 
================================================================================
DAG File Processing Stats

File Path                                     PID    Runtime      # DAGs    # Errors  Last Runtime    Last Run               Last # of DB Queries
--------------------------------------------  -----  ---------  --------  ----------  --------------  -------------------  ----------------------
/opt/airflow/dags/ml_02_weather_pipeline.py                            1           0  0.32s           2026-08-31T08:00:20                      10
/opt/airflow/dags/03_branching_dag.py                                  1           0  0.16s           2026-08-31T08:00:16                      10
/opt/airflow/dags/04_parallel_weather.py                               1           0  0.15s           2026-08-31T08:00:16                      10
/opt/airflow/dags/02_xcom_dag.py                                       1           0  0.11s           2026-08-31T08:00:16                      10
/opt/airflow/dags/01_hello_dag.py                                      1           0  0.10s           2026-08-31T08:00:14                      10
/opt/airflow/dags/05_etl_weather_postgres.py                           1           0  0.10s           2026-08-31T08:00:15                      10
/opt/airflow/dags/ml_01_iris_pipeline-3.py                             1           0  0.09s           2026-08-31T08:00:15                      10
================================================================================
[2026-08-31T08:01:09.800+0000] {manager.py:821} INFO - Searching for files in /opt/airflow/dags
[2026-08-31T08:01:09.859+0000] {manager.py:824} INFO - There are 7 files in /opt/airflow/dags
[2026-08-31T08:01:13.528+0000] {manager.py:997} INFO - 
================================================================================
DAG File Processing Stats

File Path                                     PID    Runtime      # DAGs    # Errors  Last Runtime    Last Run               Last # of DB Queries
--------------------------------------------  -----  ---------  --------  ----------  --------------  -------------------  ----------------------
/opt/airflow/dags/ml_02_weather_pipeline.py                            1           0  0.50s           2026-08-31T08:00:51                      10
/opt/airflow/dags/04_parallel_weather.py                               1           0  0.22s           2026-08-31T08:00:46                      10
/opt/airflow/dags/03_branching_dag.py                                  1           0  0.20s           2026-08-31T08:00:46                      10
/opt/airflow/dags/01_hello_dag.py                                      1           0  0.17s           2026-08-31T08:00:45                      10
/opt/airflow/dags/05_etl_weather_postgres.py                           1           0  0.16s           2026-08-31T08:00:45                      10
/opt/airflow/dags/ml_01_iris_pipeline-3.py                             1           0  0.16s           2026-08-31T08:00:45                      10
/opt/airflow/dags/02_xcom_dag.py                                       1           0  0.15s           2026-08-31T08:00:47                      10
================================================================================
[2026-08-31T08:01:43.835+0000] {manager.py:997} INFO - 
================================================================================
DAG File Processing Stats

File Path                                     PID    Runtime      # DAGs    # Errors  Last Runtime    Last Run               Last # of DB Queries
--------------------------------------------  -----  ---------  --------  ----------  --------------  -------------------  ----------------------
/opt/airflow/dags/ml_02_weather_pipeline.py                            1           0  0.34s           2026-08-31T08:01:22                      10
/opt/airflow/dags/05_etl_weather_postgres.py                           1           0  0.27s           2026-08-31T08:01:16                      10
/opt/airflow/dags/04_parallel_weather.py                               1           0  0.19s           2026-08-31T08:01:17                      10
/opt/airflow/dags/03_branching_dag.py                                  1           0  0.17s           2026-08-31T08:01:17                      10
/opt/airflow/dags/ml_01_iris_pipeline-3.py                             1           0  0.12s           2026-08-31T08:01:15                      10
/opt/airflow/dags/02_xcom_dag.py                                       1           0  0.11s           2026-08-31T08:01:17                      10
/opt/airflow/dags/01_hello_dag.py                                      1           0  0.11s           2026-08-31T08:01:15                      10
================================================================================
[2026-08-31T08:02:13.893+0000] {manager.py:997} INFO - 
================================================================================
DAG File Processing Stats

File Path                                     PID    Runtime      # DAGs    # Errors  Last Runtime    Last Run               Last # of DB Queries
--------------------------------------------  -----  ---------  --------  ----------  --------------  -------------------  ----------------------
/opt/airflow/dags/ml_02_weather_pipeline.py                            1           0  0.72s           2026-08-31T08:01:53                      10
/opt/airflow/dags/05_etl_weather_postgres.py                           1           0  0.32s           2026-08-31T08:01:47                      10
/opt/airflow/dags/01_hello_dag.py                                      1           0  0.22s           2026-08-31T08:01:46                      10
/opt/airflow/dags/ml_01_iris_pipeline-3.py                             1           0  0.19s           2026-08-31T08:01:46                      10
/opt/airflow/dags/03_branching_dag.py                                  1           0  0.18s           2026-08-31T08:01:47                      10
/opt/airflow/dags/02_xcom_dag.py                                       1           0  0.16s           2026-08-31T08:01:47                      10
/opt/airflow/dags/04_parallel_weather.py                               1           0  0.14s           2026-08-31T08:01:47                      10
================================================================================
[2026-08-31T08:02:44.121+0000] {manager.py:997} INFO - 
================================================================================
DAG File Processing Stats

File Path                                     PID    Runtime      # DAGs    # Errors  Last Runtime    Last Run               Last # of DB Queries
--------------------------------------------  -----  ---------  --------  ----------  --------------  -------------------  ----------------------
/opt/airflow/dags/ml_01_iris_pipeline-3.py                             1           0  0.34s           2026-08-31T08:02:16                      10
/opt/airflow/dags/ml_02_weather_pipeline.py                            1           0  0.32s           2026-08-31T08:02:23                      10
/opt/airflow/dags/01_hello_dag.py                                      1           0  0.27s           2026-08-31T08:02:16                      10
/opt/airflow/dags/05_etl_weather_postgres.py                           1           0  0.14s           2026-08-31T08:02:17                      10
/opt/airflow/dags/04_parallel_weather.py                               1           0  0.13s           2026-08-31T08:02:17                      10
/opt/airflow/dags/02_xcom_dag.py                                       1           0  0.11s           2026-08-31T08:02:18                      10
/opt/airflow/dags/03_branching_dag.py                                  1           0  0.09s           2026-08-31T08:02:17                      10
================================================================================
[2026-08-31T08:03:14.404+0000] {manager.py:997} INFO - 
================================================================================
DAG File Processing Stats

File Path                                     PID    Runtime      # DAGs    # Errors  Last Runtime    Last Run               Last # of DB Queries
--------------------------------------------  -----  ---------  --------  ----------  --------------  -------------------  ----------------------
/opt/airflow/dags/ml_02_weather_pipeline.py                            1           0  0.52s           2026-08-31T08:02:55                      10
/opt/airflow/dags/ml_01_iris_pipeline-3.py                             1           0  0.18s           2026-08-31T08:02:47                      10
/opt/airflow/dags/01_hello_dag.py                                      1           0  0.13s           2026-08-31T08:02:47                      10
/opt/airflow/dags/03_branching_dag.py                                  1           0  0.12s           2026-08-31T08:02:48                      10
/opt/airflow/dags/04_parallel_weather.py                               1           0  0.11s           2026-08-31T08:02:48                      10
/opt/airflow/dags/05_etl_weather_postgres.py                           1           0  0.10s           2026-08-31T08:02:48                      10
/opt/airflow/dags/02_xcom_dag.py                                       1           0  0.09s           2026-08-31T08:02:49                      10
================================================================================
[2026-08-31T08:03:44.549+0000] {manager.py:997} INFO - 
================================================================================
DAG File Processing Stats

File Path                                     PID    Runtime      # DAGs    # Errors  Last Runtime    Last Run               Last # of DB Queries
--------------------------------------------  -----  ---------  --------  ----------  --------------  -------------------  ----------------------
/opt/airflow/dags/ml_02_weather_pipeline.py                            1           0  0.34s           2026-08-31T08:03:26                      10
/opt/airflow/dags/ml_01_iris_pipeline-3.py                             1           0  0.14s           2026-08-31T08:03:17                      10
/opt/airflow/dags/05_etl_weather_postgres.py                           1           0  0.13s           2026-08-31T08:03:18                      10
/opt/airflow/dags/01_hello_dag.py                                      1           0  0.12s           2026-08-31T08:03:17                      10
/opt/airflow/dags/02_xcom_dag.py                                       1           0  0.11s           2026-08-31T08:03:19                      10
/opt/airflow/dags/03_branching_dag.py                                  1           0  0.11s           2026-08-31T08:03:18                      10
/opt/airflow/dags/04_parallel_weather.py                               1           0  0.10s           2026-08-31T08:03:18                      10
================================================================================
[2026-08-31T08:04:14.746+0000] {manager.py:997} INFO - 
================================================================================
DAG File Processing Stats

File Path                                     PID    Runtime      # DAGs    # Errors  Last Runtime    Last Run               Last # of DB Queries
--------------------------------------------  -----  ---------  --------  ----------  --------------  -------------------  ----------------------
/opt/airflow/dags/ml_02_weather_pipeline.py                            1           0  0.58s           2026-08-31T08:03:57                      10
/opt/airflow/dags/04_parallel_weather.py                               1           0  0.14s           2026-08-31T08:03:48                      10
/opt/airflow/dags/05_etl_weather_postgres.py                           1           0  0.13s           2026-08-31T08:03:48                      10
/opt/airflow/dags/01_hello_dag.py                                      1           0  0.11s           2026-08-31T08:03:47                      10
/opt/airflow/dags/03_branching_dag.py                                  1           0  0.11s           2026-08-31T08:03:48                      10
/opt/airflow/dags/ml_01_iris_pipeline-3.py                             1           0  0.11s           2026-08-31T08:03:47                      10
/opt/airflow/dags/02_xcom_dag.py                                       1           0  0.09s           2026-08-31T08:03:49                      10
================================================================================
[2026-08-31T08:04:44.769+0000] {manager.py:997} INFO - 
================================================================================
DAG File Processing Stats

File Path                                     PID    Runtime      # DAGs    # Errors  Last Runtime    Last Run               Last # of DB Queries
--------------------------------------------  -----  ---------  --------  ----------  --------------  -------------------  ----------------------
/opt/airflow/dags/ml_02_weather_pipeline.py                            1           0  0.34s           2026-08-31T08:04:28                      10
/opt/airflow/dags/05_etl_weather_postgres.py                           1           0  0.19s           2026-08-31T08:04:19                      10
/opt/airflow/dags/03_branching_dag.py                                  1           0  0.16s           2026-08-31T08:04:19                      10
/opt/airflow/dags/ml_01_iris_pipeline-3.py                             1           0  0.16s           2026-08-31T08:04:18                      10
/opt/airflow/dags/01_hello_dag.py                                      1           0  0.16s           2026-08-31T08:04:18                      10
/opt/airflow/dags/02_xcom_dag.py                                       1           0  0.15s           2026-08-31T08:04:20                      10
/opt/airflow/dags/04_parallel_weather.py                               1           0  0.12s           2026-08-31T08:04:19                      10
================================================================================
[2026-08-31T08:05:15.193+0000] {manager.py:997} INFO - 
================================================================================
DAG File Processing Stats

File Path                                     PID    Runtime      # DAGs    # Errors  Last Runtime    Last Run               Last # of DB Queries
--------------------------------------------  -----  ---------  --------  ----------  --------------  -------------------  ----------------------
/opt/airflow/dags/ml_02_weather_pipeline.py                            1           0  0.34s           2026-08-31T08:04:59                      10
/opt/airflow/dags/02_xcom_dag.py                                       1           0  0.18s           2026-08-31T08:04:50                      10
/opt/airflow/dags/03_branching_dag.py                                  1           0  0.17s           2026-08-31T08:04:49                      10
/opt/airflow/dags/ml_01_iris_pipeline-3.py                             1           0  0.15s           2026-08-31T08:04:48                      10
/opt/airflow/dags/01_hello_dag.py                                      1           0  0.14s           2026-08-31T08:04:48                      10
/opt/airflow/dags/04_parallel_weather.py                               1           0  0.13s           2026-08-31T08:04:49                      10
/opt/airflow/dags/05_etl_weather_postgres.py                           1           0  0.11s           2026-08-31T08:04:49                      10
================================================================================
[2026-08-31T08:05:45.434+0000] {manager.py:997} INFO - 
================================================================================
DAG File Processing Stats

File Path                                     PID    Runtime      # DAGs    # Errors  Last Runtime    Last Run               Last # of DB Queries
--------------------------------------------  -----  ---------  --------  ----------  --------------  -------------------  ----------------------
/opt/airflow/dags/ml_02_weather_pipeline.py                            1           0  0.34s           2026-08-31T08:05:30                      10
/opt/airflow/dags/05_etl_weather_postgres.py                           1           0  0.14s           2026-08-31T08:05:19                      10
/opt/airflow/dags/ml_01_iris_pipeline-3.py                             1           0  0.14s           2026-08-31T08:05:18                      10
/opt/airflow/dags/04_parallel_weather.py                               1           0  0.13s           2026-08-31T08:05:19                      10
/opt/airflow/dags/01_hello_dag.py                                      1           0  0.12s           2026-08-31T08:05:18                      10
/opt/airflow/dags/03_branching_dag.py                                  1           0  0.11s           2026-08-31T08:05:19                      10
/opt/airflow/dags/02_xcom_dag.py                                       1           0  0.09s           2026-08-31T08:05:20                      10
================================================================================
[2026-08-31T08:06:10.226+0000] {manager.py:821} INFO - Searching for files in /opt/airflow/dags
[2026-08-31T08:06:10.354+0000] {manager.py:824} INFO - There are 7 files in /opt/airflow/dags
[2026-08-31T08:06:15.587+0000] {manager.py:997} INFO - 
================================================================================
DAG File Processing Stats

File Path                                     PID    Runtime      # DAGs    # Errors  Last Runtime    Last Run               Last # of DB Queries
--------------------------------------------  -----  ---------  --------  ----------  --------------  -------------------  ----------------------
/opt/airflow/dags/ml_02_weather_pipeline.py                            1           0  0.33s           2026-08-31T08:06:01                      10
/opt/airflow/dags/04_parallel_weather.py                               1           0  0.16s           2026-08-31T08:05:50                      10
/opt/airflow/dags/05_etl_weather_postgres.py                           1           0  0.16s           2026-08-31T08:05:50                      10
/opt/airflow/dags/02_xcom_dag.py                                       1           0  0.13s           2026-08-31T08:05:51                      10
/opt/airflow/dags/03_branching_dag.py                                  1           0  0.12s           2026-08-31T08:05:50                      10
/opt/airflow/dags/01_hello_dag.py                                      1           0  0.11s           2026-08-31T08:05:49                      10
/opt/airflow/dags/ml_01_iris_pipeline-3.py                             1           0  0.10s           2026-08-31T08:05:49                      10
================================================================================
[2026-08-31T08:06:45.964+0000] {manager.py:997} INFO - 
================================================================================
DAG File Processing Stats

File Path                                     PID    Runtime      # DAGs    # Errors  Last Runtime    Last Run               Last # of DB Queries
--------------------------------------------  -----  ---------  --------  ----------  --------------  -------------------  ----------------------
/opt/airflow/dags/ml_02_weather_pipeline.py                            1           0  0.33s           2026-08-31T08:06:32                      10
/opt/airflow/dags/ml_01_iris_pipeline-3.py                             1           0  0.16s           2026-08-31T08:06:19                      10
/opt/airflow/dags/05_etl_weather_postgres.py                           1           0  0.14s           2026-08-31T08:06:20                      10
/opt/airflow/dags/04_parallel_weather.py                               1           0  0.12s           2026-08-31T08:06:20                      10
/opt/airflow/dags/03_branching_dag.py                                  1           0  0.11s           2026-08-31T08:06:21                      10
/opt/airflow/dags/01_hello_dag.py                                      1           0  0.10s           2026-08-31T08:06:19                      10
/opt/airflow/dags/02_xcom_dag.py                                       1           0  0.10s           2026-08-31T08:06:22                      10
================================================================================
[2026-08-31T08:07:16.207+0000] {manager.py:997} INFO - 
================================================================================
DAG File Processing Stats

File Path                                     PID    Runtime      # DAGs    # Errors  Last Runtime    Last Run               Last # of DB Queries
--------------------------------------------  -----  ---------  --------  ----------  --------------  -------------------  ----------------------
/opt/airflow/dags/ml_02_weather_pipeline.py                            1           0  0.33s           2026-08-31T08:07:03                      10
/opt/airflow/dags/01_hello_dag.py                                      1           0  0.13s           2026-08-31T08:06:50                      10
/opt/airflow/dags/04_parallel_weather.py                               1           0  0.12s           2026-08-31T08:06:51                      10
/opt/airflow/dags/05_etl_weather_postgres.py                           1           0  0.12s           2026-08-31T08:06:51                      10
/opt/airflow/dags/02_xcom_dag.py                                       1           0  0.12s           2026-08-31T08:06:52                      10
/opt/airflow/dags/ml_01_iris_pipeline-3.py                             1           0  0.11s           2026-08-31T08:06:50                      10
/opt/airflow/dags/03_branching_dag.py                                  1           0  0.11s           2026-08-31T08:06:51                      10
================================================================================
[2026-08-31T08:07:46.429+0000] {manager.py:997} INFO - 
================================================================================
DAG File Processing Stats

File Path                                     PID    Runtime      # DAGs    # Errors  Last Runtime    Last Run               Last # of DB Queries
--------------------------------------------  -----  ---------  --------  ----------  --------------  -------------------  ----------------------
/opt/airflow/dags/ml_02_weather_pipeline.py                            1           0  0.35s           2026-08-31T08:07:35                      10
/opt/airflow/dags/ml_01_iris_pipeline-3.py                             1           0  0.19s           2026-08-31T08:07:20                      10
/opt/airflow/dags/03_branching_dag.py                                  1           0  0.18s           2026-08-31T08:07:21                      10
/opt/airflow/dags/01_hello_dag.py                                      1           0  0.17s           2026-08-31T08:07:20                      10
/opt/airflow/dags/05_etl_weather_postgres.py                           1           0  0.12s           2026-08-31T08:07:21                      10
/opt/airflow/dags/04_parallel_weather.py                               1           0  0.12s           2026-08-31T08:07:21                      10
/opt/airflow/dags/02_xcom_dag.py                                       1           0  0.12s           2026-08-31T08:07:22                      10
================================================================================
[2026-08-31T08:08:16.823+0000] {manager.py:997} INFO - 
================================================================================
DAG File Processing Stats

File Path                                     PID    Runtime      # DAGs    # Errors  Last Runtime    Last Run               Last # of DB Queries
--------------------------------------------  -----  ---------  --------  ----------  --------------  -------------------  ----------------------
/opt/airflow/dags/ml_02_weather_pipeline.py                            1           0  0.32s           2026-08-31T08:08:05                      10
/opt/airflow/dags/05_etl_weather_postgres.py                           1           0  0.18s           2026-08-31T08:07:51                      10
/opt/airflow/dags/03_branching_dag.py                                  1           0  0.14s           2026-08-31T08:07:51                      10
/opt/airflow/dags/04_parallel_weather.py                               1           0  0.14s           2026-08-31T08:07:51                      10
/opt/airflow/dags/ml_01_iris_pipeline-3.py                             1           0  0.13s           2026-08-31T08:07:50                      10
/opt/airflow/dags/01_hello_dag.py                                      1           0  0.11s           2026-08-31T08:07:50                      10
/opt/airflow/dags/02_xcom_dag.py                                       1           0  0.09s           2026-08-31T08:07:52                      10
================================================================================
[2026-08-31T08:08:47.103+0000] {manager.py:997} INFO - 
================================================================================
DAG File Processing Stats

File Path                                     PID    Runtime      # DAGs    # Errors  Last Runtime    Last Run               Last # of DB Queries
--------------------------------------------  -----  ---------  --------  ----------  --------------  -------------------  ----------------------
/opt/airflow/dags/ml_02_weather_pipeline.py                            1           0  0.32s           2026-08-31T08:08:35                      10
/opt/airflow/dags/05_etl_weather_postgres.py                           1           0  0.16s           2026-08-31T08:08:22                      10
/opt/airflow/dags/04_parallel_weather.py                               1           0  0.14s           2026-08-31T08:08:22                      10
/opt/airflow/dags/02_xcom_dag.py                                       1           0  0.13s           2026-08-31T08:08:23                      10
/opt/airflow/dags/03_branching_dag.py                                  1           0  0.11s           2026-08-31T08:08:22                      10
/opt/airflow/dags/ml_01_iris_pipeline-3.py                             1           0  0.10s           2026-08-31T08:08:20                      10
/opt/airflow/dags/01_hello_dag.py                                      1           0  0.10s           2026-08-31T08:08:20                      10
================================================================================
[2026-08-31T08:09:17.371+0000] {manager.py:997} INFO - 
================================================================================
DAG File Processing Stats

File Path                                     PID    Runtime      # DAGs    # Errors  Last Runtime    Last Run               Last # of DB Queries
--------------------------------------------  -----  ---------  --------  ----------  --------------  -------------------  ----------------------
/opt/airflow/dags/ml_02_weather_pipeline.py                            1           0  0.38s           2026-08-31T08:09:07                      10
/opt/airflow/dags/05_etl_weather_postgres.py                           1           0  0.18s           2026-08-31T08:08:52                      10
/opt/airflow/dags/04_parallel_weather.py                               1           0  0.16s           2026-08-31T08:08:52                      10
/opt/airflow/dags/02_xcom_dag.py                                       1           0  0.13s           2026-08-31T08:08:53                      10
/opt/airflow/dags/ml_01_iris_pipeline-3.py                             1           0  0.13s           2026-08-31T08:08:51                      10
/opt/airflow/dags/01_hello_dag.py                                      1           0  0.12s           2026-08-31T08:08:51                      10
/opt/airflow/dags/03_branching_dag.py                                  1           0  0.11s           2026-08-31T08:08:52                      10
================================================================================
[2026-08-31T08:09:47.512+0000] {manager.py:997} INFO - 
================================================================================
DAG File Processing Stats

File Path                                     PID    Runtime      # DAGs    # Errors  Last Runtime    Last Run               Last # of DB Queries
--------------------------------------------  -----  ---------  --------  ----------  --------------  -------------------  ----------------------
/opt/airflow/dags/ml_02_weather_pipeline.py                            1           0  0.33s           2026-08-31T08:09:37                      10
/opt/airflow/dags/03_branching_dag.py                                  1           0  0.13s           2026-08-31T08:09:22                      10
/opt/airflow/dags/02_xcom_dag.py                                       1           0  0.12s           2026-08-31T08:09:23                      10
/opt/airflow/dags/ml_01_iris_pipeline-3.py                             1           0  0.11s           2026-08-31T08:09:21                      10
/opt/airflow/dags/01_hello_dag.py                                      1           0  0.10s           2026-08-31T08:09:21                      10
/opt/airflow/dags/05_etl_weather_postgres.py                           1           0  0.09s           2026-08-31T08:09:22                      10
/opt/airflow/dags/04_parallel_weather.py                               1           0  0.08s           2026-08-31T08:09:22                      10
================================================================================
[2026-08-31T08:10:17.654+0000] {manager.py:997} INFO - 
================================================================================
DAG File Processing Stats

File Path                                     PID    Runtime      # DAGs    # Errors  Last Runtime    Last Run               Last # of DB Queries
--------------------------------------------  -----  ---------  --------  ----------  --------------  -------------------  ----------------------
/opt/airflow/dags/ml_02_weather_pipeline.py                            1           0  0.34s           2026-08-31T08:10:08                      10
/opt/airflow/dags/ml_01_iris_pipeline-3.py                             1           0  0.16s           2026-08-31T08:09:51                      10
/opt/airflow/dags/01_hello_dag.py                                      1           0  0.14s           2026-08-31T08:09:51                      10
/opt/airflow/dags/05_etl_weather_postgres.py                           1           0  0.11s           2026-08-31T08:09:52                      10
/opt/airflow/dags/03_branching_dag.py                                  1           0  0.10s           2026-08-31T08:09:52                      10
/opt/airflow/dags/02_xcom_dag.py                                       1           0  0.10s           2026-08-31T08:09:53                      10
/opt/airflow/dags/04_parallel_weather.py                               1           0  0.09s           2026-08-31T08:09:52                      10
================================================================================
[2026-08-31T08:10:48.205+0000] {manager.py:997} INFO - 
================================================================================
DAG File Processing Stats

File Path                                     PID    Runtime      # DAGs    # Errors  Last Runtime    Last Run               Last # of DB Queries
--------------------------------------------  -----  ---------  --------  ----------  --------------  -------------------  ----------------------
/opt/airflow/dags/ml_02_weather_pipeline.py                            1           0  0.38s           2026-08-31T08:10:39                      10
/opt/airflow/dags/01_hello_dag.py                                      1           0  0.14s           2026-08-31T08:10:22                      10
/opt/airflow/dags/05_etl_weather_postgres.py                           1           0  0.14s           2026-08-31T08:10:23                      10
/opt/airflow/dags/ml_01_iris_pipeline-3.py                             1           0  0.14s           2026-08-31T08:10:22                      10
/opt/airflow/dags/02_xcom_dag.py                                       1           0  0.11s           2026-08-31T08:10:24                      10
/opt/airflow/dags/03_branching_dag.py                                  1           0  0.11s           2026-08-31T08:10:23                      10
/opt/airflow/dags/04_parallel_weather.py                               1           0  0.08s           2026-08-31T08:10:23                      10
================================================================================
[2026-08-31T08:11:10.518+0000] {manager.py:821} INFO - Searching for files in /opt/airflow/dags
[2026-08-31T08:11:10.627+0000] {manager.py:824} INFO - There are 7 files in /opt/airflow/dags
[2026-08-31T08:11:18.851+0000] {manager.py:997} INFO - 
================================================================================
DAG File Processing Stats

File Path                                     PID    Runtime      # DAGs    # Errors  Last Runtime    Last Run               Last # of DB Queries
--------------------------------------------  -----  ---------  --------  ----------  --------------  -------------------  ----------------------
/opt/airflow/dags/ml_02_weather_pipeline.py                            1           0  0.33s           2026-08-31T08:11:09                      10
/opt/airflow/dags/04_parallel_weather.py                               1           0  0.15s           2026-08-31T08:10:54                      10
/opt/airflow/dags/01_hello_dag.py                                      1           0  0.14s           2026-08-31T08:10:52                      10
/opt/airflow/dags/ml_01_iris_pipeline-3.py                             1           0  0.13s           2026-08-31T08:10:52                      10
/opt/airflow/dags/02_xcom_dag.py                                       1           0  0.13s           2026-08-31T08:10:55                      10
/opt/airflow/dags/05_etl_weather_postgres.py                           1           0  0.12s           2026-08-31T08:10:54                      10
/opt/airflow/dags/03_branching_dag.py                                  1           0  0.12s           2026-08-31T08:10:54                      10
================================================================================
[2026-08-31T08:11:48.902+0000] {manager.py:997} INFO - 
================================================================================
DAG File Processing Stats

File Path                                     PID    Runtime      # DAGs    # Errors  Last Runtime    Last Run               Last # of DB Queries
--------------------------------------------  -----  ---------  --------  ----------  --------------  -------------------  ----------------------
/opt/airflow/dags/ml_02_weather_pipeline.py                            1           0  0.40s           2026-08-31T08:11:40                      10
/opt/airflow/dags/ml_01_iris_pipeline-3.py                             1           0  0.14s           2026-08-31T08:11:23                      10
/opt/airflow/dags/01_hello_dag.py                                      1           0  0.14s           2026-08-31T08:11:23                      10
/opt/airflow/dags/04_parallel_weather.py                               1           0  0.12s           2026-08-31T08:11:24                      10
/opt/airflow/dags/03_branching_dag.py                                  1           0  0.11s           2026-08-31T08:11:25                      10
/opt/airflow/dags/02_xcom_dag.py                                       1           0  0.10s           2026-08-31T08:11:25                      10
/opt/airflow/dags/05_etl_weather_postgres.py                           1           0  0.09s           2026-08-31T08:11:24                      10
================================================================================
[2026-08-31T08:12:19.018+0000] {manager.py:997} INFO - 
================================================================================
DAG File Processing Stats

File Path                                     PID    Runtime      # DAGs    # Errors  Last Runtime    Last Run               Last # of DB Queries
--------------------------------------------  -----  ---------  --------  ----------  --------------  -------------------  ----------------------
/opt/airflow/dags/ml_02_weather_pipeline.py                            1           0  0.43s           2026-08-31T08:12:12                      10
/opt/airflow/dags/ml_01_iris_pipeline-3.py                             1           0  0.15s           2026-08-31T08:11:53                      10
/opt/airflow/dags/04_parallel_weather.py                               1           0  0.13s           2026-08-31T08:11:54                      10
/opt/airflow/dags/01_hello_dag.py                                      1           0  0.12s           2026-08-31T08:11:53                      10
/opt/airflow/dags/03_branching_dag.py                                  1           0  0.12s           2026-08-31T08:11:55                      10
/opt/airflow/dags/02_xcom_dag.py                                       1           0  0.10s           2026-08-31T08:11:55                      10
/opt/airflow/dags/05_etl_weather_postgres.py                           1           0  0.10s           2026-08-31T08:11:54                      10
================================================================================
[2026-08-31T08:12:49.385+0000] {manager.py:997} INFO - 
================================================================================
DAG File Processing Stats

File Path                                     PID    Runtime      # DAGs    # Errors  Last Runtime    Last Run               Last # of DB Queries
--------------------------------------------  -----  ---------  --------  ----------  --------------  -------------------  ----------------------
/opt/airflow/dags/ml_02_weather_pipeline.py                            1           0  0.35s           2026-08-31T08:12:43                      10
/opt/airflow/dags/05_etl_weather_postgres.py                           1           0  0.22s           2026-08-31T08:12:24                      10
/opt/airflow/dags/04_parallel_weather.py                               1           0  0.20s           2026-08-31T08:12:24                      10
/opt/airflow/dags/ml_01_iris_pipeline-3.py                             1           0  0.14s           2026-08-31T08:12:23                      10
/opt/airflow/dags/03_branching_dag.py                                  1           0  0.12s           2026-08-31T08:12:25                      10
/opt/airflow/dags/01_hello_dag.py                                      1           0  0.12s           2026-08-31T08:12:23                      10
/opt/airflow/dags/02_xcom_dag.py                                       1           0  0.11s           2026-08-31T08:12:25                      10
================================================================================
[2026-08-31T08:13:19.506+0000] {manager.py:997} INFO - 
================================================================================
DAG File Processing Stats

File Path                                     PID    Runtime      # DAGs    # Errors  Last Runtime    Last Run               Last # of DB Queries
--------------------------------------------  -----  ---------  --------  ----------  --------------  -------------------  ----------------------
/opt/airflow/dags/ml_02_weather_pipeline.py                            1           0  0.39s           2026-08-31T08:13:14                      10
/opt/airflow/dags/ml_01_iris_pipeline-3.py                             1           0  0.15s           2026-08-31T08:12:53                      10
/opt/airflow/dags/01_hello_dag.py                                      1           0  0.14s           2026-08-31T08:12:53                      10
/opt/airflow/dags/02_xcom_dag.py                                       1           0  0.13s           2026-08-31T08:12:56                      10
/opt/airflow/dags/05_etl_weather_postgres.py                           1           0  0.12s           2026-08-31T08:12:54                      10
/opt/airflow/dags/04_parallel_weather.py                               1           0  0.10s           2026-08-31T08:12:54                      10
/opt/airflow/dags/03_branching_dag.py                                  1           0  0.09s           2026-08-31T08:12:56                      10
================================================================================
[2026-08-31T08:13:49.658+0000] {manager.py:997} INFO - 
================================================================================
DAG File Processing Stats

File Path                                     PID    Runtime      # DAGs    # Errors  Last Runtime    Last Run               Last # of DB Queries
--------------------------------------------  -----  ---------  --------  ----------  --------------  -------------------  ----------------------
/opt/airflow/dags/ml_02_weather_pipeline.py                            1           0  0.29s           2026-08-31T08:13:45                      10
/opt/airflow/dags/05_etl_weather_postgres.py                           1           0  0.14s           2026-08-31T08:13:25                      10
/opt/airflow/dags/04_parallel_weather.py                               1           0  0.13s           2026-08-31T08:13:25                      10
/opt/airflow/dags/01_hello_dag.py                                      1           0  0.13s           2026-08-31T08:13:24                      10
/opt/airflow/dags/ml_01_iris_pipeline-3.py                             1           0  0.13s           2026-08-31T08:13:24                      10
/opt/airflow/dags/02_xcom_dag.py                                       1           0  0.12s           2026-08-31T08:13:26                      10
/opt/airflow/dags/03_branching_dag.py                                  1           0  0.10s           2026-08-31T08:13:26                      10
================================================================================
[2026-08-31T08:14:19.778+0000] {manager.py:997} INFO - 
================================================================================
DAG File Processing Stats

File Path                                     PID    Runtime      # DAGs    # Errors  Last Runtime    Last Run               Last # of DB Queries
--------------------------------------------  -----  ---------  --------  ----------  --------------  -------------------  ----------------------
/opt/airflow/dags/ml_02_weather_pipeline.py                            1           0  0.61s           2026-08-31T08:14:17                      10
/opt/airflow/dags/01_hello_dag.py                                      1           0  0.24s           2026-08-31T08:13:55                      10
/opt/airflow/dags/ml_01_iris_pipeline-3.py                             1           0  0.23s           2026-08-31T08:13:55                      10
/opt/airflow/dags/04_parallel_weather.py                               1           0  0.12s           2026-08-31T08:13:56                      10
/opt/airflow/dags/05_etl_weather_postgres.py                           1           0  0.11s           2026-08-31T08:13:55                      10
/opt/airflow/dags/02_xcom_dag.py                                       1           0  0.11s           2026-08-31T08:13:57                      10
/opt/airflow/dags/03_branching_dag.py                                  1           0  0.10s           2026-08-31T08:13:57                      10
================================================================================
[2026-08-31T08:14:49.883+0000] {manager.py:997} INFO - 
================================================================================
DAG File Processing Stats

File Path                                     PID    Runtime      # DAGs    # Errors  Last Runtime    Last Run               Last # of DB Queries
--------------------------------------------  -----  ---------  --------  ----------  --------------  -------------------  ----------------------
/opt/airflow/dags/ml_02_weather_pipeline.py                            1           0  0.49s           2026-08-31T08:14:47                      10
/opt/airflow/dags/05_etl_weather_postgres.py                           1           0  0.17s           2026-08-31T08:14:26                      10
/opt/airflow/dags/02_xcom_dag.py                                       1           0  0.17s           2026-08-31T08:14:27                      10
/opt/airflow/dags/04_parallel_weather.py                               1           0  0.16s           2026-08-31T08:14:26                      10
/opt/airflow/dags/03_branching_dag.py                                  1           0  0.16s           2026-08-31T08:14:27                      10
/opt/airflow/dags/ml_01_iris_pipeline-3.py                             1           0  0.11s           2026-08-31T08:14:25                      10
/opt/airflow/dags/01_hello_dag.py                                      1           0  0.10s           2026-08-31T08:14:25                      10
================================================================================
[2026-08-31T08:15:20.018+0000] {manager.py:997} INFO - 
================================================================================
DAG File Processing Stats

File Path                                     PID    Runtime      # DAGs    # Errors  Last Runtime    Last Run               Last # of DB Queries
--------------------------------------------  -----  ---------  --------  ----------  --------------  -------------------  ----------------------
/opt/airflow/dags/ml_02_weather_pipeline.py                            1           0  0.34s           2026-08-31T08:15:18                      10
/opt/airflow/dags/04_parallel_weather.py                               1           0  0.33s           2026-08-31T08:14:57                      10
/opt/airflow/dags/05_etl_weather_postgres.py                           1           0  0.32s           2026-08-31T08:14:57                      10
/opt/airflow/dags/02_xcom_dag.py                                       1           0  0.14s           2026-08-31T08:14:58                      10
/opt/airflow/dags/03_branching_dag.py                                  1           0  0.14s           2026-08-31T08:14:58                      10
/opt/airflow/dags/ml_01_iris_pipeline-3.py                             1           0  0.13s           2026-08-31T08:14:55                      10
/opt/airflow/dags/01_hello_dag.py                                      1           0  0.09s           2026-08-31T08:14:55                      10
================================================================================
[2026-08-31T08:15:50.053+0000] {manager.py:997} INFO - 
================================================================================
DAG File Processing Stats

File Path                                     PID    Runtime      # DAGs    # Errors  Last Runtime    Last Run               Last # of DB Queries
--------------------------------------------  -----  ---------  --------  ----------  --------------  -------------------  ----------------------
/opt/airflow/dags/ml_02_weather_pipeline.py                            1           0  0.33s           2026-08-31T08:15:50                      10
/opt/airflow/dags/ml_01_iris_pipeline-3.py                             1           0  0.13s           2026-08-31T08:15:26                      10
/opt/airflow/dags/02_xcom_dag.py                                       1           0  0.12s           2026-08-31T08:15:29                      10
/opt/airflow/dags/01_hello_dag.py                                      1           0  0.10s           2026-08-31T08:15:25                      10
/opt/airflow/dags/05_etl_weather_postgres.py                           1           0  0.10s           2026-08-31T08:15:28                      10
/opt/airflow/dags/03_branching_dag.py                                  1           0  0.09s           2026-08-31T08:15:29                      10
/opt/airflow/dags/04_parallel_weather.py                               1           0  0.09s           2026-08-31T08:15:28                      10
================================================================================
[2026-08-31T08:16:10.702+0000] {manager.py:821} INFO - Searching for files in /opt/airflow/dags
[2026-08-31T08:16:10.772+0000] {manager.py:824} INFO - There are 7 files in /opt/airflow/dags
[2026-08-31T08:16:20.710+0000] {manager.py:997} INFO - 
================================================================================
DAG File Processing Stats

File Path                                       PID  Runtime      # DAGs    # Errors  Last Runtime    Last Run               Last # of DB Queries
--------------------------------------------  -----  ---------  --------  ----------  --------------  -------------------  ----------------------
/opt/airflow/dags/ml_02_weather_pipeline.py     654  0.00s             1           0  0.33s           2026-08-31T08:15:50                      10
/opt/airflow/dags/05_etl_weather_postgres.py                           1           0  0.15s           2026-08-31T08:15:58                      10
/opt/airflow/dags/ml_01_iris_pipeline-3.py                             1           0  0.15s           2026-08-31T08:15:56                      10
/opt/airflow/dags/04_parallel_weather.py                               1           0  0.13s           2026-08-31T08:15:58                      10
/opt/airflow/dags/01_hello_dag.py                                      1           0  0.13s           2026-08-31T08:15:56                      10
/opt/airflow/dags/03_branching_dag.py                                  1           0  0.09s           2026-08-31T08:15:59                      10
/opt/airflow/dags/02_xcom_dag.py                                       1           0  0.08s           2026-08-31T08:15:59                      10
================================================================================
[2026-08-31T08:16:51.672+0000] {manager.py:997} INFO - 
================================================================================
DAG File Processing Stats

File Path                                       PID  Runtime      # DAGs    # Errors  Last Runtime    Last Run               Last # of DB Queries
--------------------------------------------  -----  ---------  --------  ----------  --------------  -------------------  ----------------------
/opt/airflow/dags/ml_02_weather_pipeline.py     668  0.00s             1           0  0.32s           2026-08-31T08:16:21                      10
/opt/airflow/dags/ml_01_iris_pipeline-3.py                             1           0  0.17s           2026-08-31T08:16:27                      10
/opt/airflow/dags/01_hello_dag.py                                      1           0  0.14s           2026-08-31T08:16:27                      10
/opt/airflow/dags/02_xcom_dag.py                                       1           0  0.13s           2026-08-31T08:16:30                      10
/opt/airflow/dags/05_etl_weather_postgres.py                           1           0  0.12s           2026-08-31T08:16:29                      10
/opt/airflow/dags/04_parallel_weather.py                               1           0  0.12s           2026-08-31T08:16:29                      10
/opt/airflow/dags/03_branching_dag.py                                  1           0  0.10s           2026-08-31T08:16:30                      10
================================================================================
[2026-08-31T08:17:22.251+0000] {manager.py:997} INFO - 
================================================================================
DAG File Processing Stats

File Path                                       PID  Runtime      # DAGs    # Errors  Last Runtime    Last Run               Last # of DB Queries
--------------------------------------------  -----  ---------  --------  ----------  --------------  -------------------  ----------------------
/opt/airflow/dags/ml_02_weather_pipeline.py     682  0.00s             1           0  0.32s           2026-08-31T08:16:51                      10
/opt/airflow/dags/05_etl_weather_postgres.py                           1           0  0.18s           2026-08-31T08:16:59                      10
/opt/airflow/dags/04_parallel_weather.py                               1           0  0.16s           2026-08-31T08:16:59                      10
/opt/airflow/dags/ml_01_iris_pipeline-3.py                             1           0  0.13s           2026-08-31T08:16:57                      10
/opt/airflow/dags/02_xcom_dag.py                                       1           0  0.13s           2026-08-31T08:17:00                      10
/opt/airflow/dags/03_branching_dag.py                                  1           0  0.13s           2026-08-31T08:17:00                      10
/opt/airflow/dags/01_hello_dag.py                                      1           0  0.10s           2026-08-31T08:16:57                      10
================================================================================
[2026-08-31T08:17:52.282+0000] {manager.py:997} INFO - 
================================================================================
DAG File Processing Stats

File Path                                     PID    Runtime      # DAGs    # Errors  Last Runtime    Last Run               Last # of DB Queries
--------------------------------------------  -----  ---------  --------  ----------  --------------  -------------------  ----------------------
/opt/airflow/dags/ml_02_weather_pipeline.py                            1           0  0.34s           2026-08-31T08:17:22                      10
/opt/airflow/dags/ml_01_iris_pipeline-3.py                             1           0  0.14s           2026-08-31T08:17:27                      10
/opt/airflow/dags/04_parallel_weather.py                               1           0  0.13s           2026-08-31T08:17:29                      10
/opt/airflow/dags/02_xcom_dag.py                                       1           0  0.13s           2026-08-31T08:17:30                      10
/opt/airflow/dags/03_branching_dag.py                                  1           0  0.13s           2026-08-31T08:17:30                      10
/opt/airflow/dags/05_etl_weather_postgres.py                           1           0  0.11s           2026-08-31T08:17:29                      10
/opt/airflow/dags/01_hello_dag.py                                      1           0  0.11s           2026-08-31T08:17:27                      10
================================================================================
[2026-08-31T08:18:22.460+0000] {manager.py:997} INFO - 
================================================================================
DAG File Processing Stats

File Path                                     PID    Runtime      # DAGs    # Errors  Last Runtime    Last Run               Last # of DB Queries
--------------------------------------------  -----  ---------  --------  ----------  --------------  -------------------  ----------------------
/opt/airflow/dags/ml_02_weather_pipeline.py                            1           0  0.29s           2026-08-31T08:17:53                      10
/opt/airflow/dags/05_etl_weather_postgres.py                           1           0  0.13s           2026-08-31T08:17:59                      10
/opt/airflow/dags/03_branching_dag.py                                  1           0  0.12s           2026-08-31T08:18:00                      10
/opt/airflow/dags/04_parallel_weather.py                               1           0  0.12s           2026-08-31T08:17:59                      10
/opt/airflow/dags/01_hello_dag.py                                      1           0  0.12s           2026-08-31T08:17:57                      10
/opt/airflow/dags/ml_01_iris_pipeline-3.py                             1           0  0.10s           2026-08-31T08:17:57                      10
/opt/airflow/dags/02_xcom_dag.py                                       1           0  0.10s           2026-08-31T08:18:00                      10
================================================================================
[2026-08-31T08:18:52.560+0000] {manager.py:997} INFO - 
================================================================================
DAG File Processing Stats

File Path                                     PID    Runtime      # DAGs    # Errors  Last Runtime    Last Run               Last # of DB Queries
--------------------------------------------  -----  ---------  --------  ----------  --------------  -------------------  ----------------------
/opt/airflow/dags/ml_02_weather_pipeline.py                            1           0  0.36s           2026-08-31T08:18:24                      10
/opt/airflow/dags/01_hello_dag.py                                      1           0  0.13s           2026-08-31T08:18:28                      10
/opt/airflow/dags/03_branching_dag.py                                  1           0  0.13s           2026-08-31T08:18:31                      10
/opt/airflow/dags/02_xcom_dag.py                                       1           0  0.11s           2026-08-31T08:18:31                      10
/opt/airflow/dags/04_parallel_weather.py                               1           0  0.11s           2026-08-31T08:18:30                      10
/opt/airflow/dags/05_etl_weather_postgres.py                           1           0  0.10s           2026-08-31T08:18:30                      10
/opt/airflow/dags/ml_01_iris_pipeline-3.py                             1           0  0.09s           2026-08-31T08:18:28                      10
================================================================================
[2026-08-31T08:19:23.034+0000] {manager.py:997} INFO - 
================================================================================
DAG File Processing Stats

File Path                                     PID    Runtime      # DAGs    # Errors  Last Runtime    Last Run               Last # of DB Queries
--------------------------------------------  -----  ---------  --------  ----------  --------------  -------------------  ----------------------
/opt/airflow/dags/ml_02_weather_pipeline.py                            1           0  0.35s           2026-08-31T08:18:56                      10
/opt/airflow/dags/04_parallel_weather.py                               1           0  0.13s           2026-08-31T08:19:00                      10
/opt/airflow/dags/02_xcom_dag.py                                       1           0  0.12s           2026-08-31T08:19:01                      10
/opt/airflow/dags/01_hello_dag.py                                      1           0  0.10s           2026-08-31T08:18:58                      10
/opt/airflow/dags/05_etl_weather_postgres.py                           1           0  0.10s           2026-08-31T08:19:00                      10
/opt/airflow/dags/ml_01_iris_pipeline-3.py                             1           0  0.10s           2026-08-31T08:18:58                      10
/opt/airflow/dags/03_branching_dag.py                                  1           0  0.09s           2026-08-31T08:19:01                      10
================================================================================
[2026-08-31T08:19:53.034+0000] {manager.py:997} INFO - 
================================================================================
DAG File Processing Stats

File Path                                     PID    Runtime      # DAGs    # Errors  Last Runtime    Last Run               Last # of DB Queries
--------------------------------------------  -----  ---------  --------  ----------  --------------  -------------------  ----------------------
/opt/airflow/dags/ml_02_weather_pipeline.py                            1           0  0.31s           2026-08-31T08:19:26                      10
/opt/airflow/dags/03_branching_dag.py                                  1           0  0.13s           2026-08-31T08:19:31                      10
/opt/airflow/dags/05_etl_weather_postgres.py                           1           0  0.11s           2026-08-31T08:19:30                      10
/opt/airflow/dags/ml_01_iris_pipeline-3.py                             1           0  0.10s           2026-08-31T08:19:28                      10
/opt/airflow/dags/04_parallel_weather.py                               1           0  0.09s           2026-08-31T08:19:30                      10
/opt/airflow/dags/01_hello_dag.py                                      1           0  0.09s           2026-08-31T08:19:28                      10
/opt/airflow/dags/02_xcom_dag.py                                       1           0  0.08s           2026-08-31T08:19:31                      10
================================================================================
[2026-08-31T08:20:23.186+0000] {manager.py:997} INFO - 
================================================================================
DAG File Processing Stats

File Path                                     PID    Runtime      # DAGs    # Errors  Last Runtime    Last Run               Last # of DB Queries
--------------------------------------------  -----  ---------  --------  ----------  --------------  -------------------  ----------------------
/opt/airflow/dags/ml_02_weather_pipeline.py                            1           0  0.52s           2026-08-31T08:19:57                      10
/opt/airflow/dags/05_etl_weather_postgres.py                           1           0  0.14s           2026-08-31T08:20:00                      10
/opt/airflow/dags/04_parallel_weather.py                               1           0  0.13s           2026-08-31T08:20:00                      10
/opt/airflow/dags/ml_01_iris_pipeline-3.py                             1           0  0.12s           2026-08-31T08:19:58                      10
/opt/airflow/dags/03_branching_dag.py                                  1           0  0.12s           2026-08-31T08:20:01                      10
/opt/airflow/dags/02_xcom_dag.py                                       1           0  0.08s           2026-08-31T08:20:01                      10
/opt/airflow/dags/01_hello_dag.py                                      1           0  0.08s           2026-08-31T08:19:58                      10
================================================================================
[2026-08-31T08:20:53.730+0000] {manager.py:997} INFO - 
================================================================================
DAG File Processing Stats

File Path                                     PID    Runtime      # DAGs    # Errors  Last Runtime    Last Run               Last # of DB Queries
--------------------------------------------  -----  ---------  --------  ----------  --------------  -------------------  ----------------------
/opt/airflow/dags/ml_02_weather_pipeline.py                            1           0  0.53s           2026-08-31T08:20:28                      10
/opt/airflow/dags/05_etl_weather_postgres.py                           1           0  0.24s           2026-08-31T08:20:31                      10
/opt/airflow/dags/04_parallel_weather.py                               1           0  0.22s           2026-08-31T08:20:31                      10
/opt/airflow/dags/ml_01_iris_pipeline-3.py                             1           0  0.14s           2026-08-31T08:20:29                      10
/opt/airflow/dags/03_branching_dag.py                                  1           0  0.13s           2026-08-31T08:20:32                      10
/opt/airflow/dags/02_xcom_dag.py                                       1           0  0.13s           2026-08-31T08:20:32                      10
/opt/airflow/dags/01_hello_dag.py                                      1           0  0.12s           2026-08-31T08:20:29                      10
================================================================================
[2026-08-31T08:21:10.744+0000] {manager.py:821} INFO - Searching for files in /opt/airflow/dags
[2026-08-31T08:21:10.793+0000] {manager.py:824} INFO - There are 7 files in /opt/airflow/dags
[2026-08-31T08:21:23.768+0000] {manager.py:997} INFO - 
================================================================================
DAG File Processing Stats

File Path                                     PID    Runtime      # DAGs    # Errors  Last Runtime    Last Run               Last # of DB Queries
--------------------------------------------  -----  ---------  --------  ----------  --------------  -------------------  ----------------------
/opt/airflow/dags/ml_02_weather_pipeline.py                            1           0  0.45s           2026-08-31T08:21:00                      10
/opt/airflow/dags/04_parallel_weather.py                               1           0  0.19s           2026-08-31T08:21:02                      10
/opt/airflow/dags/05_etl_weather_postgres.py                           1           0  0.19s           2026-08-31T08:21:02                      10
/opt/airflow/dags/01_hello_dag.py                                      1           0  0.15s           2026-08-31T08:21:00                      10
/opt/airflow/dags/ml_01_iris_pipeline-3.py                             1           0  0.14s           2026-08-31T08:21:00                      10
/opt/airflow/dags/03_branching_dag.py                                  1           0  0.12s           2026-08-31T08:21:02                      10
/opt/airflow/dags/02_xcom_dag.py                                       1           0  0.10s           2026-08-31T08:21:02                      10
================================================================================
[2026-08-31T08:21:54.273+0000] {manager.py:997} INFO - 
================================================================================
DAG File Processing Stats

File Path                                     PID    Runtime      # DAGs    # Errors  Last Runtime    Last Run               Last # of DB Queries
--------------------------------------------  -----  ---------  --------  ----------  --------------  -------------------  ----------------------
/opt/airflow/dags/ml_02_weather_pipeline.py                            1           0  0.32s           2026-08-31T08:21:30                      10
/opt/airflow/dags/04_parallel_weather.py                               1           0  0.18s           2026-08-31T08:21:32                      10
/opt/airflow/dags/05_etl_weather_postgres.py                           1           0  0.15s           2026-08-31T08:21:32                      10
/opt/airflow/dags/02_xcom_dag.py                                       1           0  0.15s           2026-08-31T08:21:33                      10
/opt/airflow/dags/03_branching_dag.py                                  1           0  0.14s           2026-08-31T08:21:32                      10
/opt/airflow/dags/01_hello_dag.py                                      1           0  0.11s           2026-08-31T08:21:30                      10
/opt/airflow/dags/ml_01_iris_pipeline-3.py                             1           0  0.10s           2026-08-31T08:21:30                      10
================================================================================
[2026-08-31T08:22:24.495+0000] {manager.py:997} INFO - 
================================================================================
DAG File Processing Stats

File Path                                     PID    Runtime      # DAGs    # Errors  Last Runtime    Last Run               Last # of DB Queries
--------------------------------------------  -----  ---------  --------  ----------  --------------  -------------------  ----------------------
/opt/airflow/dags/ml_02_weather_pipeline.py                            1           0  0.30s           2026-08-31T08:22:01                      10
/opt/airflow/dags/04_parallel_weather.py                               1           0  0.16s           2026-08-31T08:22:03                      10
/opt/airflow/dags/02_xcom_dag.py                                       1           0  0.12s           2026-08-31T08:22:03                      10
/opt/airflow/dags/ml_01_iris_pipeline-3.py                             1           0  0.11s           2026-08-31T08:22:00                      10
/opt/airflow/dags/05_etl_weather_postgres.py                           1           0  0.10s           2026-08-31T08:22:02                      10
/opt/airflow/dags/03_branching_dag.py                                  1           0  0.10s           2026-08-31T08:22:03                      10
/opt/airflow/dags/01_hello_dag.py                                      1           0  0.09s           2026-08-31T08:22:00                      10
================================================================================
[2026-08-31T08:22:55.078+0000] {manager.py:997} INFO - 
================================================================================
DAG File Processing Stats

File Path                                     PID    Runtime      # DAGs    # Errors  Last Runtime    Last Run               Last # of DB Queries
--------------------------------------------  -----  ---------  --------  ----------  --------------  -------------------  ----------------------
/opt/airflow/dags/ml_02_weather_pipeline.py                            1           0  0.33s           2026-08-31T08:22:32                      10
/opt/airflow/dags/ml_01_iris_pipeline-3.py                             1           0  0.15s           2026-08-31T08:22:30                      10
/opt/airflow/dags/04_parallel_weather.py                               1           0  0.13s           2026-08-31T08:22:33                      10
/opt/airflow/dags/05_etl_weather_postgres.py                           1           0  0.13s           2026-08-31T08:22:33                      10
/opt/airflow/dags/01_hello_dag.py                                      1           0  0.11s           2026-08-31T08:22:30                      10
/opt/airflow/dags/02_xcom_dag.py                                       1           0  0.10s           2026-08-31T08:22:33                      10
/opt/airflow/dags/03_branching_dag.py                                  1           0  0.10s           2026-08-31T08:22:33                      10
================================================================================
[2026-08-31T08:23:25.291+0000] {manager.py:997} INFO - 
================================================================================
DAG File Processing Stats

File Path                                     PID    Runtime      # DAGs    # Errors  Last Runtime    Last Run               Last # of DB Queries
--------------------------------------------  -----  ---------  --------  ----------  --------------  -------------------  ----------------------
/opt/airflow/dags/ml_02_weather_pipeline.py                            1           0  0.39s           2026-08-31T08:23:02                      10
/opt/airflow/dags/ml_01_iris_pipeline-3.py                             1           0  0.13s           2026-08-31T08:23:01                      10
/opt/airflow/dags/02_xcom_dag.py                                       1           0  0.11s           2026-08-31T08:23:04                      10
/opt/airflow/dags/01_hello_dag.py                                      1           0  0.11s           2026-08-31T08:23:01                      10
/opt/airflow/dags/05_etl_weather_postgres.py                           1           0  0.10s           2026-08-31T08:23:03                      10
/opt/airflow/dags/04_parallel_weather.py                               1           0  0.09s           2026-08-31T08:23:03                      10
/opt/airflow/dags/03_branching_dag.py                                  1           0  0.09s           2026-08-31T08:23:04                      10
================================================================================
[2026-08-31T08:23:55.434+0000] {manager.py:997} INFO - 
================================================================================
DAG File Processing Stats

File Path                                     PID    Runtime      # DAGs    # Errors  Last Runtime    Last Run               Last # of DB Queries
--------------------------------------------  -----  ---------  --------  ----------  --------------  -------------------  ----------------------
/opt/airflow/dags/ml_02_weather_pipeline.py                            1           0  0.33s           2026-08-31T08:23:33                      10
/opt/airflow/dags/03_branching_dag.py                                  1           0  0.12s           2026-08-31T08:23:34                      10
/opt/airflow/dags/ml_01_iris_pipeline-3.py                             1           0  0.11s           2026-08-31T08:23:31                      10
/opt/airflow/dags/05_etl_weather_postgres.py                           1           0  0.11s           2026-08-31T08:23:34                      10
/opt/airflow/dags/02_xcom_dag.py                                       1           0  0.11s           2026-08-31T08:23:34                      10
/opt/airflow/dags/04_parallel_weather.py                               1           0  0.11s           2026-08-31T08:23:34                      10
/opt/airflow/dags/01_hello_dag.py                                      1           0  0.11s           2026-08-31T08:23:31                      10
================================================================================
[2026-08-31T08:24:25.697+0000] {manager.py:997} INFO - 
================================================================================
DAG File Processing Stats

File Path                                     PID    Runtime      # DAGs    # Errors  Last Runtime    Last Run               Last # of DB Queries
--------------------------------------------  -----  ---------  --------  ----------  --------------  -------------------  ----------------------
/opt/airflow/dags/ml_02_weather_pipeline.py                            1           0  0.37s           2026-08-31T08:24:05                      10
/opt/airflow/dags/03_branching_dag.py                                  1           0  0.22s           2026-08-31T08:24:05                      10
/opt/airflow/dags/02_xcom_dag.py                                       1           0  0.12s           2026-08-31T08:24:05                      10
/opt/airflow/dags/01_hello_dag.py                                      1           0  0.11s           2026-08-31T08:24:01                      10
/opt/airflow/dags/05_etl_weather_postgres.py                           1           0  0.10s           2026-08-31T08:24:04                      10
/opt/airflow/dags/ml_01_iris_pipeline-3.py                             1           0  0.09s           2026-08-31T08:24:01                      10
/opt/airflow/dags/04_parallel_weather.py                               1           0  0.09s           2026-08-31T08:24:04                      10
================================================================================
[2026-08-31T08:24:56.158+0000] {manager.py:997} INFO - 
================================================================================
DAG File Processing Stats

File Path                                     PID    Runtime      # DAGs    # Errors  Last Runtime    Last Run               Last # of DB Queries
--------------------------------------------  -----  ---------  --------  ----------  --------------  -------------------  ----------------------
/opt/airflow/dags/ml_02_weather_pipeline.py                            1           0  0.46s           2026-08-31T08:24:35                      10
/opt/airflow/dags/04_parallel_weather.py                               1           0  0.21s           2026-08-31T08:24:35                      10
/opt/airflow/dags/03_branching_dag.py                                  1           0  0.13s           2026-08-31T08:24:35                      10
/opt/airflow/dags/02_xcom_dag.py                                       1           0  0.11s           2026-08-31T08:24:35                      10
/opt/airflow/dags/01_hello_dag.py                                      1           0  0.10s           2026-08-31T08:24:31                      10
/opt/airflow/dags/ml_01_iris_pipeline-3.py                             1           0  0.10s           2026-08-31T08:24:31                      10
/opt/airflow/dags/05_etl_weather_postgres.py                           1           0  0.10s           2026-08-31T08:24:34                      10
================================================================================
[2026-08-31T08:25:27.043+0000] {manager.py:997} INFO - 
================================================================================
DAG File Processing Stats

File Path                                     PID    Runtime      # DAGs    # Errors  Last Runtime    Last Run               Last # of DB Queries
--------------------------------------------  -----  ---------  --------  ----------  --------------  -------------------  ----------------------
/opt/airflow/dags/ml_02_weather_pipeline.py                            1           0  0.40s           2026-08-31T08:25:06                      10
/opt/airflow/dags/ml_01_iris_pipeline-3.py                             1           0  0.14s           2026-08-31T08:25:02                      10
/opt/airflow/dags/03_branching_dag.py                                  1           0  0.13s           2026-08-31T08:25:06                      10
/opt/airflow/dags/01_hello_dag.py                                      1           0  0.13s           2026-08-31T08:25:02                      10
/opt/airflow/dags/04_parallel_weather.py                               1           0  0.12s           2026-08-31T08:25:05                      10
/opt/airflow/dags/05_etl_weather_postgres.py                           1           0  0.11s           2026-08-31T08:25:05                      10
/opt/airflow/dags/02_xcom_dag.py                                       1           0  0.11s           2026-08-31T08:25:06                      10
================================================================================
[2026-08-31T08:25:57.360+0000] {manager.py:997} INFO - 
================================================================================
DAG File Processing Stats

File Path                                     PID    Runtime      # DAGs    # Errors  Last Runtime    Last Run               Last # of DB Queries
--------------------------------------------  -----  ---------  --------  ----------  --------------  -------------------  ----------------------
/opt/airflow/dags/ml_02_weather_pipeline.py                            1           0  0.32s           2026-08-31T08:25:37                      10
/opt/airflow/dags/ml_01_iris_pipeline-3.py                             1           0  0.16s           2026-08-31T08:25:32                      10
/opt/airflow/dags/01_hello_dag.py                                      1           0  0.16s           2026-08-31T08:25:32                      10
/opt/airflow/dags/05_etl_weather_postgres.py                           1           0  0.15s           2026-08-31T08:25:35                      10
/opt/airflow/dags/03_branching_dag.py                                  1           0  0.14s           2026-08-31T08:25:36                      10
/opt/airflow/dags/04_parallel_weather.py                               1           0  0.13s           2026-08-31T08:25:35                      10
/opt/airflow/dags/02_xcom_dag.py                                       1           0  0.08s           2026-08-31T08:25:36                      10
================================================================================
[2026-08-31T08:26:11.312+0000] {manager.py:821} INFO - Searching for files in /opt/airflow/dags
[2026-08-31T08:26:11.361+0000] {manager.py:824} INFO - There are 7 files in /opt/airflow/dags
[2026-08-31T08:26:27.727+0000] {manager.py:997} INFO - 
================================================================================
DAG File Processing Stats

File Path                                     PID    Runtime      # DAGs    # Errors  Last Runtime    Last Run               Last # of DB Queries
--------------------------------------------  -----  ---------  --------  ----------  --------------  -------------------  ----------------------
/opt/airflow/dags/ml_02_weather_pipeline.py                            1           0  0.38s           2026-08-31T08:26:08                      10
/opt/airflow/dags/03_branching_dag.py                                  1           0  0.16s           2026-08-31T08:26:07                      10
/opt/airflow/dags/ml_01_iris_pipeline-3.py                             1           0  0.14s           2026-08-31T08:26:02                      10
/opt/airflow/dags/04_parallel_weather.py                               1           0  0.13s           2026-08-31T08:26:05                      10
/opt/airflow/dags/02_xcom_dag.py                                       1           0  0.12s           2026-08-31T08:26:07                      10
/opt/airflow/dags/01_hello_dag.py                                      1           0  0.11s           2026-08-31T08:26:02                      10
/opt/airflow/dags/05_etl_weather_postgres.py                           1           0  0.10s           2026-08-31T08:26:05                      10
================================================================================
[2026-08-31T08:26:57.861+0000] {manager.py:997} INFO - 
================================================================================
DAG File Processing Stats

File Path                                     PID    Runtime      # DAGs    # Errors  Last Runtime    Last Run               Last # of DB Queries
--------------------------------------------  -----  ---------  --------  ----------  --------------  -------------------  ----------------------
/opt/airflow/dags/ml_02_weather_pipeline.py                            1           0  0.32s           2026-08-31T08:26:39                      10
/opt/airflow/dags/05_etl_weather_postgres.py                           1           0  0.14s           2026-08-31T08:26:36                      10
/opt/airflow/dags/ml_01_iris_pipeline-3.py                             1           0  0.13s           2026-08-31T08:26:33                      10
/opt/airflow/dags/03_branching_dag.py                                  1           0  0.11s           2026-08-31T08:26:37                      10
/opt/airflow/dags/02_xcom_dag.py                                       1           0  0.10s           2026-08-31T08:26:37                      10
/opt/airflow/dags/04_parallel_weather.py                               1           0  0.09s           2026-08-31T08:26:36                      10
/opt/airflow/dags/01_hello_dag.py                                      1           0  0.09s           2026-08-31T08:26:33                      10
================================================================================
[2026-08-31T08:27:28.241+0000] {manager.py:997} INFO - 
================================================================================
DAG File Processing Stats

File Path                                     PID    Runtime      # DAGs    # Errors  Last Runtime    Last Run               Last # of DB Queries
--------------------------------------------  -----  ---------  --------  ----------  --------------  -------------------  ----------------------
/opt/airflow/dags/ml_02_weather_pipeline.py                            1           0  0.37s           2026-08-31T08:27:10                      10
/opt/airflow/dags/ml_01_iris_pipeline-3.py                             1           0  0.32s           2026-08-31T08:27:04                      10
/opt/airflow/dags/01_hello_dag.py                                      1           0  0.29s           2026-08-31T08:27:04                      10
/opt/airflow/dags/03_branching_dag.py                                  1           0  0.20s           2026-08-31T08:27:07                      10
/opt/airflow/dags/02_xcom_dag.py                                       1           0  0.17s           2026-08-31T08:27:07                      10
/opt/airflow/dags/04_parallel_weather.py                               1           0  0.10s           2026-08-31T08:27:06                      10
/opt/airflow/dags/05_etl_weather_postgres.py                           1           0  0.09s           2026-08-31T08:27:06                      10
================================================================================
[2026-08-31T08:27:58.388+0000] {manager.py:997} INFO - 
================================================================================
DAG File Processing Stats

File Path                                     PID    Runtime      # DAGs    # Errors  Last Runtime    Last Run               Last # of DB Queries
--------------------------------------------  -----  ---------  --------  ----------  --------------  -------------------  ----------------------
/opt/airflow/dags/ml_02_weather_pipeline.py                            1           0  0.33s           2026-08-31T08:27:41                      10
/opt/airflow/dags/04_parallel_weather.py                               1           0  0.21s           2026-08-31T08:27:36                      10
/opt/airflow/dags/05_etl_weather_postgres.py                           1           0  0.17s           2026-08-31T08:27:36                      10
/opt/airflow/dags/02_xcom_dag.py                                       1           0  0.14s           2026-08-31T08:27:38                      10
/opt/airflow/dags/01_hello_dag.py                                      1           0  0.13s           2026-08-31T08:27:34                      10
/opt/airflow/dags/03_branching_dag.py                                  1           0  0.11s           2026-08-31T08:27:38                      10
/opt/airflow/dags/ml_01_iris_pipeline-3.py                             1           0  0.10s           2026-08-31T08:27:34                      10
================================================================================
[2026-08-31T08:28:28.723+0000] {manager.py:997} INFO - 
================================================================================
DAG File Processing Stats

File Path                                     PID    Runtime      # DAGs    # Errors  Last Runtime    Last Run               Last # of DB Queries
--------------------------------------------  -----  ---------  --------  ----------  --------------  -------------------  ----------------------
/opt/airflow/dags/ml_02_weather_pipeline.py                            1           0  0.39s           2026-08-31T08:28:12                      10
/opt/airflow/dags/02_xcom_dag.py                                       1           0  0.25s           2026-08-31T08:28:10                      10
/opt/airflow/dags/03_branching_dag.py                                  1           0  0.22s           2026-08-31T08:28:09                      10
/opt/airflow/dags/05_etl_weather_postgres.py                           1           0  0.19s           2026-08-31T08:28:07                      10
/opt/airflow/dags/04_parallel_weather.py                               1           0  0.17s           2026-08-31T08:28:07                      10
/opt/airflow/dags/ml_01_iris_pipeline-3.py                             1           0  0.11s           2026-08-31T08:28:04                      10
/opt/airflow/dags/01_hello_dag.py                                      1           0  0.10s           2026-08-31T08:28:04                      10
================================================================================
[2026-08-31T08:28:58.872+0000] {manager.py:997} INFO - 
================================================================================
DAG File Processing Stats

File Path                                     PID    Runtime      # DAGs    # Errors  Last Runtime    Last Run               Last # of DB Queries
--------------------------------------------  -----  ---------  --------  ----------  --------------  -------------------  ----------------------
/opt/airflow/dags/ml_02_weather_pipeline.py                            1           0  0.34s           2026-08-31T08:28:43                      10
/opt/airflow/dags/01_hello_dag.py                                      1           0  0.13s           2026-08-31T08:28:34                      10
/opt/airflow/dags/03_branching_dag.py                                  1           0  0.11s           2026-08-31T08:28:40                      10
/opt/airflow/dags/ml_01_iris_pipeline-3.py                             1           0  0.11s           2026-08-31T08:28:34                      10
/opt/airflow/dags/02_xcom_dag.py                                       1           0  0.11s           2026-08-31T08:28:40                      10
/opt/airflow/dags/04_parallel_weather.py                               1           0  0.10s           2026-08-31T08:28:38                      10
/opt/airflow/dags/05_etl_weather_postgres.py                           1           0  0.10s           2026-08-31T08:28:38                      10
================================================================================
[2026-08-31T08:29:28.924+0000] {manager.py:997} INFO - 
================================================================================
DAG File Processing Stats

File Path                                     PID    Runtime      # DAGs    # Errors  Last Runtime    Last Run               Last # of DB Queries
--------------------------------------------  -----  ---------  --------  ----------  --------------  -------------------  ----------------------
/opt/airflow/dags/ml_02_weather_pipeline.py                            1           0  0.45s           2026-08-31T08:29:15                      10
/opt/airflow/dags/04_parallel_weather.py                               1           0  0.14s           2026-08-31T08:29:08                      10
/opt/airflow/dags/ml_01_iris_pipeline-3.py                             1           0  0.13s           2026-08-31T08:29:05                      10
/opt/airflow/dags/05_etl_weather_postgres.py                           1           0  0.13s           2026-08-31T08:29:08                      10
/opt/airflow/dags/01_hello_dag.py                                      1           0  0.10s           2026-08-31T08:29:05                      10
/opt/airflow/dags/03_branching_dag.py                                  1           0  0.10s           2026-08-31T08:29:10                      10
/opt/airflow/dags/02_xcom_dag.py                                       1           0  0.09s           2026-08-31T08:29:10                      10
================================================================================
[2026-08-31T08:29:59.274+0000] {manager.py:997} INFO - 
================================================================================
DAG File Processing Stats

File Path                                     PID    Runtime      # DAGs    # Errors  Last Runtime    Last Run               Last # of DB Queries
--------------------------------------------  -----  ---------  --------  ----------  --------------  -------------------  ----------------------
/opt/airflow/dags/ml_02_weather_pipeline.py                            1           0  0.32s           2026-08-31T08:29:46                      10
/opt/airflow/dags/ml_01_iris_pipeline-3.py                             1           0  0.16s           2026-08-31T08:29:35                      10
/opt/airflow/dags/01_hello_dag.py                                      1           0  0.16s           2026-08-31T08:29:35                      10
/opt/airflow/dags/04_parallel_weather.py                               1           0  0.16s           2026-08-31T08:29:38                      10
/opt/airflow/dags/05_etl_weather_postgres.py                           1           0  0.10s           2026-08-31T08:29:38                      10
/opt/airflow/dags/03_branching_dag.py                                  1           0  0.10s           2026-08-31T08:29:40                      10
/opt/airflow/dags/02_xcom_dag.py                                       1           0  0.09s           2026-08-31T08:29:40                      10
================================================================================
[2026-08-31T08:30:29.655+0000] {manager.py:997} INFO - 
================================================================================
DAG File Processing Stats

File Path                                     PID    Runtime      # DAGs    # Errors  Last Runtime    Last Run               Last # of DB Queries
--------------------------------------------  -----  ---------  --------  ----------  --------------  -------------------  ----------------------
/opt/airflow/dags/ml_02_weather_pipeline.py                            1           0  0.44s           2026-08-31T08:30:17                      10
/opt/airflow/dags/ml_01_iris_pipeline-3.py                             1           0  0.17s           2026-08-31T08:30:06                      10
/opt/airflow/dags/01_hello_dag.py                                      1           0  0.15s           2026-08-31T08:30:06                      10
/opt/airflow/dags/04_parallel_weather.py                               1           0  0.15s           2026-08-31T08:30:09                      10
/opt/airflow/dags/02_xcom_dag.py                                       1           0  0.15s           2026-08-31T08:30:11                      10
/opt/airflow/dags/05_etl_weather_postgres.py                           1           0  0.13s           2026-08-31T08:30:09                      10
/opt/airflow/dags/03_branching_dag.py                                  1           0  0.10s           2026-08-31T08:30:11                      10
================================================================================
[2026-08-31T08:30:59.734+0000] {manager.py:997} INFO - 
================================================================================
DAG File Processing Stats

File Path                                     PID    Runtime      # DAGs    # Errors  Last Runtime    Last Run               Last # of DB Queries
--------------------------------------------  -----  ---------  --------  ----------  --------------  -------------------  ----------------------
/opt/airflow/dags/ml_02_weather_pipeline.py                            1           0  0.39s           2026-08-31T08:30:48                      10
/opt/airflow/dags/04_parallel_weather.py                               1           0  0.14s           2026-08-31T08:30:40                      10
/opt/airflow/dags/ml_01_iris_pipeline-3.py                             1           0  0.14s           2026-08-31T08:30:36                      10
/opt/airflow/dags/01_hello_dag.py                                      1           0  0.13s           2026-08-31T08:30:36                      10
/opt/airflow/dags/02_xcom_dag.py                                       1           0  0.11s           2026-08-31T08:30:42                      10
/opt/airflow/dags/05_etl_weather_postgres.py                           1           0  0.10s           2026-08-31T08:30:39                      10
/opt/airflow/dags/03_branching_dag.py                                  1           0  0.10s           2026-08-31T08:30:42                      10
================================================================================
[2026-08-31T08:31:11.946+0000] {manager.py:821} INFO - Searching for files in /opt/airflow/dags
[2026-08-31T08:31:12.086+0000] {manager.py:824} INFO - There are 7 files in /opt/airflow/dags
[2026-08-31T08:31:29.767+0000] {manager.py:997} INFO - 
================================================================================
DAG File Processing Stats

File Path                                     PID    Runtime      # DAGs    # Errors  Last Runtime    Last Run               Last # of DB Queries
--------------------------------------------  -----  ---------  --------  ----------  --------------  -------------------  ----------------------
/opt/airflow/dags/ml_02_weather_pipeline.py                            1           0  0.31s           2026-08-31T08:31:19                      10
/opt/airflow/dags/03_branching_dag.py                                  1           0  0.15s           2026-08-31T08:31:12                      10
/opt/airflow/dags/ml_01_iris_pipeline-3.py                             1           0  0.14s           2026-08-31T08:31:07                      10
/opt/airflow/dags/02_xcom_dag.py                                       1           0  0.13s           2026-08-31T08:31:12                      10
/opt/airflow/dags/01_hello_dag.py                                      1           0  0.12s           2026-08-31T08:31:07                      10
/opt/airflow/dags/05_etl_weather_postgres.py                           1           0  0.11s           2026-08-31T08:31:10                      10
/opt/airflow/dags/04_parallel_weather.py                               1           0  0.10s           2026-08-31T08:31:10                      10
================================================================================
[2026-08-31T08:31:59.957+0000] {manager.py:997} INFO - 
================================================================================
DAG File Processing Stats

File Path                                     PID    Runtime      # DAGs    # Errors  Last Runtime    Last Run               Last # of DB Queries
--------------------------------------------  -----  ---------  --------  ----------  --------------  -------------------  ----------------------
/opt/airflow/dags/ml_02_weather_pipeline.py                            1           0  0.34s           2026-08-31T08:31:50                      10
/opt/airflow/dags/ml_01_iris_pipeline-3.py                             1           0  0.20s           2026-08-31T08:31:38                      10
/opt/airflow/dags/01_hello_dag.py                                      1           0  0.14s           2026-08-31T08:31:38                      10
/opt/airflow/dags/04_parallel_weather.py                               1           0  0.13s           2026-08-31T08:31:41                      10
/opt/airflow/dags/03_branching_dag.py                                  1           0  0.11s           2026-08-31T08:31:42                      10
/opt/airflow/dags/02_xcom_dag.py                                       1           0  0.10s           2026-08-31T08:31:42                      10
/opt/airflow/dags/05_etl_weather_postgres.py                           1           0  0.10s           2026-08-31T08:31:41                      10
================================================================================
[2026-08-31T08:32:30.054+0000] {manager.py:997} INFO - 
================================================================================
DAG File Processing Stats

File Path                                     PID    Runtime      # DAGs    # Errors  Last Runtime    Last Run               Last # of DB Queries
--------------------------------------------  -----  ---------  --------  ----------  --------------  -------------------  ----------------------
/opt/airflow/dags/ml_02_weather_pipeline.py                            1           0  0.32s           2026-08-31T08:32:21                      10
/opt/airflow/dags/02_xcom_dag.py                                       1           0  0.15s           2026-08-31T08:32:13                      10
/opt/airflow/dags/ml_01_iris_pipeline-3.py                             1           0  0.15s           2026-08-31T08:32:09                      10
/opt/airflow/dags/04_parallel_weather.py                               1           0  0.14s           2026-08-31T08:32:12                      10
/opt/airflow/dags/03_branching_dag.py                                  1           0  0.13s           2026-08-31T08:32:13                      10
/opt/airflow/dags/01_hello_dag.py                                      1           0  0.13s           2026-08-31T08:32:09                      10
/opt/airflow/dags/05_etl_weather_postgres.py                           1           0  0.10s           2026-08-31T08:32:12                      10
================================================================================
[2026-08-31T08:33:00.084+0000] {manager.py:997} INFO - 
================================================================================
DAG File Processing Stats

File Path                                     PID    Runtime      # DAGs    # Errors  Last Runtime    Last Run               Last # of DB Queries
--------------------------------------------  -----  ---------  --------  ----------  --------------  -------------------  ----------------------
/opt/airflow/dags/ml_02_weather_pipeline.py                            1           0  0.31s           2026-08-31T08:32:52                      10
/opt/airflow/dags/05_etl_weather_postgres.py                           1           0  0.19s           2026-08-31T08:32:42                      10
/opt/airflow/dags/ml_01_iris_pipeline-3.py                             1           0  0.15s           2026-08-31T08:32:39                      10
/opt/airflow/dags/03_branching_dag.py                                  1           0  0.14s           2026-08-31T08:32:43                      10
/opt/airflow/dags/04_parallel_weather.py                               1           0  0.13s           2026-08-31T08:32:42                      10
/opt/airflow/dags/01_hello_dag.py                                      1           0  0.09s           2026-08-31T08:32:39                      10
/opt/airflow/dags/02_xcom_dag.py                                       1           0  0.09s           2026-08-31T08:32:43                      10
================================================================================
[2026-08-31T08:33:30.283+0000] {manager.py:997} INFO - 
================================================================================
DAG File Processing Stats

File Path                                     PID    Runtime      # DAGs    # Errors  Last Runtime    Last Run               Last # of DB Queries
--------------------------------------------  -----  ---------  --------  ----------  --------------  -------------------  ----------------------
/opt/airflow/dags/ml_02_weather_pipeline.py                            1           0  0.33s           2026-08-31T08:33:23                      10
/opt/airflow/dags/01_hello_dag.py                                      1           0  0.12s           2026-08-31T08:33:09                      10
/opt/airflow/dags/ml_01_iris_pipeline-3.py                             1           0  0.12s           2026-08-31T08:33:09                      10
/opt/airflow/dags/04_parallel_weather.py                               1           0  0.12s           2026-08-31T08:33:12                      10
/opt/airflow/dags/03_branching_dag.py                                  1           0  0.11s           2026-08-31T08:33:13                      10
/opt/airflow/dags/05_etl_weather_postgres.py                           1           0  0.10s           2026-08-31T08:33:12                      10
/opt/airflow/dags/02_xcom_dag.py                                       1           0  0.09s           2026-08-31T08:33:13                      10
================================================================================
[2026-08-31T08:34:00.457+0000] {manager.py:997} INFO - 
================================================================================
DAG File Processing Stats

File Path                                     PID    Runtime      # DAGs    # Errors  Last Runtime    Last Run               Last # of DB Queries
--------------------------------------------  -----  ---------  --------  ----------  --------------  -------------------  ----------------------
/opt/airflow/dags/ml_02_weather_pipeline.py                            1           0  0.33s           2026-08-31T08:33:54                      10
/opt/airflow/dags/05_etl_weather_postgres.py                           1           0  0.19s           2026-08-31T08:33:43                      10
/opt/airflow/dags/04_parallel_weather.py                               1           0  0.16s           2026-08-31T08:33:43                      10
/opt/airflow/dags/02_xcom_dag.py                                       1           0  0.11s           2026-08-31T08:33:44                      10
/opt/airflow/dags/ml_01_iris_pipeline-3.py                             1           0  0.09s           2026-08-31T08:33:39                      10
/opt/airflow/dags/03_branching_dag.py                                  1           0  0.09s           2026-08-31T08:33:44                      10
/opt/airflow/dags/01_hello_dag.py                                      1           0  0.09s           2026-08-31T08:33:39                      10
================================================================================
[2026-08-31T08:34:30.926+0000] {manager.py:997} INFO - 
================================================================================
DAG File Processing Stats

File Path                                     PID    Runtime      # DAGs    # Errors  Last Runtime    Last Run               Last # of DB Queries
--------------------------------------------  -----  ---------  --------  ----------  --------------  -------------------  ----------------------
/opt/airflow/dags/ml_02_weather_pipeline.py                            1           0  0.33s           2026-08-31T08:34:25                      10
/opt/airflow/dags/04_parallel_weather.py                               1           0  0.15s           2026-08-31T08:34:13                      10
/opt/airflow/dags/05_etl_weather_postgres.py                           1           0  0.14s           2026-08-31T08:34:13                      10
/opt/airflow/dags/01_hello_dag.py                                      1           0  0.13s           2026-08-31T08:34:10                      10
/opt/airflow/dags/ml_01_iris_pipeline-3.py                             1           0  0.13s           2026-08-31T08:34:10                      10
/opt/airflow/dags/03_branching_dag.py                                  1           0  0.12s           2026-08-31T08:34:14                      10
/opt/airflow/dags/02_xcom_dag.py                                       1           0  0.11s           2026-08-31T08:34:14                      10
================================================================================
[2026-08-31T08:35:01.277+0000] {manager.py:997} INFO - 
================================================================================
DAG File Processing Stats

File Path                                     PID    Runtime      # DAGs    # Errors  Last Runtime    Last Run               Last # of DB Queries
--------------------------------------------  -----  ---------  --------  ----------  --------------  -------------------  ----------------------
/opt/airflow/dags/ml_02_weather_pipeline.py                            1           0  0.40s           2026-08-31T08:34:56                      10
/opt/airflow/dags/ml_01_iris_pipeline-3.py                             1           0  0.16s           2026-08-31T08:34:40                      10
/opt/airflow/dags/01_hello_dag.py                                      1           0  0.13s           2026-08-31T08:34:40                      10
/opt/airflow/dags/05_etl_weather_postgres.py                           1           0  0.10s           2026-08-31T08:34:43                      10
/opt/airflow/dags/03_branching_dag.py                                  1           0  0.10s           2026-08-31T08:34:44                      10
/opt/airflow/dags/04_parallel_weather.py                               1           0  0.10s           2026-08-31T08:34:43                      10
/opt/airflow/dags/02_xcom_dag.py                                       1           0  0.09s           2026-08-31T08:34:44                      10
================================================================================
[2026-08-31T08:35:31.672+0000] {manager.py:997} INFO - 
================================================================================
DAG File Processing Stats

File Path                                     PID    Runtime      # DAGs    # Errors  Last Runtime    Last Run               Last # of DB Queries
--------------------------------------------  -----  ---------  --------  ----------  --------------  -------------------  ----------------------
/opt/airflow/dags/ml_02_weather_pipeline.py                            1           0  0.39s           2026-08-31T08:35:26                      10
/opt/airflow/dags/05_etl_weather_postgres.py                           1           0  0.20s           2026-08-31T08:35:14                      10
/opt/airflow/dags/ml_01_iris_pipeline-3.py                             1           0  0.17s           2026-08-31T08:35:11                      10
/opt/airflow/dags/01_hello_dag.py                                      1           0  0.17s           2026-08-31T08:35:11                      10
/opt/airflow/dags/03_branching_dag.py                                  1           0  0.16s           2026-08-31T08:35:15                      10
/opt/airflow/dags/04_parallel_weather.py                               1           0  0.15s           2026-08-31T08:35:14                      10
/opt/airflow/dags/02_xcom_dag.py                                       1           0  0.11s           2026-08-31T08:35:15                      10
================================================================================
[2026-08-31T08:36:01.947+0000] {manager.py:997} INFO - 
================================================================================
DAG File Processing Stats

File Path                                     PID    Runtime      # DAGs    # Errors  Last Runtime    Last Run               Last # of DB Queries
--------------------------------------------  -----  ---------  --------  ----------  --------------  -------------------  ----------------------
/opt/airflow/dags/ml_02_weather_pipeline.py                            1           0  0.42s           2026-08-31T08:35:58                      10
/opt/airflow/dags/05_etl_weather_postgres.py                           1           0  0.22s           2026-08-31T08:35:44                      10
/opt/airflow/dags/04_parallel_weather.py                               1           0  0.18s           2026-08-31T08:35:44                      10
/opt/airflow/dags/02_xcom_dag.py                                       1           0  0.16s           2026-08-31T08:35:45                      10
/opt/airflow/dags/03_branching_dag.py                                  1           0  0.15s           2026-08-31T08:35:45                      10
/opt/airflow/dags/ml_01_iris_pipeline-3.py                             1           0  0.14s           2026-08-31T08:35:41                      10
/opt/airflow/dags/01_hello_dag.py                                      1           0  0.10s           2026-08-31T08:35:41                      10
================================================================================
[2026-08-31T08:36:12.586+0000] {manager.py:821} INFO - Searching for files in /opt/airflow/dags
[2026-08-31T08:36:12.835+0000] {manager.py:824} INFO - There are 7 files in /opt/airflow/dags
[2026-08-31T08:36:32.577+0000] {manager.py:997} INFO - 
================================================================================
DAG File Processing Stats

File Path                                     PID    Runtime      # DAGs    # Errors  Last Runtime    Last Run               Last # of DB Queries
--------------------------------------------  -----  ---------  --------  ----------  --------------  -------------------  ----------------------
/opt/airflow/dags/ml_02_weather_pipeline.py                            1           0  0.35s           2026-08-31T08:36:28                      10
/opt/airflow/dags/01_hello_dag.py                                      1           0  0.19s           2026-08-31T08:36:11                      10
/opt/airflow/dags/03_branching_dag.py                                  1           0  0.15s           2026-08-31T08:36:16                      10
/opt/airflow/dags/ml_01_iris_pipeline-3.py                             1           0  0.13s           2026-08-31T08:36:11                      10
/opt/airflow/dags/02_xcom_dag.py                                       1           0  0.13s           2026-08-31T08:36:16                      10
/opt/airflow/dags/05_etl_weather_postgres.py                           1           0  0.11s           2026-08-31T08:36:15                      10
/opt/airflow/dags/04_parallel_weather.py                               1           0  0.10s           2026-08-31T08:36:15                      10
================================================================================
[2026-08-31T08:37:02.937+0000] {manager.py:997} INFO - 
================================================================================
DAG File Processing Stats

File Path                                     PID    Runtime      # DAGs    # Errors  Last Runtime    Last Run               Last # of DB Queries
--------------------------------------------  -----  ---------  --------  ----------  --------------  -------------------  ----------------------
/opt/airflow/dags/ml_02_weather_pipeline.py                            1           0  0.32s           2026-08-31T08:36:59                      10
/opt/airflow/dags/04_parallel_weather.py                               1           0  0.14s           2026-08-31T08:36:45                      10
/opt/airflow/dags/05_etl_weather_postgres.py                           1           0  0.13s           2026-08-31T08:36:45                      10
/opt/airflow/dags/03_branching_dag.py                                  1           0  0.13s           2026-08-31T08:36:46                      10
/opt/airflow/dags/ml_01_iris_pipeline-3.py                             1           0  0.13s           2026-08-31T08:36:42                      10
/opt/airflow/dags/02_xcom_dag.py                                       1           0  0.10s           2026-08-31T08:36:46                      10
/opt/airflow/dags/01_hello_dag.py                                      1           0  0.09s           2026-08-31T08:36:42                      10
================================================================================
[2026-08-31T08:37:32.998+0000] {manager.py:997} INFO - 
================================================================================
DAG File Processing Stats

File Path                                     PID    Runtime      # DAGs    # Errors  Last Runtime    Last Run               Last # of DB Queries
--------------------------------------------  -----  ---------  --------  ----------  --------------  -------------------  ----------------------
/opt/airflow/dags/ml_02_weather_pipeline.py                            1           0  0.32s           2026-08-31T08:37:30                      10
/opt/airflow/dags/03_branching_dag.py                                  1           0  0.15s           2026-08-31T08:37:16                      10
/opt/airflow/dags/ml_01_iris_pipeline-3.py                             1           0  0.11s           2026-08-31T08:37:12                      10
/opt/airflow/dags/05_etl_weather_postgres.py                           1           0  0.11s           2026-08-31T08:37:15                      10
/opt/airflow/dags/01_hello_dag.py                                      1           0  0.10s           2026-08-31T08:37:12                      10
/opt/airflow/dags/04_parallel_weather.py                               1           0  0.10s           2026-08-31T08:37:15                      10
/opt/airflow/dags/02_xcom_dag.py                                       1           0  0.09s           2026-08-31T08:37:16                      10
================================================================================
[2026-08-31T08:38:03.390+0000] {manager.py:997} INFO - 
================================================================================
DAG File Processing Stats

File Path                                     PID    Runtime      # DAGs    # Errors  Last Runtime    Last Run               Last # of DB Queries
--------------------------------------------  -----  ---------  --------  ----------  --------------  -------------------  ----------------------
/opt/airflow/dags/ml_02_weather_pipeline.py                            1           0  0.58s           2026-08-31T08:38:00                      10
/opt/airflow/dags/03_branching_dag.py                                  1           0  0.21s           2026-08-31T08:37:47                      10
/opt/airflow/dags/04_parallel_weather.py                               1           0  0.17s           2026-08-31T08:37:46                      10
/opt/airflow/dags/ml_01_iris_pipeline-3.py                             1           0  0.16s           2026-08-31T08:37:43                      10
/opt/airflow/dags/01_hello_dag.py                                      1           0  0.16s           2026-08-31T08:37:43                      10
/opt/airflow/dags/05_etl_weather_postgres.py                           1           0  0.16s           2026-08-31T08:37:46                      10
/opt/airflow/dags/02_xcom_dag.py                                       1           0  0.14s           2026-08-31T08:37:47                      10
================================================================================
[2026-08-31T08:38:33.679+0000] {manager.py:997} INFO - 
================================================================================
DAG File Processing Stats

File Path                                     PID    Runtime      # DAGs    # Errors  Last Runtime    Last Run               Last # of DB Queries
--------------------------------------------  -----  ---------  --------  ----------  --------------  -------------------  ----------------------
/opt/airflow/dags/ml_02_weather_pipeline.py                            1           0  0.33s           2026-08-31T08:38:31                      10
/opt/airflow/dags/01_hello_dag.py                                      1           0  0.16s           2026-08-31T08:38:13                      10
/opt/airflow/dags/02_xcom_dag.py                                       1           0  0.16s           2026-08-31T08:38:18                      10
/opt/airflow/dags/ml_01_iris_pipeline-3.py                             1           0  0.15s           2026-08-31T08:38:13                      10
/opt/airflow/dags/04_parallel_weather.py                               1           0  0.13s           2026-08-31T08:38:16                      10
/opt/airflow/dags/03_branching_dag.py                                  1           0  0.11s           2026-08-31T08:38:17                      10
/opt/airflow/dags/05_etl_weather_postgres.py                           1           0  0.10s           2026-08-31T08:38:16                      10
================================================================================
[2026-08-31T08:39:03.948+0000] {manager.py:997} INFO - 
================================================================================
DAG File Processing Stats

File Path                                     PID    Runtime      # DAGs    # Errors  Last Runtime    Last Run               Last # of DB Queries
--------------------------------------------  -----  ---------  --------  ----------  --------------  -------------------  ----------------------
/opt/airflow/dags/ml_02_weather_pipeline.py                            1           0  0.40s           2026-08-31T08:39:02                      10
/opt/airflow/dags/04_parallel_weather.py                               1           0  0.14s           2026-08-31T08:38:47                      10
/opt/airflow/dags/05_etl_weather_postgres.py                           1           0  0.12s           2026-08-31T08:38:47                      10
/opt/airflow/dags/03_branching_dag.py                                  1           0  0.11s           2026-08-31T08:38:48                      10
/opt/airflow/dags/02_xcom_dag.py                                       1           0  0.11s           2026-08-31T08:38:48                      10
/opt/airflow/dags/ml_01_iris_pipeline-3.py                             1           0  0.10s           2026-08-31T08:38:44                      10
/opt/airflow/dags/01_hello_dag.py                                      1           0  0.09s           2026-08-31T08:38:44                      10
================================================================================
[2026-08-31T08:39:34.044+0000] {manager.py:997} INFO - 
================================================================================
DAG File Processing Stats

File Path                                     PID    Runtime      # DAGs    # Errors  Last Runtime    Last Run               Last # of DB Queries
--------------------------------------------  -----  ---------  --------  ----------  --------------  -------------------  ----------------------
/opt/airflow/dags/ml_02_weather_pipeline.py                            1           0  0.32s           2026-08-31T08:39:34                      10
/opt/airflow/dags/04_parallel_weather.py                               1           0  0.14s           2026-08-31T08:39:17                      10
/opt/airflow/dags/05_etl_weather_postgres.py                           1           0  0.12s           2026-08-31T08:39:17                      10
/opt/airflow/dags/02_xcom_dag.py                                       1           0  0.11s           2026-08-31T08:39:18                      10
/opt/airflow/dags/03_branching_dag.py                                  1           0  0.11s           2026-08-31T08:39:18                      10
/opt/airflow/dags/ml_01_iris_pipeline-3.py                             1           0  0.10s           2026-08-31T08:39:14                      10
/opt/airflow/dags/01_hello_dag.py                                      1           0  0.10s           2026-08-31T08:39:14                      10
================================================================================
[2026-08-31T08:40:04.413+0000] {manager.py:997} INFO - 
================================================================================
DAG File Processing Stats

File Path                                       PID  Runtime      # DAGs    # Errors  Last Runtime    Last Run               Last # of DB Queries
--------------------------------------------  -----  ---------  --------  ----------  --------------  -------------------  ----------------------
/opt/airflow/dags/ml_02_weather_pipeline.py    1313  0.00s             1           0  0.32s           2026-08-31T08:39:34                      10
/opt/airflow/dags/02_xcom_dag.py                                       1           0  0.12s           2026-08-31T08:39:49                      10
/opt/airflow/dags/05_etl_weather_postgres.py                           1           0  0.12s           2026-08-31T08:39:48                      10
/opt/airflow/dags/04_parallel_weather.py                               1           0  0.11s           2026-08-31T08:39:48                      10
/opt/airflow/dags/ml_01_iris_pipeline-3.py                             1           0  0.10s           2026-08-31T08:39:45                      10
/opt/airflow/dags/01_hello_dag.py                                      1           0  0.09s           2026-08-31T08:39:45                      10
/opt/airflow/dags/03_branching_dag.py                                  1           0  0.09s           2026-08-31T08:39:49                      10
================================================================================
[2026-08-31T08:40:34.714+0000] {manager.py:997} INFO - 
================================================================================
DAG File Processing Stats

File Path                                     PID    Runtime      # DAGs    # Errors  Last Runtime    Last Run               Last # of DB Queries
--------------------------------------------  -----  ---------  --------  ----------  --------------  -------------------  ----------------------
/opt/airflow/dags/ml_02_weather_pipeline.py                            1           0  0.34s           2026-08-31T08:40:04                      10
/opt/airflow/dags/05_etl_weather_postgres.py                           1           0  0.18s           2026-08-31T08:40:18                      10
/opt/airflow/dags/04_parallel_weather.py                               1           0  0.17s           2026-08-31T08:40:18                      10
/opt/airflow/dags/02_xcom_dag.py                                       1           0  0.16s           2026-08-31T08:40:19                      10
/opt/airflow/dags/01_hello_dag.py                                      1           0  0.13s           2026-08-31T08:40:15                      10
/opt/airflow/dags/ml_01_iris_pipeline-3.py                             1           0  0.11s           2026-08-31T08:40:15                      10
/opt/airflow/dags/03_branching_dag.py                                  1           0  0.09s           2026-08-31T08:40:19                      10
================================================================================
[2026-08-31T08:41:04.974+0000] {manager.py:997} INFO - 
================================================================================
DAG File Processing Stats

File Path                                     PID    Runtime      # DAGs    # Errors  Last Runtime    Last Run               Last # of DB Queries
--------------------------------------------  -----  ---------  --------  ----------  --------------  -------------------  ----------------------
/opt/airflow/dags/ml_02_weather_pipeline.py                            1           0  0.31s           2026-08-31T08:40:35                      10
/opt/airflow/dags/ml_01_iris_pipeline-3.py                             1           0  0.14s           2026-08-31T08:40:45                      10
/opt/airflow/dags/04_parallel_weather.py                               1           0  0.13s           2026-08-31T08:40:49                      10
/opt/airflow/dags/03_branching_dag.py                                  1           0  0.12s           2026-08-31T08:40:50                      10
/opt/airflow/dags/01_hello_dag.py                                      1           0  0.10s           2026-08-31T08:40:45                      10
/opt/airflow/dags/05_etl_weather_postgres.py                           1           0  0.10s           2026-08-31T08:40:49                      10
/opt/airflow/dags/02_xcom_dag.py                                       1           0  0.10s           2026-08-31T08:40:50                      10
================================================================================
[2026-08-31T08:41:12.646+0000] {manager.py:821} INFO - Searching for files in /opt/airflow/dags
[2026-08-31T08:41:12.846+0000] {manager.py:824} INFO - There are 7 files in /opt/airflow/dags
[2026-08-31T08:41:35.228+0000] {manager.py:997} INFO - 
================================================================================
DAG File Processing Stats

File Path                                     PID    Runtime      # DAGs    # Errors  Last Runtime    Last Run               Last # of DB Queries
--------------------------------------------  -----  ---------  --------  ----------  --------------  -------------------  ----------------------
/opt/airflow/dags/ml_02_weather_pipeline.py                            1           0  0.51s           2026-08-31T08:41:06                      10
/opt/airflow/dags/ml_01_iris_pipeline-3.py                             1           0  0.36s           2026-08-31T08:41:16                      10
/opt/airflow/dags/01_hello_dag.py                                      1           0  0.28s           2026-08-31T08:41:16                      10
/opt/airflow/dags/05_etl_weather_postgres.py                           1           0  0.20s           2026-08-31T08:41:19                      10
/opt/airflow/dags/03_branching_dag.py                                  1           0  0.18s           2026-08-31T08:41:21                      10
/opt/airflow/dags/04_parallel_weather.py                               1           0  0.14s           2026-08-31T08:41:19                      10
/opt/airflow/dags/02_xcom_dag.py                                       1           0  0.14s           2026-08-31T08:41:21                      10
================================================================================
[2026-08-31T08:42:06.197+0000] {manager.py:997} INFO - 
================================================================================
DAG File Processing Stats

File Path                                     PID    Runtime      # DAGs    # Errors  Last Runtime    Last Run               Last # of DB Queries
--------------------------------------------  -----  ---------  --------  ----------  --------------  -------------------  ----------------------
/opt/airflow/dags/ml_02_weather_pipeline.py                            1           0  0.35s           2026-08-31T08:41:37                      10
/opt/airflow/dags/05_etl_weather_postgres.py                           1           0  0.14s           2026-08-31T08:41:50                      10
/opt/airflow/dags/ml_01_iris_pipeline-3.py                             1           0  0.13s           2026-08-31T08:41:46                      10
/opt/airflow/dags/02_xcom_dag.py                                       1           0  0.12s           2026-08-31T08:41:52                      10
/opt/airflow/dags/03_branching_dag.py                                  1           0  0.12s           2026-08-31T08:41:52                      10
/opt/airflow/dags/01_hello_dag.py                                      1           0  0.11s           2026-08-31T08:41:46                      10
/opt/airflow/dags/04_parallel_weather.py                               1           0  0.09s           2026-08-31T08:41:50                      10
================================================================================
[2026-08-31T08:42:36.771+0000] {manager.py:997} INFO - 
================================================================================
DAG File Processing Stats

File Path                                     PID    Runtime      # DAGs    # Errors  Last Runtime    Last Run               Last # of DB Queries
--------------------------------------------  -----  ---------  --------  ----------  --------------  -------------------  ----------------------
/opt/airflow/dags/ml_02_weather_pipeline.py                            1           0  0.37s           2026-08-31T08:42:08                      10
/opt/airflow/dags/05_etl_weather_postgres.py                           1           0  0.24s           2026-08-31T08:42:21                      10
/opt/airflow/dags/03_branching_dag.py                                  1           0  0.21s           2026-08-31T08:42:22                      10
/opt/airflow/dags/02_xcom_dag.py                                       1           0  0.19s           2026-08-31T08:42:22                      10
/opt/airflow/dags/04_parallel_weather.py                               1           0  0.16s           2026-08-31T08:42:21                      10
/opt/airflow/dags/01_hello_dag.py                                      1           0  0.11s           2026-08-31T08:42:16                      10
/opt/airflow/dags/ml_01_iris_pipeline-3.py                             1           0  0.10s           2026-08-31T08:42:16                      10
================================================================================
[2026-08-31T08:43:07.604+0000] {manager.py:997} INFO - 
================================================================================
DAG File Processing Stats

File Path                                     PID    Runtime      # DAGs    # Errors  Last Runtime    Last Run               Last # of DB Queries
--------------------------------------------  -----  ---------  --------  ----------  --------------  -------------------  ----------------------
/opt/airflow/dags/ml_02_weather_pipeline.py                            1           0  0.34s           2026-08-31T08:42:39                      10
/opt/airflow/dags/03_branching_dag.py                                  1           0  0.20s           2026-08-31T08:42:53                      10
/opt/airflow/dags/02_xcom_dag.py                                       1           0  0.16s           2026-08-31T08:42:53                      10
/opt/airflow/dags/04_parallel_weather.py                               1           0  0.16s           2026-08-31T08:42:52                      10
/opt/airflow/dags/05_etl_weather_postgres.py                           1           0  0.15s           2026-08-31T08:42:52                      10
/opt/airflow/dags/01_hello_dag.py                                      1           0  0.11s           2026-08-31T08:42:47                      10
/opt/airflow/dags/ml_01_iris_pipeline-3.py                             1           0  0.10s           2026-08-31T08:42:47                      10
================================================================================
[2026-08-31T08:43:37.635+0000] {manager.py:997} INFO - 
================================================================================
DAG File Processing Stats

File Path                                     PID    Runtime      # DAGs    # Errors  Last Runtime    Last Run               Last # of DB Queries
--------------------------------------------  -----  ---------  --------  ----------  --------------  -------------------  ----------------------
/opt/airflow/dags/ml_02_weather_pipeline.py                            1           0  0.34s           2026-08-31T08:43:10                      10
/opt/airflow/dags/ml_01_iris_pipeline-3.py                             1           0  0.14s           2026-08-31T08:43:17                      10
/opt/airflow/dags/05_etl_weather_postgres.py                           1           0  0.11s           2026-08-31T08:43:23                      10
/opt/airflow/dags/01_hello_dag.py                                      1           0  0.10s           2026-08-31T08:43:17                      10
/opt/airflow/dags/04_parallel_weather.py                               1           0  0.10s           2026-08-31T08:43:23                      10
/opt/airflow/dags/02_xcom_dag.py                                       1           0  0.10s           2026-08-31T08:43:24                      10
/opt/airflow/dags/03_branching_dag.py                                  1           0  0.10s           2026-08-31T08:43:24                      10
================================================================================
[2026-08-31T08:44:08.601+0000] {manager.py:997} INFO - 
================================================================================
DAG File Processing Stats

File Path                                     PID    Runtime      # DAGs    # Errors  Last Runtime    Last Run               Last # of DB Queries
--------------------------------------------  -----  ---------  --------  ----------  --------------  -------------------  ----------------------
/opt/airflow/dags/ml_02_weather_pipeline.py                            1           0  0.32s           2026-08-31T08:43:40                      10
/opt/airflow/dags/03_branching_dag.py                                  1           0  0.11s           2026-08-31T08:43:54                      10
/opt/airflow/dags/ml_01_iris_pipeline-3.py                             1           0  0.10s           2026-08-31T08:43:48                      10
/opt/airflow/dags/05_etl_weather_postgres.py                           1           0  0.10s           2026-08-31T08:43:53                      10
/opt/airflow/dags/04_parallel_weather.py                               1           0  0.10s           2026-08-31T08:43:53                      10
/opt/airflow/dags/01_hello_dag.py                                      1           0  0.09s           2026-08-31T08:43:48                      10
/opt/airflow/dags/02_xcom_dag.py                                       1           0  0.09s           2026-08-31T08:43:54                      10
================================================================================
[2026-08-31T08:44:38.997+0000] {manager.py:997} INFO - 
================================================================================
DAG File Processing Stats

File Path                                     PID    Runtime      # DAGs    # Errors  Last Runtime    Last Run               Last # of DB Queries
--------------------------------------------  -----  ---------  --------  ----------  --------------  -------------------  ----------------------
/opt/airflow/dags/ml_02_weather_pipeline.py                            1           0  0.41s           2026-08-31T08:44:12                      10
/opt/airflow/dags/05_etl_weather_postgres.py                           1           0  0.18s           2026-08-31T08:44:23                      10
/opt/airflow/dags/04_parallel_weather.py                               1           0  0.17s           2026-08-31T08:44:23                      10
/opt/airflow/dags/01_hello_dag.py                                      1           0  0.11s           2026-08-31T08:44:18                      10
/opt/airflow/dags/ml_01_iris_pipeline-3.py                             1           0  0.11s           2026-08-31T08:44:18                      10
/opt/airflow/dags/02_xcom_dag.py                                       1           0  0.10s           2026-08-31T08:44:24                      10
/opt/airflow/dags/03_branching_dag.py                                  1           0  0.10s           2026-08-31T08:44:24                      10
================================================================================
[2026-08-31T08:45:09.317+0000] {manager.py:997} INFO - 
================================================================================
DAG File Processing Stats

File Path                                     PID    Runtime      # DAGs    # Errors  Last Runtime    Last Run               Last # of DB Queries
--------------------------------------------  -----  ---------  --------  ----------  --------------  -------------------  ----------------------
/opt/airflow/dags/ml_02_weather_pipeline.py                            1           0  0.34s           2026-08-31T08:44:42                      10
/opt/airflow/dags/03_branching_dag.py                                  1           0  0.13s           2026-08-31T08:44:54                      10
/opt/airflow/dags/01_hello_dag.py                                      1           0  0.13s           2026-08-31T08:44:48                      10
/opt/airflow/dags/02_xcom_dag.py                                       1           0  0.12s           2026-08-31T08:44:54                      10
/opt/airflow/dags/05_etl_weather_postgres.py                           1           0  0.11s           2026-08-31T08:44:53                      10
/opt/airflow/dags/ml_01_iris_pipeline-3.py                             1           0  0.11s           2026-08-31T08:44:48                      10
/opt/airflow/dags/04_parallel_weather.py                               1           0  0.10s           2026-08-31T08:44:53                      10
================================================================================
[2026-08-31T08:45:28.852+0000] {manager.py:465} INFO - Exiting gracefully upon receiving signal 15
[2026-09-01T08:04:52.279+0000] {manager.py:483} INFO - Processing files using up to 2 processes at a time 
[2026-09-01T08:04:52.281+0000] {manager.py:484} INFO - Process each file at most once every 30 seconds
[2026-09-01T08:04:52.284+0000] {manager.py:485} INFO - Checking for new files in /opt/airflow/dags every 300 seconds
[2026-09-01T08:04:52.286+0000] {manager.py:821} INFO - Searching for files in /opt/airflow/dags
[2026-09-01T08:04:53.232+0000] {manager.py:824} INFO - There are 7 files in /opt/airflow/dags
[2026-09-01T08:04:53.545+0000] {manager.py:997} INFO - 
================================================================================
DAG File Processing Stats

File Path                                       PID  Runtime      # DAGs    # Errors  Last Runtime    Last Run      Last # of DB Queries
--------------------------------------------  -----  ---------  --------  ----------  --------------  ----------  ----------------------
/opt/airflow/dags/01_hello_dag.py                                      0           0                                                   0
/opt/airflow/dags/02_xcom_dag.py                                       0           0                                                   0
/opt/airflow/dags/03_branching_dag.py                                  0           0                                                   0
/opt/airflow/dags/04_parallel_weather.py                               0           0                                                   0
/opt/airflow/dags/05_etl_weather_postgres.py                           0           0                                                   0
/opt/airflow/dags/ml_01_iris_pipeline-3.py      100  0.04s             0           0                                                   0
/opt/airflow/dags/ml_02_weather_pipeline.py      99  0.07s             0           0                                                   0
================================================================================
[2026-09-01T08:05:24.124+0000] {manager.py:997} INFO - 
================================================================================
DAG File Processing Stats

File Path                                       PID  Runtime      # DAGs    # Errors  Last Runtime    Last Run               Last # of DB Queries
--------------------------------------------  -----  ---------  --------  ----------  --------------  -------------------  ----------------------
/opt/airflow/dags/ml_02_weather_pipeline.py                            1           0  2.09s           2026-09-01T08:04:55                      10
/opt/airflow/dags/05_etl_weather_postgres.py                           1           0  0.29s           2026-09-01T08:04:54                      10
/opt/airflow/dags/ml_01_iris_pipeline-3.py      113  0.06s             1           0  0.28s           2026-09-01T08:04:53                      10
/opt/airflow/dags/04_parallel_weather.py                               1           0  0.21s           2026-09-01T08:04:54                      10
/opt/airflow/dags/01_hello_dag.py               114  0.02s             1           0  0.20s           2026-09-01T08:04:54                      10
/opt/airflow/dags/02_xcom_dag.py                                       1           0  0.19s           2026-09-01T08:04:54                      10
/opt/airflow/dags/03_branching_dag.py                                  1           0  0.18s           2026-09-01T08:04:54                      10
================================================================================
[2026-09-01T08:05:54.914+0000] {manager.py:997} INFO - 
================================================================================
DAG File Processing Stats

File Path                                       PID  Runtime      # DAGs    # Errors  Last Runtime    Last Run               Last # of DB Queries
--------------------------------------------  -----  ---------  --------  ----------  --------------  -------------------  ----------------------
/opt/airflow/dags/ml_02_weather_pipeline.py                            1           0  0.80s           2026-09-01T08:05:26                      10
/opt/airflow/dags/ml_01_iris_pipeline-3.py      127  0.03s             1           0  0.36s           2026-09-01T08:05:24                      10
/opt/airflow/dags/01_hello_dag.py               128  0.00s             1           0  0.32s           2026-09-01T08:05:24                      10
/opt/airflow/dags/03_branching_dag.py                                  1           0  0.28s           2026-09-01T08:05:25                      10
/opt/airflow/dags/04_parallel_weather.py                               1           0  0.27s           2026-09-01T08:05:25                      10
/opt/airflow/dags/05_etl_weather_postgres.py                           1           0  0.24s           2026-09-01T08:05:25                      10
/opt/airflow/dags/02_xcom_dag.py                                       1           0  0.15s           2026-09-01T08:05:25                      10
================================================================================
[2026-09-01T08:06:25.044+0000] {manager.py:997} INFO - 
================================================================================
DAG File Processing Stats

File Path                                     PID    Runtime      # DAGs    # Errors  Last Runtime    Last Run               Last # of DB Queries
--------------------------------------------  -----  ---------  --------  ----------  --------------  -------------------  ----------------------
/opt/airflow/dags/ml_02_weather_pipeline.py                            1           0  1.37s           2026-09-01T08:05:58                      10
/opt/airflow/dags/02_xcom_dag.py                                       1           0  0.36s           2026-09-01T08:05:56                      10
/opt/airflow/dags/04_parallel_weather.py                               1           0  0.25s           2026-09-01T08:05:56                      10
/opt/airflow/dags/03_branching_dag.py                                  1           0  0.23s           2026-09-01T08:05:56                      10
/opt/airflow/dags/05_etl_weather_postgres.py                           1           0  0.23s           2026-09-01T08:05:56                      10
/opt/airflow/dags/ml_01_iris_pipeline-3.py                             1           0  0.22s           2026-09-01T08:05:55                      10
/opt/airflow/dags/01_hello_dag.py                                      1           0  0.20s           2026-09-01T08:05:55                      10
================================================================================
[2026-09-01T08:06:55.161+0000] {manager.py:997} INFO - 
================================================================================
DAG File Processing Stats

File Path                                     PID    Runtime      # DAGs    # Errors  Last Runtime    Last Run               Last # of DB Queries
--------------------------------------------  -----  ---------  --------  ----------  --------------  -------------------  ----------------------
/opt/airflow/dags/ml_02_weather_pipeline.py                            1           0  1.35s           2026-09-01T08:06:30                      10
/opt/airflow/dags/02_xcom_dag.py                                       1           0  0.41s           2026-09-01T08:06:28                      10
/opt/airflow/dags/04_parallel_weather.py                               1           0  0.38s           2026-09-01T08:06:27                      10
/opt/airflow/dags/05_etl_weather_postgres.py                           1           0  0.37s           2026-09-01T08:06:27                      10
/opt/airflow/dags/ml_01_iris_pipeline-3.py                             1           0  0.34s           2026-09-01T08:06:26                      10
/opt/airflow/dags/03_branching_dag.py                                  1           0  0.31s           2026-09-01T08:06:27                      10
/opt/airflow/dags/01_hello_dag.py                                      1           0  0.27s           2026-09-01T08:06:26                      10
================================================================================
[2026-09-01T08:07:25.282+0000] {manager.py:997} INFO - 
================================================================================
DAG File Processing Stats

File Path                                     PID    Runtime      # DAGs    # Errors  Last Runtime    Last Run               Last # of DB Queries
--------------------------------------------  -----  ---------  --------  ----------  --------------  -------------------  ----------------------
/opt/airflow/dags/ml_02_weather_pipeline.py                            1           0  0.84s           2026-09-01T08:07:01                      10
/opt/airflow/dags/ml_01_iris_pipeline-3.py                             1           0  0.57s           2026-09-01T08:06:56                      10
/opt/airflow/dags/05_etl_weather_postgres.py                           1           0  0.52s           2026-09-01T08:06:58                      10
/opt/airflow/dags/04_parallel_weather.py                               1           0  0.50s           2026-09-01T08:06:58                      10
/opt/airflow/dags/01_hello_dag.py                                      1           0  0.43s           2026-09-01T08:06:56                      10
/opt/airflow/dags/02_xcom_dag.py                                       1           0  0.41s           2026-09-01T08:06:59                      10
/opt/airflow/dags/03_branching_dag.py                                  1           0  0.37s           2026-09-01T08:06:58                      10
================================================================================
[2026-09-01T08:07:55.465+0000] {manager.py:997} INFO - 
================================================================================
DAG File Processing Stats

File Path                                     PID    Runtime      # DAGs    # Errors  Last Runtime    Last Run               Last # of DB Queries
--------------------------------------------  -----  ---------  --------  ----------  --------------  -------------------  ----------------------
/opt/airflow/dags/ml_02_weather_pipeline.py                            1           0  0.94s           2026-09-01T08:07:32                      10
/opt/airflow/dags/01_hello_dag.py                                      1           0  0.49s           2026-09-01T08:07:27                      10
/opt/airflow/dags/ml_01_iris_pipeline-3.py                             1           0  0.48s           2026-09-01T08:07:27                      10
/opt/airflow/dags/05_etl_weather_postgres.py                           1           0  0.38s           2026-09-01T08:07:29                      10
/opt/airflow/dags/04_parallel_weather.py                               1           0  0.37s           2026-09-01T08:07:29                      10
/opt/airflow/dags/03_branching_dag.py                                  1           0  0.34s           2026-09-01T08:07:29                      10
/opt/airflow/dags/02_xcom_dag.py                                       1           0  0.31s           2026-09-01T08:07:29                      10
================================================================================
[2026-09-01T08:08:25.895+0000] {manager.py:997} INFO - 
================================================================================
DAG File Processing Stats

File Path                                     PID    Runtime      # DAGs    # Errors  Last Runtime    Last Run               Last # of DB Queries
--------------------------------------------  -----  ---------  --------  ----------  --------------  -------------------  ----------------------
/opt/airflow/dags/ml_02_weather_pipeline.py                            1           0  0.84s           2026-09-01T08:08:03                      10
/opt/airflow/dags/ml_01_iris_pipeline-3.py                             1           0  0.36s           2026-09-01T08:07:58                      10
/opt/airflow/dags/01_hello_dag.py                                      1           0  0.36s           2026-09-01T08:07:58                      10
/opt/airflow/dags/02_xcom_dag.py                                       1           0  0.34s           2026-09-01T08:08:00                      10
/opt/airflow/dags/04_parallel_weather.py                               1           0  0.34s           2026-09-01T08:07:59                      10
/opt/airflow/dags/05_etl_weather_postgres.py                           1           0  0.34s           2026-09-01T08:07:59                      10
/opt/airflow/dags/03_branching_dag.py                                  1           0  0.34s           2026-09-01T08:08:00                      10
================================================================================
[2026-09-01T08:08:56.402+0000] {manager.py:997} INFO - 
================================================================================
DAG File Processing Stats

File Path                                     PID    Runtime      # DAGs    # Errors  Last Runtime    Last Run               Last # of DB Queries
--------------------------------------------  -----  ---------  --------  ----------  --------------  -------------------  ----------------------
/opt/airflow/dags/ml_02_weather_pipeline.py                            1           0  1.04s           2026-09-01T08:08:35                      10
/opt/airflow/dags/04_parallel_weather.py                               1           0  0.32s           2026-09-01T08:08:30                      10
/opt/airflow/dags/03_branching_dag.py                                  1           0  0.31s           2026-09-01T08:08:30                      10
/opt/airflow/dags/05_etl_weather_postgres.py                           1           0  0.28s           2026-09-01T08:08:30                      10
/opt/airflow/dags/ml_01_iris_pipeline-3.py                             1           0  0.28s           2026-09-01T08:08:29                      10
/opt/airflow/dags/01_hello_dag.py                                      1           0  0.28s           2026-09-01T08:08:29                      10
/opt/airflow/dags/02_xcom_dag.py                                       1           0  0.15s           2026-09-01T08:08:30                      10
================================================================================
[2026-09-01T08:09:13.974+0000] {manager.py:465} INFO - Exiting gracefully upon receiving signal 15
