[2026-08-31T07:56:11.571+0000] {processor.py:186} INFO - Started process (PID=100) to work on /opt/airflow/dags/04_parallel_weather.py
[2026-08-31T07:56:11.574+0000] {processor.py:914} INFO - Processing file /opt/airflow/dags/04_parallel_weather.py for tasks to queue
[2026-08-31T07:56:11.579+0000] {logging_mixin.py:190} INFO - [2026-08-31T07:56:11.579+0000] {dagbag.py:588} INFO - Filling up the DagBag from /opt/airflow/dags/04_parallel_weather.py
[2026-08-31T07:56:11.643+0000] {processor.py:925} INFO - DAG(s) 'parallel_weather_dag' retrieved from /opt/airflow/dags/04_parallel_weather.py
[2026-08-31T07:56:11.759+0000] {logging_mixin.py:190} INFO - [2026-08-31T07:56:11.759+0000] {dag.py:3239} INFO - Sync 1 DAGs
[2026-08-31T07:56:11.806+0000] {logging_mixin.py:190} INFO - [2026-08-31T07:56:11.805+0000] {dag.py:4180} INFO - Setting next_dagrun for parallel_weather_dag to None, run_after=None
[2026-08-31T07:56:11.851+0000] {processor.py:208} INFO - Processing /opt/airflow/dags/04_parallel_weather.py took 0.294 seconds
[2026-08-31T07:56:41.990+0000] {processor.py:186} INFO - Started process (PID=112) to work on /opt/airflow/dags/04_parallel_weather.py
[2026-08-31T07:56:41.991+0000] {processor.py:914} INFO - Processing file /opt/airflow/dags/04_parallel_weather.py for tasks to queue
[2026-08-31T07:56:41.994+0000] {logging_mixin.py:190} INFO - [2026-08-31T07:56:41.993+0000] {dagbag.py:588} INFO - Filling up the DagBag from /opt/airflow/dags/04_parallel_weather.py
[2026-08-31T07:56:42.019+0000] {processor.py:925} INFO - DAG(s) 'parallel_weather_dag' retrieved from /opt/airflow/dags/04_parallel_weather.py
[2026-08-31T07:56:42.044+0000] {logging_mixin.py:190} INFO - [2026-08-31T07:56:42.044+0000] {dag.py:3239} INFO - Sync 1 DAGs
[2026-08-31T07:56:42.054+0000] {logging_mixin.py:190} INFO - [2026-08-31T07:56:42.054+0000] {dag.py:4180} INFO - Setting next_dagrun for parallel_weather_dag to None, run_after=None
[2026-08-31T07:56:42.160+0000] {processor.py:208} INFO - Processing /opt/airflow/dags/04_parallel_weather.py took 0.177 seconds
[2026-08-31T07:57:13.067+0000] {processor.py:186} INFO - Started process (PID=126) to work on /opt/airflow/dags/04_parallel_weather.py
[2026-08-31T07:57:13.069+0000] {processor.py:914} INFO - Processing file /opt/airflow/dags/04_parallel_weather.py for tasks to queue
[2026-08-31T07:57:13.073+0000] {logging_mixin.py:190} INFO - [2026-08-31T07:57:13.073+0000] {dagbag.py:588} INFO - Filling up the DagBag from /opt/airflow/dags/04_parallel_weather.py
[2026-08-31T07:57:13.149+0000] {processor.py:925} INFO - DAG(s) 'parallel_weather_dag' retrieved from /opt/airflow/dags/04_parallel_weather.py
[2026-08-31T07:57:13.172+0000] {logging_mixin.py:190} INFO - [2026-08-31T07:57:13.172+0000] {dag.py:3239} INFO - Sync 1 DAGs
[2026-08-31T07:57:13.183+0000] {logging_mixin.py:190} INFO - [2026-08-31T07:57:13.183+0000] {dag.py:4180} INFO - Setting next_dagrun for parallel_weather_dag to None, run_after=None
[2026-08-31T07:57:13.203+0000] {processor.py:208} INFO - Processing /opt/airflow/dags/04_parallel_weather.py took 0.140 seconds
[2026-08-31T07:57:43.605+0000] {processor.py:186} INFO - Started process (PID=140) to work on /opt/airflow/dags/04_parallel_weather.py
[2026-08-31T07:57:43.606+0000] {processor.py:914} INFO - Processing file /opt/airflow/dags/04_parallel_weather.py for tasks to queue
[2026-08-31T07:57:43.608+0000] {logging_mixin.py:190} INFO - [2026-08-31T07:57:43.608+0000] {dagbag.py:588} INFO - Filling up the DagBag from /opt/airflow/dags/04_parallel_weather.py
[2026-08-31T07:57:43.625+0000] {processor.py:925} INFO - DAG(s) 'parallel_weather_dag' retrieved from /opt/airflow/dags/04_parallel_weather.py
[2026-08-31T07:57:43.649+0000] {logging_mixin.py:190} INFO - [2026-08-31T07:57:43.649+0000] {dag.py:3239} INFO - Sync 1 DAGs
[2026-08-31T07:57:43.660+0000] {logging_mixin.py:190} INFO - [2026-08-31T07:57:43.660+0000] {dag.py:4180} INFO - Setting next_dagrun for parallel_weather_dag to None, run_after=None
[2026-08-31T07:57:43.679+0000] {processor.py:208} INFO - Processing /opt/airflow/dags/04_parallel_weather.py took 0.078 seconds
[2026-08-31T07:58:14.215+0000] {processor.py:186} INFO - Started process (PID=154) to work on /opt/airflow/dags/04_parallel_weather.py
[2026-08-31T07:58:14.218+0000] {processor.py:914} INFO - Processing file /opt/airflow/dags/04_parallel_weather.py for tasks to queue
[2026-08-31T07:58:14.223+0000] {logging_mixin.py:190} INFO - [2026-08-31T07:58:14.222+0000] {dagbag.py:588} INFO - Filling up the DagBag from /opt/airflow/dags/04_parallel_weather.py
[2026-08-31T07:58:14.255+0000] {processor.py:925} INFO - DAG(s) 'parallel_weather_dag' retrieved from /opt/airflow/dags/04_parallel_weather.py
[2026-08-31T07:58:14.292+0000] {logging_mixin.py:190} INFO - [2026-08-31T07:58:14.292+0000] {dag.py:3239} INFO - Sync 1 DAGs
[2026-08-31T07:58:14.309+0000] {logging_mixin.py:190} INFO - [2026-08-31T07:58:14.309+0000] {dag.py:4180} INFO - Setting next_dagrun for parallel_weather_dag to None, run_after=None
[2026-08-31T07:58:14.336+0000] {processor.py:208} INFO - Processing /opt/airflow/dags/04_parallel_weather.py took 0.138 seconds
[2026-08-31T07:58:44.479+0000] {processor.py:186} INFO - Started process (PID=168) to work on /opt/airflow/dags/04_parallel_weather.py
[2026-08-31T07:58:44.482+0000] {processor.py:914} INFO - Processing file /opt/airflow/dags/04_parallel_weather.py for tasks to queue
[2026-08-31T07:58:44.488+0000] {logging_mixin.py:190} INFO - [2026-08-31T07:58:44.487+0000] {dagbag.py:588} INFO - Filling up the DagBag from /opt/airflow/dags/04_parallel_weather.py
[2026-08-31T07:58:44.530+0000] {processor.py:925} INFO - DAG(s) 'parallel_weather_dag' retrieved from /opt/airflow/dags/04_parallel_weather.py
[2026-08-31T07:58:44.737+0000] {logging_mixin.py:190} INFO - [2026-08-31T07:58:44.736+0000] {dag.py:3239} INFO - Sync 1 DAGs
[2026-08-31T07:58:44.770+0000] {logging_mixin.py:190} INFO - [2026-08-31T07:58:44.770+0000] {dag.py:4180} INFO - Setting next_dagrun for parallel_weather_dag to None, run_after=None
[2026-08-31T07:58:44.846+0000] {processor.py:208} INFO - Processing /opt/airflow/dags/04_parallel_weather.py took 0.383 seconds
[2026-08-31T07:59:15.807+0000] {processor.py:186} INFO - Started process (PID=182) to work on /opt/airflow/dags/04_parallel_weather.py
[2026-08-31T07:59:15.808+0000] {processor.py:914} INFO - Processing file /opt/airflow/dags/04_parallel_weather.py for tasks to queue
[2026-08-31T07:59:15.812+0000] {logging_mixin.py:190} INFO - [2026-08-31T07:59:15.812+0000] {dagbag.py:588} INFO - Filling up the DagBag from /opt/airflow/dags/04_parallel_weather.py
[2026-08-31T07:59:15.833+0000] {processor.py:925} INFO - DAG(s) 'parallel_weather_dag' retrieved from /opt/airflow/dags/04_parallel_weather.py
[2026-08-31T07:59:15.854+0000] {logging_mixin.py:190} INFO - [2026-08-31T07:59:15.854+0000] {dag.py:3239} INFO - Sync 1 DAGs
[2026-08-31T07:59:15.864+0000] {logging_mixin.py:190} INFO - [2026-08-31T07:59:15.864+0000] {dag.py:4180} INFO - Setting next_dagrun for parallel_weather_dag to None, run_after=None
[2026-08-31T07:59:15.883+0000] {processor.py:208} INFO - Processing /opt/airflow/dags/04_parallel_weather.py took 0.081 seconds
[2026-08-31T07:59:45.979+0000] {processor.py:186} INFO - Started process (PID=196) to work on /opt/airflow/dags/04_parallel_weather.py
[2026-08-31T07:59:45.982+0000] {processor.py:914} INFO - Processing file /opt/airflow/dags/04_parallel_weather.py for tasks to queue
[2026-08-31T07:59:45.985+0000] {logging_mixin.py:190} INFO - [2026-08-31T07:59:45.985+0000] {dagbag.py:588} INFO - Filling up the DagBag from /opt/airflow/dags/04_parallel_weather.py
[2026-08-31T07:59:46.013+0000] {processor.py:925} INFO - DAG(s) 'parallel_weather_dag' retrieved from /opt/airflow/dags/04_parallel_weather.py
[2026-08-31T07:59:46.043+0000] {logging_mixin.py:190} INFO - [2026-08-31T07:59:46.042+0000] {dag.py:3239} INFO - Sync 1 DAGs
[2026-08-31T07:59:46.055+0000] {logging_mixin.py:190} INFO - [2026-08-31T07:59:46.055+0000] {dag.py:4180} INFO - Setting next_dagrun for parallel_weather_dag to None, run_after=None
[2026-08-31T07:59:46.074+0000] {processor.py:208} INFO - Processing /opt/airflow/dags/04_parallel_weather.py took 0.102 seconds
[2026-08-31T08:00:16.232+0000] {processor.py:186} INFO - Started process (PID=210) to work on /opt/airflow/dags/04_parallel_weather.py
[2026-08-31T08:00:16.233+0000] {processor.py:914} INFO - Processing file /opt/airflow/dags/04_parallel_weather.py for tasks to queue
[2026-08-31T08:00:16.236+0000] {logging_mixin.py:190} INFO - [2026-08-31T08:00:16.236+0000] {dagbag.py:588} INFO - Filling up the DagBag from /opt/airflow/dags/04_parallel_weather.py
[2026-08-31T08:00:16.269+0000] {processor.py:925} INFO - DAG(s) 'parallel_weather_dag' retrieved from /opt/airflow/dags/04_parallel_weather.py
[2026-08-31T08:00:16.294+0000] {logging_mixin.py:190} INFO - [2026-08-31T08:00:16.293+0000] {dag.py:3239} INFO - Sync 1 DAGs
[2026-08-31T08:00:16.306+0000] {logging_mixin.py:190} INFO - [2026-08-31T08:00:16.306+0000] {dag.py:4180} INFO - Setting next_dagrun for parallel_weather_dag to None, run_after=None
[2026-08-31T08:00:16.323+0000] {processor.py:208} INFO - Processing /opt/airflow/dags/04_parallel_weather.py took 0.105 seconds
[2026-08-31T08:00:46.672+0000] {processor.py:186} INFO - Started process (PID=224) to work on /opt/airflow/dags/04_parallel_weather.py
[2026-08-31T08:00:46.676+0000] {processor.py:914} INFO - Processing file /opt/airflow/dags/04_parallel_weather.py for tasks to queue
[2026-08-31T08:00:46.682+0000] {logging_mixin.py:190} INFO - [2026-08-31T08:00:46.682+0000] {dagbag.py:588} INFO - Filling up the DagBag from /opt/airflow/dags/04_parallel_weather.py
[2026-08-31T08:00:46.729+0000] {processor.py:925} INFO - DAG(s) 'parallel_weather_dag' retrieved from /opt/airflow/dags/04_parallel_weather.py
[2026-08-31T08:00:46.769+0000] {logging_mixin.py:190} INFO - [2026-08-31T08:00:46.769+0000] {dag.py:3239} INFO - Sync 1 DAGs
[2026-08-31T08:00:46.783+0000] {logging_mixin.py:190} INFO - [2026-08-31T08:00:46.783+0000] {dag.py:4180} INFO - Setting next_dagrun for parallel_weather_dag to None, run_after=None
[2026-08-31T08:00:46.833+0000] {processor.py:208} INFO - Processing /opt/airflow/dags/04_parallel_weather.py took 0.175 seconds
[2026-08-31T08:01:17.075+0000] {processor.py:186} INFO - Started process (PID=238) to work on /opt/airflow/dags/04_parallel_weather.py
[2026-08-31T08:01:17.076+0000] {processor.py:914} INFO - Processing file /opt/airflow/dags/04_parallel_weather.py for tasks to queue
[2026-08-31T08:01:17.079+0000] {logging_mixin.py:190} INFO - [2026-08-31T08:01:17.079+0000] {dagbag.py:588} INFO - Filling up the DagBag from /opt/airflow/dags/04_parallel_weather.py
[2026-08-31T08:01:17.105+0000] {processor.py:925} INFO - DAG(s) 'parallel_weather_dag' retrieved from /opt/airflow/dags/04_parallel_weather.py
[2026-08-31T08:01:17.131+0000] {logging_mixin.py:190} INFO - [2026-08-31T08:01:17.131+0000] {dag.py:3239} INFO - Sync 1 DAGs
[2026-08-31T08:01:17.143+0000] {logging_mixin.py:190} INFO - [2026-08-31T08:01:17.143+0000] {dag.py:4180} INFO - Setting next_dagrun for parallel_weather_dag to None, run_after=None
[2026-08-31T08:01:17.164+0000] {processor.py:208} INFO - Processing /opt/airflow/dags/04_parallel_weather.py took 0.095 seconds
[2026-08-31T08:01:47.327+0000] {processor.py:186} INFO - Started process (PID=252) to work on /opt/airflow/dags/04_parallel_weather.py
[2026-08-31T08:01:47.329+0000] {processor.py:914} INFO - Processing file /opt/airflow/dags/04_parallel_weather.py for tasks to queue
[2026-08-31T08:01:47.332+0000] {logging_mixin.py:190} INFO - [2026-08-31T08:01:47.332+0000] {dagbag.py:588} INFO - Filling up the DagBag from /opt/airflow/dags/04_parallel_weather.py
[2026-08-31T08:01:47.362+0000] {processor.py:925} INFO - DAG(s) 'parallel_weather_dag' retrieved from /opt/airflow/dags/04_parallel_weather.py
[2026-08-31T08:01:47.387+0000] {logging_mixin.py:190} INFO - [2026-08-31T08:01:47.387+0000] {dag.py:3239} INFO - Sync 1 DAGs
[2026-08-31T08:01:47.399+0000] {logging_mixin.py:190} INFO - [2026-08-31T08:01:47.399+0000] {dag.py:4180} INFO - Setting next_dagrun for parallel_weather_dag to None, run_after=None
[2026-08-31T08:01:47.425+0000] {processor.py:208} INFO - Processing /opt/airflow/dags/04_parallel_weather.py took 0.104 seconds
[2026-08-31T08:02:17.534+0000] {processor.py:186} INFO - Started process (PID=266) to work on /opt/airflow/dags/04_parallel_weather.py
[2026-08-31T08:02:17.535+0000] {processor.py:914} INFO - Processing file /opt/airflow/dags/04_parallel_weather.py for tasks to queue
[2026-08-31T08:02:17.537+0000] {logging_mixin.py:190} INFO - [2026-08-31T08:02:17.537+0000] {dagbag.py:588} INFO - Filling up the DagBag from /opt/airflow/dags/04_parallel_weather.py
[2026-08-31T08:02:17.552+0000] {processor.py:925} INFO - DAG(s) 'parallel_weather_dag' retrieved from /opt/airflow/dags/04_parallel_weather.py
[2026-08-31T08:02:17.575+0000] {logging_mixin.py:190} INFO - [2026-08-31T08:02:17.575+0000] {dag.py:3239} INFO - Sync 1 DAGs
[2026-08-31T08:02:17.587+0000] {logging_mixin.py:190} INFO - [2026-08-31T08:02:17.587+0000] {dag.py:4180} INFO - Setting next_dagrun for parallel_weather_dag to None, run_after=None
[2026-08-31T08:02:17.609+0000] {processor.py:208} INFO - Processing /opt/airflow/dags/04_parallel_weather.py took 0.080 seconds
[2026-08-31T08:02:48.268+0000] {processor.py:186} INFO - Started process (PID=280) to work on /opt/airflow/dags/04_parallel_weather.py
[2026-08-31T08:02:48.269+0000] {processor.py:914} INFO - Processing file /opt/airflow/dags/04_parallel_weather.py for tasks to queue
[2026-08-31T08:02:48.271+0000] {logging_mixin.py:190} INFO - [2026-08-31T08:02:48.271+0000] {dagbag.py:588} INFO - Filling up the DagBag from /opt/airflow/dags/04_parallel_weather.py
[2026-08-31T08:02:48.284+0000] {processor.py:925} INFO - DAG(s) 'parallel_weather_dag' retrieved from /opt/airflow/dags/04_parallel_weather.py
[2026-08-31T08:02:48.308+0000] {logging_mixin.py:190} INFO - [2026-08-31T08:02:48.307+0000] {dag.py:3239} INFO - Sync 1 DAGs
[2026-08-31T08:02:48.319+0000] {logging_mixin.py:190} INFO - [2026-08-31T08:02:48.319+0000] {dag.py:4180} INFO - Setting next_dagrun for parallel_weather_dag to None, run_after=None
[2026-08-31T08:02:48.338+0000] {processor.py:208} INFO - Processing /opt/airflow/dags/04_parallel_weather.py took 0.075 seconds
[2026-08-31T08:03:18.558+0000] {processor.py:186} INFO - Started process (PID=294) to work on /opt/airflow/dags/04_parallel_weather.py
[2026-08-31T08:03:18.559+0000] {processor.py:914} INFO - Processing file /opt/airflow/dags/04_parallel_weather.py for tasks to queue
[2026-08-31T08:03:18.561+0000] {logging_mixin.py:190} INFO - [2026-08-31T08:03:18.561+0000] {dagbag.py:588} INFO - Filling up the DagBag from /opt/airflow/dags/04_parallel_weather.py
[2026-08-31T08:03:18.579+0000] {processor.py:925} INFO - DAG(s) 'parallel_weather_dag' retrieved from /opt/airflow/dags/04_parallel_weather.py
[2026-08-31T08:03:18.602+0000] {logging_mixin.py:190} INFO - [2026-08-31T08:03:18.602+0000] {dag.py:3239} INFO - Sync 1 DAGs
[2026-08-31T08:03:18.614+0000] {logging_mixin.py:190} INFO - [2026-08-31T08:03:18.614+0000] {dag.py:4180} INFO - Setting next_dagrun for parallel_weather_dag to None, run_after=None
[2026-08-31T08:03:18.642+0000] {processor.py:208} INFO - Processing /opt/airflow/dags/04_parallel_weather.py took 0.088 seconds
[2026-08-31T08:03:48.718+0000] {processor.py:186} INFO - Started process (PID=308) to work on /opt/airflow/dags/04_parallel_weather.py
[2026-08-31T08:03:48.719+0000] {processor.py:914} INFO - Processing file /opt/airflow/dags/04_parallel_weather.py for tasks to queue
[2026-08-31T08:03:48.725+0000] {logging_mixin.py:190} INFO - [2026-08-31T08:03:48.723+0000] {dagbag.py:588} INFO - Filling up the DagBag from /opt/airflow/dags/04_parallel_weather.py
[2026-08-31T08:03:48.750+0000] {processor.py:925} INFO - DAG(s) 'parallel_weather_dag' retrieved from /opt/airflow/dags/04_parallel_weather.py
[2026-08-31T08:03:48.780+0000] {logging_mixin.py:190} INFO - [2026-08-31T08:03:48.780+0000] {dag.py:3239} INFO - Sync 1 DAGs
[2026-08-31T08:03:48.792+0000] {logging_mixin.py:190} INFO - [2026-08-31T08:03:48.792+0000] {dag.py:4180} INFO - Setting next_dagrun for parallel_weather_dag to None, run_after=None
[2026-08-31T08:03:48.818+0000] {processor.py:208} INFO - Processing /opt/airflow/dags/04_parallel_weather.py took 0.105 seconds
[2026-08-31T08:04:18.985+0000] {processor.py:186} INFO - Started process (PID=322) to work on /opt/airflow/dags/04_parallel_weather.py
[2026-08-31T08:04:18.987+0000] {processor.py:914} INFO - Processing file /opt/airflow/dags/04_parallel_weather.py for tasks to queue
[2026-08-31T08:04:18.989+0000] {logging_mixin.py:190} INFO - [2026-08-31T08:04:18.989+0000] {dagbag.py:588} INFO - Filling up the DagBag from /opt/airflow/dags/04_parallel_weather.py
[2026-08-31T08:04:19.015+0000] {processor.py:925} INFO - DAG(s) 'parallel_weather_dag' retrieved from /opt/airflow/dags/04_parallel_weather.py
[2026-08-31T08:04:19.042+0000] {logging_mixin.py:190} INFO - [2026-08-31T08:04:19.042+0000] {dag.py:3239} INFO - Sync 1 DAGs
[2026-08-31T08:04:19.055+0000] {logging_mixin.py:190} INFO - [2026-08-31T08:04:19.054+0000] {dag.py:4180} INFO - Setting next_dagrun for parallel_weather_dag to None, run_after=None
[2026-08-31T08:04:19.076+0000] {processor.py:208} INFO - Processing /opt/airflow/dags/04_parallel_weather.py took 0.097 seconds
[2026-08-31T08:04:49.289+0000] {processor.py:186} INFO - Started process (PID=336) to work on /opt/airflow/dags/04_parallel_weather.py
[2026-08-31T08:04:49.290+0000] {processor.py:914} INFO - Processing file /opt/airflow/dags/04_parallel_weather.py for tasks to queue
[2026-08-31T08:04:49.292+0000] {logging_mixin.py:190} INFO - [2026-08-31T08:04:49.292+0000] {dagbag.py:588} INFO - Filling up the DagBag from /opt/airflow/dags/04_parallel_weather.py
[2026-08-31T08:04:49.313+0000] {processor.py:925} INFO - DAG(s) 'parallel_weather_dag' retrieved from /opt/airflow/dags/04_parallel_weather.py
[2026-08-31T08:04:49.340+0000] {logging_mixin.py:190} INFO - [2026-08-31T08:04:49.340+0000] {dag.py:3239} INFO - Sync 1 DAGs
[2026-08-31T08:04:49.352+0000] {logging_mixin.py:190} INFO - [2026-08-31T08:04:49.352+0000] {dag.py:4180} INFO - Setting next_dagrun for parallel_weather_dag to None, run_after=None
[2026-08-31T08:04:49.371+0000] {processor.py:208} INFO - Processing /opt/airflow/dags/04_parallel_weather.py took 0.087 seconds
[2026-08-31T08:05:19.753+0000] {processor.py:186} INFO - Started process (PID=350) to work on /opt/airflow/dags/04_parallel_weather.py
[2026-08-31T08:05:19.754+0000] {processor.py:914} INFO - Processing file /opt/airflow/dags/04_parallel_weather.py for tasks to queue
[2026-08-31T08:05:19.756+0000] {logging_mixin.py:190} INFO - [2026-08-31T08:05:19.756+0000] {dagbag.py:588} INFO - Filling up the DagBag from /opt/airflow/dags/04_parallel_weather.py
[2026-08-31T08:05:19.789+0000] {processor.py:925} INFO - DAG(s) 'parallel_weather_dag' retrieved from /opt/airflow/dags/04_parallel_weather.py
[2026-08-31T08:05:19.816+0000] {logging_mixin.py:190} INFO - [2026-08-31T08:05:19.816+0000] {dag.py:3239} INFO - Sync 1 DAGs
[2026-08-31T08:05:19.828+0000] {logging_mixin.py:190} INFO - [2026-08-31T08:05:19.828+0000] {dag.py:4180} INFO - Setting next_dagrun for parallel_weather_dag to None, run_after=None
[2026-08-31T08:05:19.846+0000] {processor.py:208} INFO - Processing /opt/airflow/dags/04_parallel_weather.py took 0.097 seconds
[2026-08-31T08:05:50.597+0000] {processor.py:186} INFO - Started process (PID=364) to work on /opt/airflow/dags/04_parallel_weather.py
[2026-08-31T08:05:50.599+0000] {processor.py:914} INFO - Processing file /opt/airflow/dags/04_parallel_weather.py for tasks to queue
[2026-08-31T08:05:50.601+0000] {logging_mixin.py:190} INFO - [2026-08-31T08:05:50.600+0000] {dagbag.py:588} INFO - Filling up the DagBag from /opt/airflow/dags/04_parallel_weather.py
[2026-08-31T08:05:50.638+0000] {processor.py:925} INFO - DAG(s) 'parallel_weather_dag' retrieved from /opt/airflow/dags/04_parallel_weather.py
[2026-08-31T08:05:50.687+0000] {logging_mixin.py:190} INFO - [2026-08-31T08:05:50.687+0000] {dag.py:3239} INFO - Sync 1 DAGs
[2026-08-31T08:05:50.705+0000] {logging_mixin.py:190} INFO - [2026-08-31T08:05:50.705+0000] {dag.py:4180} INFO - Setting next_dagrun for parallel_weather_dag to None, run_after=None
[2026-08-31T08:05:50.723+0000] {processor.py:208} INFO - Processing /opt/airflow/dags/04_parallel_weather.py took 0.130 seconds
[2026-08-31T08:06:20.872+0000] {processor.py:186} INFO - Started process (PID=379) to work on /opt/airflow/dags/04_parallel_weather.py
[2026-08-31T08:06:20.873+0000] {processor.py:914} INFO - Processing file /opt/airflow/dags/04_parallel_weather.py for tasks to queue
[2026-08-31T08:06:20.876+0000] {logging_mixin.py:190} INFO - [2026-08-31T08:06:20.876+0000] {dagbag.py:588} INFO - Filling up the DagBag from /opt/airflow/dags/04_parallel_weather.py
[2026-08-31T08:06:20.904+0000] {processor.py:925} INFO - DAG(s) 'parallel_weather_dag' retrieved from /opt/airflow/dags/04_parallel_weather.py
[2026-08-31T08:06:20.939+0000] {logging_mixin.py:190} INFO - [2026-08-31T08:06:20.938+0000] {dag.py:3239} INFO - Sync 1 DAGs
[2026-08-31T08:06:20.952+0000] {logging_mixin.py:190} INFO - [2026-08-31T08:06:20.951+0000] {dag.py:4180} INFO - Setting next_dagrun for parallel_weather_dag to None, run_after=None
[2026-08-31T08:06:20.971+0000] {processor.py:208} INFO - Processing /opt/airflow/dags/04_parallel_weather.py took 0.104 seconds
[2026-08-31T08:06:51.122+0000] {processor.py:186} INFO - Started process (PID=393) to work on /opt/airflow/dags/04_parallel_weather.py
[2026-08-31T08:06:51.124+0000] {processor.py:914} INFO - Processing file /opt/airflow/dags/04_parallel_weather.py for tasks to queue
[2026-08-31T08:06:51.126+0000] {logging_mixin.py:190} INFO - [2026-08-31T08:06:51.126+0000] {dagbag.py:588} INFO - Filling up the DagBag from /opt/airflow/dags/04_parallel_weather.py
[2026-08-31T08:06:51.148+0000] {processor.py:925} INFO - DAG(s) 'parallel_weather_dag' retrieved from /opt/airflow/dags/04_parallel_weather.py
[2026-08-31T08:06:51.173+0000] {logging_mixin.py:190} INFO - [2026-08-31T08:06:51.173+0000] {dag.py:3239} INFO - Sync 1 DAGs
[2026-08-31T08:06:51.185+0000] {logging_mixin.py:190} INFO - [2026-08-31T08:06:51.185+0000] {dag.py:4180} INFO - Setting next_dagrun for parallel_weather_dag to None, run_after=None
[2026-08-31T08:06:51.204+0000] {processor.py:208} INFO - Processing /opt/airflow/dags/04_parallel_weather.py took 0.088 seconds
[2026-08-31T08:07:21.408+0000] {processor.py:186} INFO - Started process (PID=407) to work on /opt/airflow/dags/04_parallel_weather.py
[2026-08-31T08:07:21.409+0000] {processor.py:914} INFO - Processing file /opt/airflow/dags/04_parallel_weather.py for tasks to queue
[2026-08-31T08:07:21.411+0000] {logging_mixin.py:190} INFO - [2026-08-31T08:07:21.411+0000] {dagbag.py:588} INFO - Filling up the DagBag from /opt/airflow/dags/04_parallel_weather.py
[2026-08-31T08:07:21.431+0000] {processor.py:925} INFO - DAG(s) 'parallel_weather_dag' retrieved from /opt/airflow/dags/04_parallel_weather.py
[2026-08-31T08:07:21.456+0000] {logging_mixin.py:190} INFO - [2026-08-31T08:07:21.456+0000] {dag.py:3239} INFO - Sync 1 DAGs
[2026-08-31T08:07:21.468+0000] {logging_mixin.py:190} INFO - [2026-08-31T08:07:21.468+0000] {dag.py:4180} INFO - Setting next_dagrun for parallel_weather_dag to None, run_after=None
[2026-08-31T08:07:21.484+0000] {processor.py:208} INFO - Processing /opt/airflow/dags/04_parallel_weather.py took 0.082 seconds
[2026-08-31T08:07:51.698+0000] {processor.py:186} INFO - Started process (PID=421) to work on /opt/airflow/dags/04_parallel_weather.py
[2026-08-31T08:07:51.699+0000] {processor.py:914} INFO - Processing file /opt/airflow/dags/04_parallel_weather.py for tasks to queue
[2026-08-31T08:07:51.702+0000] {logging_mixin.py:190} INFO - [2026-08-31T08:07:51.701+0000] {dagbag.py:588} INFO - Filling up the DagBag from /opt/airflow/dags/04_parallel_weather.py
[2026-08-31T08:07:51.731+0000] {processor.py:925} INFO - DAG(s) 'parallel_weather_dag' retrieved from /opt/airflow/dags/04_parallel_weather.py
[2026-08-31T08:07:51.763+0000] {logging_mixin.py:190} INFO - [2026-08-31T08:07:51.762+0000] {dag.py:3239} INFO - Sync 1 DAGs
[2026-08-31T08:07:51.780+0000] {logging_mixin.py:190} INFO - [2026-08-31T08:07:51.780+0000] {dag.py:4180} INFO - Setting next_dagrun for parallel_weather_dag to None, run_after=None
[2026-08-31T08:07:51.809+0000] {processor.py:208} INFO - Processing /opt/airflow/dags/04_parallel_weather.py took 0.118 seconds
[2026-08-31T08:08:21.965+0000] {processor.py:186} INFO - Started process (PID=435) to work on /opt/airflow/dags/04_parallel_weather.py
[2026-08-31T08:08:21.967+0000] {processor.py:914} INFO - Processing file /opt/airflow/dags/04_parallel_weather.py for tasks to queue
[2026-08-31T08:08:21.971+0000] {logging_mixin.py:190} INFO - [2026-08-31T08:08:21.970+0000] {dagbag.py:588} INFO - Filling up the DagBag from /opt/airflow/dags/04_parallel_weather.py
[2026-08-31T08:08:21.999+0000] {processor.py:925} INFO - DAG(s) 'parallel_weather_dag' retrieved from /opt/airflow/dags/04_parallel_weather.py
[2026-08-31T08:08:22.032+0000] {logging_mixin.py:190} INFO - [2026-08-31T08:08:22.032+0000] {dag.py:3239} INFO - Sync 1 DAGs
[2026-08-31T08:08:22.049+0000] {logging_mixin.py:190} INFO - [2026-08-31T08:08:22.048+0000] {dag.py:4180} INFO - Setting next_dagrun for parallel_weather_dag to None, run_after=None
[2026-08-31T08:08:22.071+0000] {processor.py:208} INFO - Processing /opt/airflow/dags/04_parallel_weather.py took 0.113 seconds
[2026-08-31T08:08:52.306+0000] {processor.py:186} INFO - Started process (PID=449) to work on /opt/airflow/dags/04_parallel_weather.py
[2026-08-31T08:08:52.308+0000] {processor.py:914} INFO - Processing file /opt/airflow/dags/04_parallel_weather.py for tasks to queue
[2026-08-31T08:08:52.312+0000] {logging_mixin.py:190} INFO - [2026-08-31T08:08:52.311+0000] {dagbag.py:588} INFO - Filling up the DagBag from /opt/airflow/dags/04_parallel_weather.py
[2026-08-31T08:08:52.354+0000] {processor.py:925} INFO - DAG(s) 'parallel_weather_dag' retrieved from /opt/airflow/dags/04_parallel_weather.py
[2026-08-31T08:08:52.386+0000] {logging_mixin.py:190} INFO - [2026-08-31T08:08:52.386+0000] {dag.py:3239} INFO - Sync 1 DAGs
[2026-08-31T08:08:52.398+0000] {logging_mixin.py:190} INFO - [2026-08-31T08:08:52.398+0000] {dag.py:4180} INFO - Setting next_dagrun for parallel_weather_dag to None, run_after=None
[2026-08-31T08:08:52.420+0000] {processor.py:208} INFO - Processing /opt/airflow/dags/04_parallel_weather.py took 0.126 seconds
[2026-08-31T08:09:22.508+0000] {processor.py:186} INFO - Started process (PID=463) to work on /opt/airflow/dags/04_parallel_weather.py
[2026-08-31T08:09:22.509+0000] {processor.py:914} INFO - Processing file /opt/airflow/dags/04_parallel_weather.py for tasks to queue
[2026-08-31T08:09:22.511+0000] {logging_mixin.py:190} INFO - [2026-08-31T08:09:22.511+0000] {dagbag.py:588} INFO - Filling up the DagBag from /opt/airflow/dags/04_parallel_weather.py
[2026-08-31T08:09:22.525+0000] {processor.py:925} INFO - DAG(s) 'parallel_weather_dag' retrieved from /opt/airflow/dags/04_parallel_weather.py
[2026-08-31T08:09:22.548+0000] {logging_mixin.py:190} INFO - [2026-08-31T08:09:22.547+0000] {dag.py:3239} INFO - Sync 1 DAGs
[2026-08-31T08:09:22.560+0000] {logging_mixin.py:190} INFO - [2026-08-31T08:09:22.560+0000] {dag.py:4180} INFO - Setting next_dagrun for parallel_weather_dag to None, run_after=None
[2026-08-31T08:09:22.574+0000] {processor.py:208} INFO - Processing /opt/airflow/dags/04_parallel_weather.py took 0.070 seconds
[2026-08-31T08:09:52.730+0000] {processor.py:186} INFO - Started process (PID=477) to work on /opt/airflow/dags/04_parallel_weather.py
[2026-08-31T08:09:52.731+0000] {processor.py:914} INFO - Processing file /opt/airflow/dags/04_parallel_weather.py for tasks to queue
[2026-08-31T08:09:52.733+0000] {logging_mixin.py:190} INFO - [2026-08-31T08:09:52.733+0000] {dagbag.py:588} INFO - Filling up the DagBag from /opt/airflow/dags/04_parallel_weather.py
[2026-08-31T08:09:52.751+0000] {processor.py:925} INFO - DAG(s) 'parallel_weather_dag' retrieved from /opt/airflow/dags/04_parallel_weather.py
[2026-08-31T08:09:52.776+0000] {logging_mixin.py:190} INFO - [2026-08-31T08:09:52.776+0000] {dag.py:3239} INFO - Sync 1 DAGs
[2026-08-31T08:09:52.788+0000] {logging_mixin.py:190} INFO - [2026-08-31T08:09:52.788+0000] {dag.py:4180} INFO - Setting next_dagrun for parallel_weather_dag to None, run_after=None
[2026-08-31T08:09:52.802+0000] {processor.py:208} INFO - Processing /opt/airflow/dags/04_parallel_weather.py took 0.077 seconds
[2026-08-31T08:10:23.527+0000] {processor.py:186} INFO - Started process (PID=491) to work on /opt/airflow/dags/04_parallel_weather.py
[2026-08-31T08:10:23.528+0000] {processor.py:914} INFO - Processing file /opt/airflow/dags/04_parallel_weather.py for tasks to queue
[2026-08-31T08:10:23.530+0000] {logging_mixin.py:190} INFO - [2026-08-31T08:10:23.530+0000] {dagbag.py:588} INFO - Filling up the DagBag from /opt/airflow/dags/04_parallel_weather.py
[2026-08-31T08:10:23.544+0000] {processor.py:925} INFO - DAG(s) 'parallel_weather_dag' retrieved from /opt/airflow/dags/04_parallel_weather.py
[2026-08-31T08:10:23.565+0000] {logging_mixin.py:190} INFO - [2026-08-31T08:10:23.565+0000] {dag.py:3239} INFO - Sync 1 DAGs
[2026-08-31T08:10:23.578+0000] {logging_mixin.py:190} INFO - [2026-08-31T08:10:23.578+0000] {dag.py:4180} INFO - Setting next_dagrun for parallel_weather_dag to None, run_after=None
[2026-08-31T08:10:23.594+0000] {processor.py:208} INFO - Processing /opt/airflow/dags/04_parallel_weather.py took 0.071 seconds
[2026-08-31T08:10:53.926+0000] {processor.py:186} INFO - Started process (PID=505) to work on /opt/airflow/dags/04_parallel_weather.py
[2026-08-31T08:10:53.928+0000] {processor.py:914} INFO - Processing file /opt/airflow/dags/04_parallel_weather.py for tasks to queue
[2026-08-31T08:10:53.930+0000] {logging_mixin.py:190} INFO - [2026-08-31T08:10:53.929+0000] {dagbag.py:588} INFO - Filling up the DagBag from /opt/airflow/dags/04_parallel_weather.py
[2026-08-31T08:10:53.947+0000] {processor.py:925} INFO - DAG(s) 'parallel_weather_dag' retrieved from /opt/airflow/dags/04_parallel_weather.py
[2026-08-31T08:10:53.967+0000] {logging_mixin.py:190} INFO - [2026-08-31T08:10:53.967+0000] {dag.py:3239} INFO - Sync 1 DAGs
[2026-08-31T08:10:53.978+0000] {logging_mixin.py:190} INFO - [2026-08-31T08:10:53.977+0000] {dag.py:4180} INFO - Setting next_dagrun for parallel_weather_dag to None, run_after=None
[2026-08-31T08:10:53.998+0000] {processor.py:208} INFO - Processing /opt/airflow/dags/04_parallel_weather.py took 0.077 seconds
[2026-08-31T08:11:24.100+0000] {processor.py:186} INFO - Started process (PID=519) to work on /opt/airflow/dags/04_parallel_weather.py
[2026-08-31T08:11:24.101+0000] {processor.py:914} INFO - Processing file /opt/airflow/dags/04_parallel_weather.py for tasks to queue
[2026-08-31T08:11:24.102+0000] {logging_mixin.py:190} INFO - [2026-08-31T08:11:24.102+0000] {dagbag.py:588} INFO - Filling up the DagBag from /opt/airflow/dags/04_parallel_weather.py
[2026-08-31T08:11:24.120+0000] {processor.py:925} INFO - DAG(s) 'parallel_weather_dag' retrieved from /opt/airflow/dags/04_parallel_weather.py
[2026-08-31T08:11:24.142+0000] {logging_mixin.py:190} INFO - [2026-08-31T08:11:24.142+0000] {dag.py:3239} INFO - Sync 1 DAGs
[2026-08-31T08:11:24.153+0000] {logging_mixin.py:190} INFO - [2026-08-31T08:11:24.152+0000] {dag.py:4180} INFO - Setting next_dagrun for parallel_weather_dag to None, run_after=None
[2026-08-31T08:11:24.168+0000] {processor.py:208} INFO - Processing /opt/airflow/dags/04_parallel_weather.py took 0.073 seconds
[2026-08-31T08:11:54.361+0000] {processor.py:186} INFO - Started process (PID=533) to work on /opt/airflow/dags/04_parallel_weather.py
[2026-08-31T08:11:54.361+0000] {processor.py:914} INFO - Processing file /opt/airflow/dags/04_parallel_weather.py for tasks to queue
[2026-08-31T08:11:54.364+0000] {logging_mixin.py:190} INFO - [2026-08-31T08:11:54.364+0000] {dagbag.py:588} INFO - Filling up the DagBag from /opt/airflow/dags/04_parallel_weather.py
[2026-08-31T08:11:54.382+0000] {processor.py:925} INFO - DAG(s) 'parallel_weather_dag' retrieved from /opt/airflow/dags/04_parallel_weather.py
[2026-08-31T08:11:54.407+0000] {logging_mixin.py:190} INFO - [2026-08-31T08:11:54.407+0000] {dag.py:3239} INFO - Sync 1 DAGs
[2026-08-31T08:11:54.420+0000] {logging_mixin.py:190} INFO - [2026-08-31T08:11:54.420+0000] {dag.py:4180} INFO - Setting next_dagrun for parallel_weather_dag to None, run_after=None
[2026-08-31T08:11:54.437+0000] {processor.py:208} INFO - Processing /opt/airflow/dags/04_parallel_weather.py took 0.081 seconds
[2026-08-31T08:12:24.572+0000] {processor.py:186} INFO - Started process (PID=547) to work on /opt/airflow/dags/04_parallel_weather.py
[2026-08-31T08:12:24.574+0000] {processor.py:914} INFO - Processing file /opt/airflow/dags/04_parallel_weather.py for tasks to queue
[2026-08-31T08:12:24.581+0000] {logging_mixin.py:190} INFO - [2026-08-31T08:12:24.580+0000] {dagbag.py:588} INFO - Filling up the DagBag from /opt/airflow/dags/04_parallel_weather.py
[2026-08-31T08:12:24.642+0000] {processor.py:925} INFO - DAG(s) 'parallel_weather_dag' retrieved from /opt/airflow/dags/04_parallel_weather.py
[2026-08-31T08:12:24.699+0000] {logging_mixin.py:190} INFO - [2026-08-31T08:12:24.699+0000] {dag.py:3239} INFO - Sync 1 DAGs
[2026-08-31T08:12:24.721+0000] {logging_mixin.py:190} INFO - [2026-08-31T08:12:24.720+0000] {dag.py:4180} INFO - Setting next_dagrun for parallel_weather_dag to None, run_after=None
[2026-08-31T08:12:24.740+0000] {processor.py:208} INFO - Processing /opt/airflow/dags/04_parallel_weather.py took 0.175 seconds
[2026-08-31T08:12:54.906+0000] {processor.py:186} INFO - Started process (PID=561) to work on /opt/airflow/dags/04_parallel_weather.py
[2026-08-31T08:12:54.908+0000] {processor.py:914} INFO - Processing file /opt/airflow/dags/04_parallel_weather.py for tasks to queue
[2026-08-31T08:12:54.910+0000] {logging_mixin.py:190} INFO - [2026-08-31T08:12:54.909+0000] {dagbag.py:588} INFO - Filling up the DagBag from /opt/airflow/dags/04_parallel_weather.py
[2026-08-31T08:12:54.931+0000] {processor.py:925} INFO - DAG(s) 'parallel_weather_dag' retrieved from /opt/airflow/dags/04_parallel_weather.py
[2026-08-31T08:12:54.952+0000] {logging_mixin.py:190} INFO - [2026-08-31T08:12:54.952+0000] {dag.py:3239} INFO - Sync 1 DAGs
[2026-08-31T08:12:54.964+0000] {logging_mixin.py:190} INFO - [2026-08-31T08:12:54.964+0000] {dag.py:4180} INFO - Setting next_dagrun for parallel_weather_dag to None, run_after=None
[2026-08-31T08:12:54.978+0000] {processor.py:208} INFO - Processing /opt/airflow/dags/04_parallel_weather.py took 0.077 seconds
[2026-08-31T08:13:25.116+0000] {processor.py:186} INFO - Started process (PID=575) to work on /opt/airflow/dags/04_parallel_weather.py
[2026-08-31T08:13:25.118+0000] {processor.py:914} INFO - Processing file /opt/airflow/dags/04_parallel_weather.py for tasks to queue
[2026-08-31T08:13:25.120+0000] {logging_mixin.py:190} INFO - [2026-08-31T08:13:25.120+0000] {dagbag.py:588} INFO - Filling up the DagBag from /opt/airflow/dags/04_parallel_weather.py
[2026-08-31T08:13:25.148+0000] {processor.py:925} INFO - DAG(s) 'parallel_weather_dag' retrieved from /opt/airflow/dags/04_parallel_weather.py
[2026-08-31T08:13:25.169+0000] {logging_mixin.py:190} INFO - [2026-08-31T08:13:25.169+0000] {dag.py:3239} INFO - Sync 1 DAGs
[2026-08-31T08:13:25.180+0000] {logging_mixin.py:190} INFO - [2026-08-31T08:13:25.180+0000] {dag.py:4180} INFO - Setting next_dagrun for parallel_weather_dag to None, run_after=None
[2026-08-31T08:13:25.194+0000] {processor.py:208} INFO - Processing /opt/airflow/dags/04_parallel_weather.py took 0.088 seconds
[2026-08-31T08:13:55.909+0000] {processor.py:186} INFO - Started process (PID=589) to work on /opt/airflow/dags/04_parallel_weather.py
[2026-08-31T08:13:55.910+0000] {processor.py:914} INFO - Processing file /opt/airflow/dags/04_parallel_weather.py for tasks to queue
[2026-08-31T08:13:55.912+0000] {logging_mixin.py:190} INFO - [2026-08-31T08:13:55.912+0000] {dagbag.py:588} INFO - Filling up the DagBag from /opt/airflow/dags/04_parallel_weather.py
[2026-08-31T08:13:55.935+0000] {processor.py:925} INFO - DAG(s) 'parallel_weather_dag' retrieved from /opt/airflow/dags/04_parallel_weather.py
[2026-08-31T08:13:55.963+0000] {logging_mixin.py:190} INFO - [2026-08-31T08:13:55.962+0000] {dag.py:3239} INFO - Sync 1 DAGs
[2026-08-31T08:13:55.975+0000] {logging_mixin.py:190} INFO - [2026-08-31T08:13:55.974+0000] {dag.py:4180} INFO - Setting next_dagrun for parallel_weather_dag to None, run_after=None
[2026-08-31T08:13:55.993+0000] {processor.py:208} INFO - Processing /opt/airflow/dags/04_parallel_weather.py took 0.089 seconds
[2026-08-31T08:14:26.520+0000] {processor.py:186} INFO - Started process (PID=603) to work on /opt/airflow/dags/04_parallel_weather.py
[2026-08-31T08:14:26.521+0000] {processor.py:914} INFO - Processing file /opt/airflow/dags/04_parallel_weather.py for tasks to queue
[2026-08-31T08:14:26.524+0000] {logging_mixin.py:190} INFO - [2026-08-31T08:14:26.524+0000] {dagbag.py:588} INFO - Filling up the DagBag from /opt/airflow/dags/04_parallel_weather.py
[2026-08-31T08:14:26.559+0000] {processor.py:925} INFO - DAG(s) 'parallel_weather_dag' retrieved from /opt/airflow/dags/04_parallel_weather.py
[2026-08-31T08:14:26.594+0000] {logging_mixin.py:190} INFO - [2026-08-31T08:14:26.594+0000] {dag.py:3239} INFO - Sync 1 DAGs
[2026-08-31T08:14:26.608+0000] {logging_mixin.py:190} INFO - [2026-08-31T08:14:26.608+0000] {dag.py:4180} INFO - Setting next_dagrun for parallel_weather_dag to None, run_after=None
[2026-08-31T08:14:26.627+0000] {processor.py:208} INFO - Processing /opt/airflow/dags/04_parallel_weather.py took 0.114 seconds
[2026-08-31T08:14:56.803+0000] {processor.py:186} INFO - Started process (PID=617) to work on /opt/airflow/dags/04_parallel_weather.py
[2026-08-31T08:14:56.807+0000] {processor.py:914} INFO - Processing file /opt/airflow/dags/04_parallel_weather.py for tasks to queue
[2026-08-31T08:14:56.817+0000] {logging_mixin.py:190} INFO - [2026-08-31T08:14:56.816+0000] {dagbag.py:588} INFO - Filling up the DagBag from /opt/airflow/dags/04_parallel_weather.py
[2026-08-31T08:14:56.883+0000] {processor.py:925} INFO - DAG(s) 'parallel_weather_dag' retrieved from /opt/airflow/dags/04_parallel_weather.py
[2026-08-31T08:14:56.955+0000] {logging_mixin.py:190} INFO - [2026-08-31T08:14:56.955+0000] {dag.py:3239} INFO - Sync 1 DAGs
[2026-08-31T08:14:56.976+0000] {logging_mixin.py:190} INFO - [2026-08-31T08:14:56.976+0000] {dag.py:4180} INFO - Setting next_dagrun for parallel_weather_dag to None, run_after=None
[2026-08-31T08:14:57.033+0000] {processor.py:208} INFO - Processing /opt/airflow/dags/04_parallel_weather.py took 0.250 seconds
[2026-08-31T08:15:27.967+0000] {processor.py:186} INFO - Started process (PID=631) to work on /opt/airflow/dags/04_parallel_weather.py
[2026-08-31T08:15:27.968+0000] {processor.py:914} INFO - Processing file /opt/airflow/dags/04_parallel_weather.py for tasks to queue
[2026-08-31T08:15:27.970+0000] {logging_mixin.py:190} INFO - [2026-08-31T08:15:27.970+0000] {dagbag.py:588} INFO - Filling up the DagBag from /opt/airflow/dags/04_parallel_weather.py
[2026-08-31T08:15:27.983+0000] {processor.py:925} INFO - DAG(s) 'parallel_weather_dag' retrieved from /opt/airflow/dags/04_parallel_weather.py
[2026-08-31T08:15:28.004+0000] {logging_mixin.py:190} INFO - [2026-08-31T08:15:28.004+0000] {dag.py:3239} INFO - Sync 1 DAGs
[2026-08-31T08:15:28.014+0000] {logging_mixin.py:190} INFO - [2026-08-31T08:15:28.014+0000] {dag.py:4180} INFO - Setting next_dagrun for parallel_weather_dag to None, run_after=None
[2026-08-31T08:15:28.034+0000] {processor.py:208} INFO - Processing /opt/airflow/dags/04_parallel_weather.py took 0.072 seconds
[2026-08-31T08:15:58.245+0000] {processor.py:186} INFO - Started process (PID=645) to work on /opt/airflow/dags/04_parallel_weather.py
[2026-08-31T08:15:58.247+0000] {processor.py:914} INFO - Processing file /opt/airflow/dags/04_parallel_weather.py for tasks to queue
[2026-08-31T08:15:58.251+0000] {logging_mixin.py:190} INFO - [2026-08-31T08:15:58.251+0000] {dagbag.py:588} INFO - Filling up the DagBag from /opt/airflow/dags/04_parallel_weather.py
[2026-08-31T08:15:58.272+0000] {processor.py:925} INFO - DAG(s) 'parallel_weather_dag' retrieved from /opt/airflow/dags/04_parallel_weather.py
[2026-08-31T08:15:58.296+0000] {logging_mixin.py:190} INFO - [2026-08-31T08:15:58.295+0000] {dag.py:3239} INFO - Sync 1 DAGs
[2026-08-31T08:15:58.315+0000] {logging_mixin.py:190} INFO - [2026-08-31T08:15:58.315+0000] {dag.py:4180} INFO - Setting next_dagrun for parallel_weather_dag to None, run_after=None
[2026-08-31T08:15:58.341+0000] {processor.py:208} INFO - Processing /opt/airflow/dags/04_parallel_weather.py took 0.102 seconds
[2026-08-31T08:16:29.062+0000] {processor.py:186} INFO - Started process (PID=659) to work on /opt/airflow/dags/04_parallel_weather.py
[2026-08-31T08:16:29.063+0000] {processor.py:914} INFO - Processing file /opt/airflow/dags/04_parallel_weather.py for tasks to queue
[2026-08-31T08:16:29.066+0000] {logging_mixin.py:190} INFO - [2026-08-31T08:16:29.065+0000] {dagbag.py:588} INFO - Filling up the DagBag from /opt/airflow/dags/04_parallel_weather.py
[2026-08-31T08:16:29.082+0000] {processor.py:925} INFO - DAG(s) 'parallel_weather_dag' retrieved from /opt/airflow/dags/04_parallel_weather.py
[2026-08-31T08:16:29.105+0000] {logging_mixin.py:190} INFO - [2026-08-31T08:16:29.105+0000] {dag.py:3239} INFO - Sync 1 DAGs
[2026-08-31T08:16:29.119+0000] {logging_mixin.py:190} INFO - [2026-08-31T08:16:29.119+0000] {dag.py:4180} INFO - Setting next_dagrun for parallel_weather_dag to None, run_after=None
[2026-08-31T08:16:29.136+0000] {processor.py:208} INFO - Processing /opt/airflow/dags/04_parallel_weather.py took 0.080 seconds
[2026-08-31T08:16:59.266+0000] {processor.py:186} INFO - Started process (PID=673) to work on /opt/airflow/dags/04_parallel_weather.py
[2026-08-31T08:16:59.268+0000] {processor.py:914} INFO - Processing file /opt/airflow/dags/04_parallel_weather.py for tasks to queue
[2026-08-31T08:16:59.273+0000] {logging_mixin.py:190} INFO - [2026-08-31T08:16:59.273+0000] {dagbag.py:588} INFO - Filling up the DagBag from /opt/airflow/dags/04_parallel_weather.py
[2026-08-31T08:16:59.324+0000] {processor.py:925} INFO - DAG(s) 'parallel_weather_dag' retrieved from /opt/airflow/dags/04_parallel_weather.py
[2026-08-31T08:16:59.350+0000] {logging_mixin.py:190} INFO - [2026-08-31T08:16:59.349+0000] {dag.py:3239} INFO - Sync 1 DAGs
[2026-08-31T08:16:59.374+0000] {logging_mixin.py:190} INFO - [2026-08-31T08:16:59.374+0000] {dag.py:4180} INFO - Setting next_dagrun for parallel_weather_dag to None, run_after=None
[2026-08-31T08:16:59.392+0000] {processor.py:208} INFO - Processing /opt/airflow/dags/04_parallel_weather.py took 0.135 seconds
[2026-08-31T08:17:29.566+0000] {processor.py:186} INFO - Started process (PID=687) to work on /opt/airflow/dags/04_parallel_weather.py
[2026-08-31T08:17:29.568+0000] {processor.py:914} INFO - Processing file /opt/airflow/dags/04_parallel_weather.py for tasks to queue
[2026-08-31T08:17:29.570+0000] {logging_mixin.py:190} INFO - [2026-08-31T08:17:29.570+0000] {dagbag.py:588} INFO - Filling up the DagBag from /opt/airflow/dags/04_parallel_weather.py
[2026-08-31T08:17:29.584+0000] {processor.py:925} INFO - DAG(s) 'parallel_weather_dag' retrieved from /opt/airflow/dags/04_parallel_weather.py
[2026-08-31T08:17:29.605+0000] {logging_mixin.py:190} INFO - [2026-08-31T08:17:29.605+0000] {dag.py:3239} INFO - Sync 1 DAGs
[2026-08-31T08:17:29.616+0000] {logging_mixin.py:190} INFO - [2026-08-31T08:17:29.615+0000] {dag.py:4180} INFO - Setting next_dagrun for parallel_weather_dag to None, run_after=None
[2026-08-31T08:17:29.635+0000] {processor.py:208} INFO - Processing /opt/airflow/dags/04_parallel_weather.py took 0.074 seconds
[2026-08-31T08:17:59.756+0000] {processor.py:186} INFO - Started process (PID=701) to work on /opt/airflow/dags/04_parallel_weather.py
[2026-08-31T08:17:59.757+0000] {processor.py:914} INFO - Processing file /opt/airflow/dags/04_parallel_weather.py for tasks to queue
[2026-08-31T08:17:59.759+0000] {logging_mixin.py:190} INFO - [2026-08-31T08:17:59.759+0000] {dagbag.py:588} INFO - Filling up the DagBag from /opt/airflow/dags/04_parallel_weather.py
[2026-08-31T08:17:59.774+0000] {processor.py:925} INFO - DAG(s) 'parallel_weather_dag' retrieved from /opt/airflow/dags/04_parallel_weather.py
[2026-08-31T08:17:59.799+0000] {logging_mixin.py:190} INFO - [2026-08-31T08:17:59.799+0000] {dag.py:3239} INFO - Sync 1 DAGs
[2026-08-31T08:17:59.810+0000] {logging_mixin.py:190} INFO - [2026-08-31T08:17:59.810+0000] {dag.py:4180} INFO - Setting next_dagrun for parallel_weather_dag to None, run_after=None
[2026-08-31T08:17:59.826+0000] {processor.py:208} INFO - Processing /opt/airflow/dags/04_parallel_weather.py took 0.075 seconds
[2026-08-31T08:18:30.046+0000] {processor.py:186} INFO - Started process (PID=715) to work on /opt/airflow/dags/04_parallel_weather.py
[2026-08-31T08:18:30.047+0000] {processor.py:914} INFO - Processing file /opt/airflow/dags/04_parallel_weather.py for tasks to queue
[2026-08-31T08:18:30.049+0000] {logging_mixin.py:190} INFO - [2026-08-31T08:18:30.049+0000] {dagbag.py:588} INFO - Filling up the DagBag from /opt/airflow/dags/04_parallel_weather.py
[2026-08-31T08:18:30.065+0000] {processor.py:925} INFO - DAG(s) 'parallel_weather_dag' retrieved from /opt/airflow/dags/04_parallel_weather.py
[2026-08-31T08:18:30.089+0000] {logging_mixin.py:190} INFO - [2026-08-31T08:18:30.088+0000] {dag.py:3239} INFO - Sync 1 DAGs
[2026-08-31T08:18:30.101+0000] {logging_mixin.py:190} INFO - [2026-08-31T08:18:30.101+0000] {dag.py:4180} INFO - Setting next_dagrun for parallel_weather_dag to None, run_after=None
[2026-08-31T08:18:30.123+0000] {processor.py:208} INFO - Processing /opt/airflow/dags/04_parallel_weather.py took 0.081 seconds
[2026-08-31T08:19:00.259+0000] {processor.py:186} INFO - Started process (PID=729) to work on /opt/airflow/dags/04_parallel_weather.py
[2026-08-31T08:19:00.260+0000] {processor.py:914} INFO - Processing file /opt/airflow/dags/04_parallel_weather.py for tasks to queue
[2026-08-31T08:19:00.263+0000] {logging_mixin.py:190} INFO - [2026-08-31T08:19:00.262+0000] {dagbag.py:588} INFO - Filling up the DagBag from /opt/airflow/dags/04_parallel_weather.py
[2026-08-31T08:19:00.278+0000] {processor.py:925} INFO - DAG(s) 'parallel_weather_dag' retrieved from /opt/airflow/dags/04_parallel_weather.py
[2026-08-31T08:19:00.303+0000] {logging_mixin.py:190} INFO - [2026-08-31T08:19:00.303+0000] {dag.py:3239} INFO - Sync 1 DAGs
[2026-08-31T08:19:00.316+0000] {logging_mixin.py:190} INFO - [2026-08-31T08:19:00.316+0000] {dag.py:4180} INFO - Setting next_dagrun for parallel_weather_dag to None, run_after=None
[2026-08-31T08:19:00.332+0000] {processor.py:208} INFO - Processing /opt/airflow/dags/04_parallel_weather.py took 0.079 seconds
[2026-08-31T08:19:30.452+0000] {processor.py:186} INFO - Started process (PID=743) to work on /opt/airflow/dags/04_parallel_weather.py
[2026-08-31T08:19:30.452+0000] {processor.py:914} INFO - Processing file /opt/airflow/dags/04_parallel_weather.py for tasks to queue
[2026-08-31T08:19:30.454+0000] {logging_mixin.py:190} INFO - [2026-08-31T08:19:30.454+0000] {dagbag.py:588} INFO - Filling up the DagBag from /opt/airflow/dags/04_parallel_weather.py
[2026-08-31T08:19:30.469+0000] {processor.py:925} INFO - DAG(s) 'parallel_weather_dag' retrieved from /opt/airflow/dags/04_parallel_weather.py
[2026-08-31T08:19:30.492+0000] {logging_mixin.py:190} INFO - [2026-08-31T08:19:30.492+0000] {dag.py:3239} INFO - Sync 1 DAGs
[2026-08-31T08:19:30.504+0000] {logging_mixin.py:190} INFO - [2026-08-31T08:19:30.504+0000] {dag.py:4180} INFO - Setting next_dagrun for parallel_weather_dag to None, run_after=None
[2026-08-31T08:19:30.525+0000] {processor.py:208} INFO - Processing /opt/airflow/dags/04_parallel_weather.py took 0.079 seconds
[2026-08-31T08:20:00.654+0000] {processor.py:186} INFO - Started process (PID=757) to work on /opt/airflow/dags/04_parallel_weather.py
[2026-08-31T08:20:00.655+0000] {processor.py:914} INFO - Processing file /opt/airflow/dags/04_parallel_weather.py for tasks to queue
[2026-08-31T08:20:00.657+0000] {logging_mixin.py:190} INFO - [2026-08-31T08:20:00.656+0000] {dagbag.py:588} INFO - Filling up the DagBag from /opt/airflow/dags/04_parallel_weather.py
[2026-08-31T08:20:00.671+0000] {processor.py:925} INFO - DAG(s) 'parallel_weather_dag' retrieved from /opt/airflow/dags/04_parallel_weather.py
[2026-08-31T08:20:00.698+0000] {logging_mixin.py:190} INFO - [2026-08-31T08:20:00.698+0000] {dag.py:3239} INFO - Sync 1 DAGs
[2026-08-31T08:20:00.710+0000] {logging_mixin.py:190} INFO - [2026-08-31T08:20:00.710+0000] {dag.py:4180} INFO - Setting next_dagrun for parallel_weather_dag to None, run_after=None
[2026-08-31T08:20:00.726+0000] {processor.py:208} INFO - Processing /opt/airflow/dags/04_parallel_weather.py took 0.077 seconds
[2026-08-31T08:20:31.171+0000] {processor.py:186} INFO - Started process (PID=771) to work on /opt/airflow/dags/04_parallel_weather.py
[2026-08-31T08:20:31.172+0000] {processor.py:914} INFO - Processing file /opt/airflow/dags/04_parallel_weather.py for tasks to queue
[2026-08-31T08:20:31.176+0000] {logging_mixin.py:190} INFO - [2026-08-31T08:20:31.175+0000] {dagbag.py:588} INFO - Filling up the DagBag from /opt/airflow/dags/04_parallel_weather.py
[2026-08-31T08:20:31.258+0000] {processor.py:925} INFO - DAG(s) 'parallel_weather_dag' retrieved from /opt/airflow/dags/04_parallel_weather.py
[2026-08-31T08:20:31.289+0000] {logging_mixin.py:190} INFO - [2026-08-31T08:20:31.289+0000] {dag.py:3239} INFO - Sync 1 DAGs
[2026-08-31T08:20:31.303+0000] {logging_mixin.py:190} INFO - [2026-08-31T08:20:31.302+0000] {dag.py:4180} INFO - Setting next_dagrun for parallel_weather_dag to None, run_after=None
[2026-08-31T08:20:31.323+0000] {processor.py:208} INFO - Processing /opt/airflow/dags/04_parallel_weather.py took 0.162 seconds
[2026-08-31T08:21:02.276+0000] {processor.py:186} INFO - Started process (PID=785) to work on /opt/airflow/dags/04_parallel_weather.py
[2026-08-31T08:21:02.278+0000] {processor.py:914} INFO - Processing file /opt/airflow/dags/04_parallel_weather.py for tasks to queue
[2026-08-31T08:21:02.283+0000] {logging_mixin.py:190} INFO - [2026-08-31T08:21:02.282+0000] {dagbag.py:588} INFO - Filling up the DagBag from /opt/airflow/dags/04_parallel_weather.py
[2026-08-31T08:21:02.349+0000] {processor.py:925} INFO - DAG(s) 'parallel_weather_dag' retrieved from /opt/airflow/dags/04_parallel_weather.py
[2026-08-31T08:21:02.392+0000] {logging_mixin.py:190} INFO - [2026-08-31T08:21:02.392+0000] {dag.py:3239} INFO - Sync 1 DAGs
[2026-08-31T08:21:02.409+0000] {logging_mixin.py:190} INFO - [2026-08-31T08:21:02.409+0000] {dag.py:4180} INFO - Setting next_dagrun for parallel_weather_dag to None, run_after=None
[2026-08-31T08:21:02.433+0000] {processor.py:208} INFO - Processing /opt/airflow/dags/04_parallel_weather.py took 0.164 seconds
[2026-08-31T08:21:32.520+0000] {processor.py:186} INFO - Started process (PID=800) to work on /opt/airflow/dags/04_parallel_weather.py
[2026-08-31T08:21:32.521+0000] {processor.py:914} INFO - Processing file /opt/airflow/dags/04_parallel_weather.py for tasks to queue
[2026-08-31T08:21:32.524+0000] {logging_mixin.py:190} INFO - [2026-08-31T08:21:32.524+0000] {dagbag.py:588} INFO - Filling up the DagBag from /opt/airflow/dags/04_parallel_weather.py
[2026-08-31T08:21:32.550+0000] {processor.py:925} INFO - DAG(s) 'parallel_weather_dag' retrieved from /opt/airflow/dags/04_parallel_weather.py
[2026-08-31T08:21:32.585+0000] {logging_mixin.py:190} INFO - [2026-08-31T08:21:32.584+0000] {dag.py:3239} INFO - Sync 1 DAGs
[2026-08-31T08:21:32.603+0000] {logging_mixin.py:190} INFO - [2026-08-31T08:21:32.602+0000] {dag.py:4180} INFO - Setting next_dagrun for parallel_weather_dag to None, run_after=None
[2026-08-31T08:21:32.628+0000] {processor.py:208} INFO - Processing /opt/airflow/dags/04_parallel_weather.py took 0.116 seconds
[2026-08-31T08:22:02.873+0000] {processor.py:186} INFO - Started process (PID=814) to work on /opt/airflow/dags/04_parallel_weather.py
[2026-08-31T08:22:02.875+0000] {processor.py:914} INFO - Processing file /opt/airflow/dags/04_parallel_weather.py for tasks to queue
[2026-08-31T08:22:02.878+0000] {logging_mixin.py:190} INFO - [2026-08-31T08:22:02.878+0000] {dagbag.py:588} INFO - Filling up the DagBag from /opt/airflow/dags/04_parallel_weather.py
[2026-08-31T08:22:02.897+0000] {processor.py:925} INFO - DAG(s) 'parallel_weather_dag' retrieved from /opt/airflow/dags/04_parallel_weather.py
[2026-08-31T08:22:02.924+0000] {logging_mixin.py:190} INFO - [2026-08-31T08:22:02.924+0000] {dag.py:3239} INFO - Sync 1 DAGs
[2026-08-31T08:22:02.937+0000] {logging_mixin.py:190} INFO - [2026-08-31T08:22:02.936+0000] {dag.py:4180} INFO - Setting next_dagrun for parallel_weather_dag to None, run_after=None
[2026-08-31T08:22:02.953+0000] {processor.py:208} INFO - Processing /opt/airflow/dags/04_parallel_weather.py took 0.087 seconds
[2026-08-31T08:22:33.335+0000] {processor.py:186} INFO - Started process (PID=828) to work on /opt/airflow/dags/04_parallel_weather.py
[2026-08-31T08:22:33.336+0000] {processor.py:914} INFO - Processing file /opt/airflow/dags/04_parallel_weather.py for tasks to queue
[2026-08-31T08:22:33.339+0000] {logging_mixin.py:190} INFO - [2026-08-31T08:22:33.338+0000] {dagbag.py:588} INFO - Filling up the DagBag from /opt/airflow/dags/04_parallel_weather.py
[2026-08-31T08:22:33.362+0000] {processor.py:925} INFO - DAG(s) 'parallel_weather_dag' retrieved from /opt/airflow/dags/04_parallel_weather.py
[2026-08-31T08:22:33.389+0000] {logging_mixin.py:190} INFO - [2026-08-31T08:22:33.389+0000] {dag.py:3239} INFO - Sync 1 DAGs
[2026-08-31T08:22:33.407+0000] {logging_mixin.py:190} INFO - [2026-08-31T08:22:33.407+0000] {dag.py:4180} INFO - Setting next_dagrun for parallel_weather_dag to None, run_after=None
[2026-08-31T08:22:33.427+0000] {processor.py:208} INFO - Processing /opt/airflow/dags/04_parallel_weather.py took 0.097 seconds
[2026-08-31T08:23:03.801+0000] {processor.py:186} INFO - Started process (PID=842) to work on /opt/airflow/dags/04_parallel_weather.py
[2026-08-31T08:23:03.802+0000] {processor.py:914} INFO - Processing file /opt/airflow/dags/04_parallel_weather.py for tasks to queue
[2026-08-31T08:23:03.805+0000] {logging_mixin.py:190} INFO - [2026-08-31T08:23:03.805+0000] {dagbag.py:588} INFO - Filling up the DagBag from /opt/airflow/dags/04_parallel_weather.py
[2026-08-31T08:23:03.820+0000] {processor.py:925} INFO - DAG(s) 'parallel_weather_dag' retrieved from /opt/airflow/dags/04_parallel_weather.py
[2026-08-31T08:23:03.844+0000] {logging_mixin.py:190} INFO - [2026-08-31T08:23:03.844+0000] {dag.py:3239} INFO - Sync 1 DAGs
[2026-08-31T08:23:03.857+0000] {logging_mixin.py:190} INFO - [2026-08-31T08:23:03.857+0000] {dag.py:4180} INFO - Setting next_dagrun for parallel_weather_dag to None, run_after=None
[2026-08-31T08:23:03.872+0000] {processor.py:208} INFO - Processing /opt/airflow/dags/04_parallel_weather.py took 0.075 seconds
[2026-08-31T08:23:34.641+0000] {processor.py:186} INFO - Started process (PID=863) to work on /opt/airflow/dags/04_parallel_weather.py
[2026-08-31T08:23:34.642+0000] {processor.py:914} INFO - Processing file /opt/airflow/dags/04_parallel_weather.py for tasks to queue
[2026-08-31T08:23:34.644+0000] {logging_mixin.py:190} INFO - [2026-08-31T08:23:34.644+0000] {dagbag.py:588} INFO - Filling up the DagBag from /opt/airflow/dags/04_parallel_weather.py
[2026-08-31T08:23:34.669+0000] {processor.py:925} INFO - DAG(s) 'parallel_weather_dag' retrieved from /opt/airflow/dags/04_parallel_weather.py
[2026-08-31T08:23:34.691+0000] {logging_mixin.py:190} INFO - [2026-08-31T08:23:34.691+0000] {dag.py:3239} INFO - Sync 1 DAGs
[2026-08-31T08:23:34.702+0000] {logging_mixin.py:190} INFO - [2026-08-31T08:23:34.702+0000] {dag.py:4180} INFO - Setting next_dagrun for parallel_weather_dag to None, run_after=None
[2026-08-31T08:23:34.718+0000] {processor.py:208} INFO - Processing /opt/airflow/dags/04_parallel_weather.py took 0.082 seconds
[2026-08-31T08:24:04.902+0000] {processor.py:186} INFO - Started process (PID=877) to work on /opt/airflow/dags/04_parallel_weather.py
[2026-08-31T08:24:04.903+0000] {processor.py:914} INFO - Processing file /opt/airflow/dags/04_parallel_weather.py for tasks to queue
[2026-08-31T08:24:04.905+0000] {logging_mixin.py:190} INFO - [2026-08-31T08:24:04.904+0000] {dagbag.py:588} INFO - Filling up the DagBag from /opt/airflow/dags/04_parallel_weather.py
[2026-08-31T08:24:04.918+0000] {processor.py:925} INFO - DAG(s) 'parallel_weather_dag' retrieved from /opt/airflow/dags/04_parallel_weather.py
[2026-08-31T08:24:04.942+0000] {logging_mixin.py:190} INFO - [2026-08-31T08:24:04.942+0000] {dag.py:3239} INFO - Sync 1 DAGs
[2026-08-31T08:24:04.953+0000] {logging_mixin.py:190} INFO - [2026-08-31T08:24:04.953+0000] {dag.py:4180} INFO - Setting next_dagrun for parallel_weather_dag to None, run_after=None
[2026-08-31T08:24:04.971+0000] {processor.py:208} INFO - Processing /opt/airflow/dags/04_parallel_weather.py took 0.074 seconds
[2026-08-31T08:24:35.040+0000] {processor.py:186} INFO - Started process (PID=889) to work on /opt/airflow/dags/04_parallel_weather.py
[2026-08-31T08:24:35.041+0000] {processor.py:914} INFO - Processing file /opt/airflow/dags/04_parallel_weather.py for tasks to queue
[2026-08-31T08:24:35.045+0000] {logging_mixin.py:190} INFO - [2026-08-31T08:24:35.044+0000] {dagbag.py:588} INFO - Filling up the DagBag from /opt/airflow/dags/04_parallel_weather.py
[2026-08-31T08:24:35.092+0000] {processor.py:925} INFO - DAG(s) 'parallel_weather_dag' retrieved from /opt/airflow/dags/04_parallel_weather.py
[2026-08-31T08:24:35.156+0000] {logging_mixin.py:190} INFO - [2026-08-31T08:24:35.156+0000] {dag.py:3239} INFO - Sync 1 DAGs
[2026-08-31T08:24:35.180+0000] {logging_mixin.py:190} INFO - [2026-08-31T08:24:35.180+0000] {dag.py:4180} INFO - Setting next_dagrun for parallel_weather_dag to None, run_after=None
[2026-08-31T08:24:35.205+0000] {processor.py:208} INFO - Processing /opt/airflow/dags/04_parallel_weather.py took 0.170 seconds
[2026-08-31T08:25:05.336+0000] {processor.py:186} INFO - Started process (PID=903) to work on /opt/airflow/dags/04_parallel_weather.py
[2026-08-31T08:25:05.338+0000] {processor.py:914} INFO - Processing file /opt/airflow/dags/04_parallel_weather.py for tasks to queue
[2026-08-31T08:25:05.340+0000] {logging_mixin.py:190} INFO - [2026-08-31T08:25:05.340+0000] {dagbag.py:588} INFO - Filling up the DagBag from /opt/airflow/dags/04_parallel_weather.py
[2026-08-31T08:25:05.368+0000] {processor.py:925} INFO - DAG(s) 'parallel_weather_dag' retrieved from /opt/airflow/dags/04_parallel_weather.py
[2026-08-31T08:25:05.395+0000] {logging_mixin.py:190} INFO - [2026-08-31T08:25:05.394+0000] {dag.py:3239} INFO - Sync 1 DAGs
[2026-08-31T08:25:05.407+0000] {logging_mixin.py:190} INFO - [2026-08-31T08:25:05.407+0000] {dag.py:4180} INFO - Setting next_dagrun for parallel_weather_dag to None, run_after=None
[2026-08-31T08:25:05.425+0000] {processor.py:208} INFO - Processing /opt/airflow/dags/04_parallel_weather.py took 0.096 seconds
[2026-08-31T08:25:35.712+0000] {processor.py:186} INFO - Started process (PID=917) to work on /opt/airflow/dags/04_parallel_weather.py
[2026-08-31T08:25:35.715+0000] {processor.py:914} INFO - Processing file /opt/airflow/dags/04_parallel_weather.py for tasks to queue
[2026-08-31T08:25:35.719+0000] {logging_mixin.py:190} INFO - [2026-08-31T08:25:35.718+0000] {dagbag.py:588} INFO - Filling up the DagBag from /opt/airflow/dags/04_parallel_weather.py
[2026-08-31T08:25:35.745+0000] {processor.py:925} INFO - DAG(s) 'parallel_weather_dag' retrieved from /opt/airflow/dags/04_parallel_weather.py
[2026-08-31T08:25:35.776+0000] {logging_mixin.py:190} INFO - [2026-08-31T08:25:35.776+0000] {dag.py:3239} INFO - Sync 1 DAGs
[2026-08-31T08:25:35.795+0000] {logging_mixin.py:190} INFO - [2026-08-31T08:25:35.794+0000] {dag.py:4180} INFO - Setting next_dagrun for parallel_weather_dag to None, run_after=None
[2026-08-31T08:25:35.811+0000] {processor.py:208} INFO - Processing /opt/airflow/dags/04_parallel_weather.py took 0.106 seconds
[2026-08-31T08:26:05.868+0000] {processor.py:186} INFO - Started process (PID=931) to work on /opt/airflow/dags/04_parallel_weather.py
[2026-08-31T08:26:05.869+0000] {processor.py:914} INFO - Processing file /opt/airflow/dags/04_parallel_weather.py for tasks to queue
[2026-08-31T08:26:05.871+0000] {logging_mixin.py:190} INFO - [2026-08-31T08:26:05.871+0000] {dagbag.py:588} INFO - Filling up the DagBag from /opt/airflow/dags/04_parallel_weather.py
[2026-08-31T08:26:05.890+0000] {processor.py:925} INFO - DAG(s) 'parallel_weather_dag' retrieved from /opt/airflow/dags/04_parallel_weather.py
[2026-08-31T08:26:05.915+0000] {logging_mixin.py:190} INFO - [2026-08-31T08:26:05.915+0000] {dag.py:3239} INFO - Sync 1 DAGs
[2026-08-31T08:26:05.928+0000] {logging_mixin.py:190} INFO - [2026-08-31T08:26:05.928+0000] {dag.py:4180} INFO - Setting next_dagrun for parallel_weather_dag to None, run_after=None
[2026-08-31T08:26:05.945+0000] {processor.py:208} INFO - Processing /opt/airflow/dags/04_parallel_weather.py took 0.083 seconds
[2026-08-31T08:26:36.200+0000] {processor.py:186} INFO - Started process (PID=945) to work on /opt/airflow/dags/04_parallel_weather.py
[2026-08-31T08:26:36.201+0000] {processor.py:914} INFO - Processing file /opt/airflow/dags/04_parallel_weather.py for tasks to queue
[2026-08-31T08:26:36.203+0000] {logging_mixin.py:190} INFO - [2026-08-31T08:26:36.203+0000] {dagbag.py:588} INFO - Filling up the DagBag from /opt/airflow/dags/04_parallel_weather.py
[2026-08-31T08:26:36.220+0000] {processor.py:925} INFO - DAG(s) 'parallel_weather_dag' retrieved from /opt/airflow/dags/04_parallel_weather.py
[2026-08-31T08:26:36.243+0000] {logging_mixin.py:190} INFO - [2026-08-31T08:26:36.243+0000] {dag.py:3239} INFO - Sync 1 DAGs
[2026-08-31T08:26:36.255+0000] {logging_mixin.py:190} INFO - [2026-08-31T08:26:36.255+0000] {dag.py:4180} INFO - Setting next_dagrun for parallel_weather_dag to None, run_after=None
[2026-08-31T08:26:36.275+0000] {processor.py:208} INFO - Processing /opt/airflow/dags/04_parallel_weather.py took 0.080 seconds
[2026-08-31T08:27:06.397+0000] {processor.py:186} INFO - Started process (PID=959) to work on /opt/airflow/dags/04_parallel_weather.py
[2026-08-31T08:27:06.398+0000] {processor.py:914} INFO - Processing file /opt/airflow/dags/04_parallel_weather.py for tasks to queue
[2026-08-31T08:27:06.400+0000] {logging_mixin.py:190} INFO - [2026-08-31T08:27:06.400+0000] {dagbag.py:588} INFO - Filling up the DagBag from /opt/airflow/dags/04_parallel_weather.py
[2026-08-31T08:27:06.413+0000] {processor.py:925} INFO - DAG(s) 'parallel_weather_dag' retrieved from /opt/airflow/dags/04_parallel_weather.py
[2026-08-31T08:27:06.436+0000] {logging_mixin.py:190} INFO - [2026-08-31T08:27:06.436+0000] {dag.py:3239} INFO - Sync 1 DAGs
[2026-08-31T08:27:06.448+0000] {logging_mixin.py:190} INFO - [2026-08-31T08:27:06.447+0000] {dag.py:4180} INFO - Setting next_dagrun for parallel_weather_dag to None, run_after=None
[2026-08-31T08:27:06.464+0000] {processor.py:208} INFO - Processing /opt/airflow/dags/04_parallel_weather.py took 0.071 seconds
[2026-08-31T08:27:36.600+0000] {processor.py:186} INFO - Started process (PID=973) to work on /opt/airflow/dags/04_parallel_weather.py
[2026-08-31T08:27:36.601+0000] {processor.py:914} INFO - Processing file /opt/airflow/dags/04_parallel_weather.py for tasks to queue
[2026-08-31T08:27:36.603+0000] {logging_mixin.py:190} INFO - [2026-08-31T08:27:36.603+0000] {dagbag.py:588} INFO - Filling up the DagBag from /opt/airflow/dags/04_parallel_weather.py
[2026-08-31T08:27:36.734+0000] {processor.py:925} INFO - DAG(s) 'parallel_weather_dag' retrieved from /opt/airflow/dags/04_parallel_weather.py
[2026-08-31T08:27:36.763+0000] {logging_mixin.py:190} INFO - [2026-08-31T08:27:36.763+0000] {dag.py:3239} INFO - Sync 1 DAGs
[2026-08-31T08:27:36.774+0000] {logging_mixin.py:190} INFO - [2026-08-31T08:27:36.774+0000] {dag.py:4180} INFO - Setting next_dagrun for parallel_weather_dag to None, run_after=None
[2026-08-31T08:27:36.795+0000] {processor.py:208} INFO - Processing /opt/airflow/dags/04_parallel_weather.py took 0.199 seconds
[2026-08-31T08:28:07.650+0000] {processor.py:186} INFO - Started process (PID=987) to work on /opt/airflow/dags/04_parallel_weather.py
[2026-08-31T08:28:07.651+0000] {processor.py:914} INFO - Processing file /opt/airflow/dags/04_parallel_weather.py for tasks to queue
[2026-08-31T08:28:07.653+0000] {logging_mixin.py:190} INFO - [2026-08-31T08:28:07.653+0000] {dagbag.py:588} INFO - Filling up the DagBag from /opt/airflow/dags/04_parallel_weather.py
[2026-08-31T08:28:07.683+0000] {processor.py:925} INFO - DAG(s) 'parallel_weather_dag' retrieved from /opt/airflow/dags/04_parallel_weather.py
[2026-08-31T08:28:07.720+0000] {logging_mixin.py:190} INFO - [2026-08-31T08:28:07.720+0000] {dag.py:3239} INFO - Sync 1 DAGs
[2026-08-31T08:28:07.733+0000] {logging_mixin.py:190} INFO - [2026-08-31T08:28:07.733+0000] {dag.py:4180} INFO - Setting next_dagrun for parallel_weather_dag to None, run_after=None
[2026-08-31T08:28:07.776+0000] {processor.py:208} INFO - Processing /opt/airflow/dags/04_parallel_weather.py took 0.134 seconds
[2026-08-31T08:28:37.923+0000] {processor.py:186} INFO - Started process (PID=1001) to work on /opt/airflow/dags/04_parallel_weather.py
[2026-08-31T08:28:37.924+0000] {processor.py:914} INFO - Processing file /opt/airflow/dags/04_parallel_weather.py for tasks to queue
[2026-08-31T08:28:37.926+0000] {logging_mixin.py:190} INFO - [2026-08-31T08:28:37.926+0000] {dagbag.py:588} INFO - Filling up the DagBag from /opt/airflow/dags/04_parallel_weather.py
[2026-08-31T08:28:37.943+0000] {processor.py:925} INFO - DAG(s) 'parallel_weather_dag' retrieved from /opt/airflow/dags/04_parallel_weather.py
[2026-08-31T08:28:37.968+0000] {logging_mixin.py:190} INFO - [2026-08-31T08:28:37.967+0000] {dag.py:3239} INFO - Sync 1 DAGs
[2026-08-31T08:28:37.979+0000] {logging_mixin.py:190} INFO - [2026-08-31T08:28:37.979+0000] {dag.py:4180} INFO - Setting next_dagrun for parallel_weather_dag to None, run_after=None
[2026-08-31T08:28:37.995+0000] {processor.py:208} INFO - Processing /opt/airflow/dags/04_parallel_weather.py took 0.078 seconds
[2026-08-31T08:29:08.166+0000] {processor.py:186} INFO - Started process (PID=1015) to work on /opt/airflow/dags/04_parallel_weather.py
[2026-08-31T08:29:08.168+0000] {processor.py:914} INFO - Processing file /opt/airflow/dags/04_parallel_weather.py for tasks to queue
[2026-08-31T08:29:08.171+0000] {logging_mixin.py:190} INFO - [2026-08-31T08:29:08.171+0000] {dagbag.py:588} INFO - Filling up the DagBag from /opt/airflow/dags/04_parallel_weather.py
[2026-08-31T08:29:08.192+0000] {processor.py:925} INFO - DAG(s) 'parallel_weather_dag' retrieved from /opt/airflow/dags/04_parallel_weather.py
[2026-08-31T08:29:08.230+0000] {logging_mixin.py:190} INFO - [2026-08-31T08:29:08.230+0000] {dag.py:3239} INFO - Sync 1 DAGs
[2026-08-31T08:29:08.250+0000] {logging_mixin.py:190} INFO - [2026-08-31T08:29:08.250+0000] {dag.py:4180} INFO - Setting next_dagrun for parallel_weather_dag to None, run_after=None
[2026-08-31T08:29:08.275+0000] {processor.py:208} INFO - Processing /opt/airflow/dags/04_parallel_weather.py took 0.116 seconds
[2026-08-31T08:29:38.617+0000] {processor.py:186} INFO - Started process (PID=1029) to work on /opt/airflow/dags/04_parallel_weather.py
[2026-08-31T08:29:38.618+0000] {processor.py:914} INFO - Processing file /opt/airflow/dags/04_parallel_weather.py for tasks to queue
[2026-08-31T08:29:38.620+0000] {logging_mixin.py:190} INFO - [2026-08-31T08:29:38.620+0000] {dagbag.py:588} INFO - Filling up the DagBag from /opt/airflow/dags/04_parallel_weather.py
[2026-08-31T08:29:38.654+0000] {processor.py:925} INFO - DAG(s) 'parallel_weather_dag' retrieved from /opt/airflow/dags/04_parallel_weather.py
[2026-08-31T08:29:38.680+0000] {logging_mixin.py:190} INFO - [2026-08-31T08:29:38.680+0000] {dag.py:3239} INFO - Sync 1 DAGs
[2026-08-31T08:29:38.692+0000] {logging_mixin.py:190} INFO - [2026-08-31T08:29:38.691+0000] {dag.py:4180} INFO - Setting next_dagrun for parallel_weather_dag to None, run_after=None
[2026-08-31T08:29:38.749+0000] {processor.py:208} INFO - Processing /opt/airflow/dags/04_parallel_weather.py took 0.140 seconds
[2026-08-31T08:30:09.582+0000] {processor.py:186} INFO - Started process (PID=1043) to work on /opt/airflow/dags/04_parallel_weather.py
[2026-08-31T08:30:09.584+0000] {processor.py:914} INFO - Processing file /opt/airflow/dags/04_parallel_weather.py for tasks to queue
[2026-08-31T08:30:09.587+0000] {logging_mixin.py:190} INFO - [2026-08-31T08:30:09.587+0000] {dagbag.py:588} INFO - Filling up the DagBag from /opt/airflow/dags/04_parallel_weather.py
[2026-08-31T08:30:09.608+0000] {processor.py:925} INFO - DAG(s) 'parallel_weather_dag' retrieved from /opt/airflow/dags/04_parallel_weather.py
[2026-08-31T08:30:09.634+0000] {logging_mixin.py:190} INFO - [2026-08-31T08:30:09.634+0000] {dag.py:3239} INFO - Sync 1 DAGs
[2026-08-31T08:30:09.646+0000] {logging_mixin.py:190} INFO - [2026-08-31T08:30:09.646+0000] {dag.py:4180} INFO - Setting next_dagrun for parallel_weather_dag to None, run_after=None
[2026-08-31T08:30:09.665+0000] {processor.py:208} INFO - Processing /opt/airflow/dags/04_parallel_weather.py took 0.090 seconds
[2026-08-31T08:30:39.894+0000] {processor.py:186} INFO - Started process (PID=1057) to work on /opt/airflow/dags/04_parallel_weather.py
[2026-08-31T08:30:39.895+0000] {processor.py:914} INFO - Processing file /opt/airflow/dags/04_parallel_weather.py for tasks to queue
[2026-08-31T08:30:39.898+0000] {logging_mixin.py:190} INFO - [2026-08-31T08:30:39.897+0000] {dagbag.py:588} INFO - Filling up the DagBag from /opt/airflow/dags/04_parallel_weather.py
[2026-08-31T08:30:39.913+0000] {processor.py:925} INFO - DAG(s) 'parallel_weather_dag' retrieved from /opt/airflow/dags/04_parallel_weather.py
[2026-08-31T08:30:39.938+0000] {logging_mixin.py:190} INFO - [2026-08-31T08:30:39.938+0000] {dag.py:3239} INFO - Sync 1 DAGs
[2026-08-31T08:30:39.951+0000] {logging_mixin.py:190} INFO - [2026-08-31T08:30:39.950+0000] {dag.py:4180} INFO - Setting next_dagrun for parallel_weather_dag to None, run_after=None
[2026-08-31T08:30:39.966+0000] {processor.py:208} INFO - Processing /opt/airflow/dags/04_parallel_weather.py took 0.078 seconds
[2026-08-31T08:31:10.860+0000] {processor.py:186} INFO - Started process (PID=1071) to work on /opt/airflow/dags/04_parallel_weather.py
[2026-08-31T08:31:10.861+0000] {processor.py:914} INFO - Processing file /opt/airflow/dags/04_parallel_weather.py for tasks to queue
[2026-08-31T08:31:10.864+0000] {logging_mixin.py:190} INFO - [2026-08-31T08:31:10.863+0000] {dagbag.py:588} INFO - Filling up the DagBag from /opt/airflow/dags/04_parallel_weather.py
[2026-08-31T08:31:10.881+0000] {processor.py:925} INFO - DAG(s) 'parallel_weather_dag' retrieved from /opt/airflow/dags/04_parallel_weather.py
[2026-08-31T08:31:10.906+0000] {logging_mixin.py:190} INFO - [2026-08-31T08:31:10.905+0000] {dag.py:3239} INFO - Sync 1 DAGs
[2026-08-31T08:31:10.918+0000] {logging_mixin.py:190} INFO - [2026-08-31T08:31:10.918+0000] {dag.py:4180} INFO - Setting next_dagrun for parallel_weather_dag to None, run_after=None
[2026-08-31T08:31:10.937+0000] {processor.py:208} INFO - Processing /opt/airflow/dags/04_parallel_weather.py took 0.082 seconds
[2026-08-31T08:31:41.166+0000] {processor.py:186} INFO - Started process (PID=1085) to work on /opt/airflow/dags/04_parallel_weather.py
[2026-08-31T08:31:41.167+0000] {processor.py:914} INFO - Processing file /opt/airflow/dags/04_parallel_weather.py for tasks to queue
[2026-08-31T08:31:41.169+0000] {logging_mixin.py:190} INFO - [2026-08-31T08:31:41.169+0000] {dagbag.py:588} INFO - Filling up the DagBag from /opt/airflow/dags/04_parallel_weather.py
[2026-08-31T08:31:41.184+0000] {processor.py:925} INFO - DAG(s) 'parallel_weather_dag' retrieved from /opt/airflow/dags/04_parallel_weather.py
[2026-08-31T08:31:41.210+0000] {logging_mixin.py:190} INFO - [2026-08-31T08:31:41.210+0000] {dag.py:3239} INFO - Sync 1 DAGs
[2026-08-31T08:31:41.223+0000] {logging_mixin.py:190} INFO - [2026-08-31T08:31:41.223+0000] {dag.py:4180} INFO - Setting next_dagrun for parallel_weather_dag to None, run_after=None
[2026-08-31T08:31:41.239+0000] {processor.py:208} INFO - Processing /opt/airflow/dags/04_parallel_weather.py took 0.079 seconds
[2026-08-31T08:32:12.213+0000] {processor.py:186} INFO - Started process (PID=1099) to work on /opt/airflow/dags/04_parallel_weather.py
[2026-08-31T08:32:12.214+0000] {processor.py:914} INFO - Processing file /opt/airflow/dags/04_parallel_weather.py for tasks to queue
[2026-08-31T08:32:12.217+0000] {logging_mixin.py:190} INFO - [2026-08-31T08:32:12.216+0000] {dagbag.py:588} INFO - Filling up the DagBag from /opt/airflow/dags/04_parallel_weather.py
[2026-08-31T08:32:12.240+0000] {processor.py:925} INFO - DAG(s) 'parallel_weather_dag' retrieved from /opt/airflow/dags/04_parallel_weather.py
[2026-08-31T08:32:12.264+0000] {logging_mixin.py:190} INFO - [2026-08-31T08:32:12.263+0000] {dag.py:3239} INFO - Sync 1 DAGs
[2026-08-31T08:32:12.276+0000] {logging_mixin.py:190} INFO - [2026-08-31T08:32:12.276+0000] {dag.py:4180} INFO - Setting next_dagrun for parallel_weather_dag to None, run_after=None
[2026-08-31T08:32:12.292+0000] {processor.py:208} INFO - Processing /opt/airflow/dags/04_parallel_weather.py took 0.084 seconds
[2026-08-31T08:32:42.536+0000] {processor.py:186} INFO - Started process (PID=1113) to work on /opt/airflow/dags/04_parallel_weather.py
[2026-08-31T08:32:42.537+0000] {processor.py:914} INFO - Processing file /opt/airflow/dags/04_parallel_weather.py for tasks to queue
[2026-08-31T08:32:42.540+0000] {logging_mixin.py:190} INFO - [2026-08-31T08:32:42.539+0000] {dagbag.py:588} INFO - Filling up the DagBag from /opt/airflow/dags/04_parallel_weather.py
[2026-08-31T08:32:42.586+0000] {processor.py:925} INFO - DAG(s) 'parallel_weather_dag' retrieved from /opt/airflow/dags/04_parallel_weather.py
[2026-08-31T08:32:42.609+0000] {logging_mixin.py:190} INFO - [2026-08-31T08:32:42.608+0000] {dag.py:3239} INFO - Sync 1 DAGs
[2026-08-31T08:32:42.619+0000] {logging_mixin.py:190} INFO - [2026-08-31T08:32:42.619+0000] {dag.py:4180} INFO - Setting next_dagrun for parallel_weather_dag to None, run_after=None
[2026-08-31T08:32:42.642+0000] {processor.py:208} INFO - Processing /opt/airflow/dags/04_parallel_weather.py took 0.112 seconds
[2026-08-31T08:33:12.712+0000] {processor.py:186} INFO - Started process (PID=1127) to work on /opt/airflow/dags/04_parallel_weather.py
[2026-08-31T08:33:12.713+0000] {processor.py:914} INFO - Processing file /opt/airflow/dags/04_parallel_weather.py for tasks to queue
[2026-08-31T08:33:12.716+0000] {logging_mixin.py:190} INFO - [2026-08-31T08:33:12.715+0000] {dagbag.py:588} INFO - Filling up the DagBag from /opt/airflow/dags/04_parallel_weather.py
[2026-08-31T08:33:12.736+0000] {processor.py:925} INFO - DAG(s) 'parallel_weather_dag' retrieved from /opt/airflow/dags/04_parallel_weather.py
[2026-08-31T08:33:12.760+0000] {logging_mixin.py:190} INFO - [2026-08-31T08:33:12.759+0000] {dag.py:3239} INFO - Sync 1 DAGs
[2026-08-31T08:33:12.774+0000] {logging_mixin.py:190} INFO - [2026-08-31T08:33:12.774+0000] {dag.py:4180} INFO - Setting next_dagrun for parallel_weather_dag to None, run_after=None
[2026-08-31T08:33:12.799+0000] {processor.py:208} INFO - Processing /opt/airflow/dags/04_parallel_weather.py took 0.094 seconds
[2026-08-31T08:33:42.973+0000] {processor.py:186} INFO - Started process (PID=1141) to work on /opt/airflow/dags/04_parallel_weather.py
[2026-08-31T08:33:42.975+0000] {processor.py:914} INFO - Processing file /opt/airflow/dags/04_parallel_weather.py for tasks to queue
[2026-08-31T08:33:42.979+0000] {logging_mixin.py:190} INFO - [2026-08-31T08:33:42.978+0000] {dagbag.py:588} INFO - Filling up the DagBag from /opt/airflow/dags/04_parallel_weather.py
[2026-08-31T08:33:43.021+0000] {processor.py:925} INFO - DAG(s) 'parallel_weather_dag' retrieved from /opt/airflow/dags/04_parallel_weather.py
[2026-08-31T08:33:43.061+0000] {logging_mixin.py:190} INFO - [2026-08-31T08:33:43.061+0000] {dag.py:3239} INFO - Sync 1 DAGs
[2026-08-31T08:33:43.077+0000] {logging_mixin.py:190} INFO - [2026-08-31T08:33:43.077+0000] {dag.py:4180} INFO - Setting next_dagrun for parallel_weather_dag to None, run_after=None
[2026-08-31T08:33:43.100+0000] {processor.py:208} INFO - Processing /opt/airflow/dags/04_parallel_weather.py took 0.136 seconds
[2026-08-31T08:34:13.475+0000] {processor.py:186} INFO - Started process (PID=1155) to work on /opt/airflow/dags/04_parallel_weather.py
[2026-08-31T08:34:13.476+0000] {processor.py:914} INFO - Processing file /opt/airflow/dags/04_parallel_weather.py for tasks to queue
[2026-08-31T08:34:13.478+0000] {logging_mixin.py:190} INFO - [2026-08-31T08:34:13.478+0000] {dagbag.py:588} INFO - Filling up the DagBag from /opt/airflow/dags/04_parallel_weather.py
[2026-08-31T08:34:13.506+0000] {processor.py:925} INFO - DAG(s) 'parallel_weather_dag' retrieved from /opt/airflow/dags/04_parallel_weather.py
[2026-08-31T08:34:13.540+0000] {logging_mixin.py:190} INFO - [2026-08-31T08:34:13.540+0000] {dag.py:3239} INFO - Sync 1 DAGs
[2026-08-31T08:34:13.554+0000] {logging_mixin.py:190} INFO - [2026-08-31T08:34:13.554+0000] {dag.py:4180} INFO - Setting next_dagrun for parallel_weather_dag to None, run_after=None
[2026-08-31T08:34:13.572+0000] {processor.py:208} INFO - Processing /opt/airflow/dags/04_parallel_weather.py took 0.103 seconds
[2026-08-31T08:34:43.799+0000] {processor.py:186} INFO - Started process (PID=1169) to work on /opt/airflow/dags/04_parallel_weather.py
[2026-08-31T08:34:43.801+0000] {processor.py:914} INFO - Processing file /opt/airflow/dags/04_parallel_weather.py for tasks to queue
[2026-08-31T08:34:43.803+0000] {logging_mixin.py:190} INFO - [2026-08-31T08:34:43.803+0000] {dagbag.py:588} INFO - Filling up the DagBag from /opt/airflow/dags/04_parallel_weather.py
[2026-08-31T08:34:43.818+0000] {processor.py:925} INFO - DAG(s) 'parallel_weather_dag' retrieved from /opt/airflow/dags/04_parallel_weather.py
[2026-08-31T08:34:43.839+0000] {logging_mixin.py:190} INFO - [2026-08-31T08:34:43.839+0000] {dag.py:3239} INFO - Sync 1 DAGs
[2026-08-31T08:34:43.850+0000] {logging_mixin.py:190} INFO - [2026-08-31T08:34:43.849+0000] {dag.py:4180} INFO - Setting next_dagrun for parallel_weather_dag to None, run_after=None
[2026-08-31T08:34:43.871+0000] {processor.py:208} INFO - Processing /opt/airflow/dags/04_parallel_weather.py took 0.079 seconds
[2026-08-31T08:35:14.069+0000] {processor.py:186} INFO - Started process (PID=1183) to work on /opt/airflow/dags/04_parallel_weather.py
[2026-08-31T08:35:14.070+0000] {processor.py:914} INFO - Processing file /opt/airflow/dags/04_parallel_weather.py for tasks to queue
[2026-08-31T08:35:14.072+0000] {logging_mixin.py:190} INFO - [2026-08-31T08:35:14.072+0000] {dagbag.py:588} INFO - Filling up the DagBag from /opt/airflow/dags/04_parallel_weather.py
[2026-08-31T08:35:14.093+0000] {processor.py:925} INFO - DAG(s) 'parallel_weather_dag' retrieved from /opt/airflow/dags/04_parallel_weather.py
[2026-08-31T08:35:14.120+0000] {logging_mixin.py:190} INFO - [2026-08-31T08:35:14.120+0000] {dag.py:3239} INFO - Sync 1 DAGs
[2026-08-31T08:35:14.132+0000] {logging_mixin.py:190} INFO - [2026-08-31T08:35:14.132+0000] {dag.py:4180} INFO - Setting next_dagrun for parallel_weather_dag to None, run_after=None
[2026-08-31T08:35:14.150+0000] {processor.py:208} INFO - Processing /opt/airflow/dags/04_parallel_weather.py took 0.086 seconds
[2026-08-31T08:35:44.369+0000] {processor.py:186} INFO - Started process (PID=1197) to work on /opt/airflow/dags/04_parallel_weather.py
[2026-08-31T08:35:44.372+0000] {processor.py:914} INFO - Processing file /opt/airflow/dags/04_parallel_weather.py for tasks to queue
[2026-08-31T08:35:44.378+0000] {logging_mixin.py:190} INFO - [2026-08-31T08:35:44.377+0000] {dagbag.py:588} INFO - Filling up the DagBag from /opt/airflow/dags/04_parallel_weather.py
[2026-08-31T08:35:44.426+0000] {processor.py:925} INFO - DAG(s) 'parallel_weather_dag' retrieved from /opt/airflow/dags/04_parallel_weather.py
[2026-08-31T08:35:44.465+0000] {logging_mixin.py:190} INFO - [2026-08-31T08:35:44.465+0000] {dag.py:3239} INFO - Sync 1 DAGs
[2026-08-31T08:35:44.478+0000] {logging_mixin.py:190} INFO - [2026-08-31T08:35:44.478+0000] {dag.py:4180} INFO - Setting next_dagrun for parallel_weather_dag to None, run_after=None
[2026-08-31T08:35:44.503+0000] {processor.py:208} INFO - Processing /opt/airflow/dags/04_parallel_weather.py took 0.149 seconds
[2026-08-31T08:36:15.055+0000] {processor.py:186} INFO - Started process (PID=1211) to work on /opt/airflow/dags/04_parallel_weather.py
[2026-08-31T08:36:15.056+0000] {processor.py:914} INFO - Processing file /opt/airflow/dags/04_parallel_weather.py for tasks to queue
[2026-08-31T08:36:15.058+0000] {logging_mixin.py:190} INFO - [2026-08-31T08:36:15.057+0000] {dagbag.py:588} INFO - Filling up the DagBag from /opt/airflow/dags/04_parallel_weather.py
[2026-08-31T08:36:15.079+0000] {processor.py:925} INFO - DAG(s) 'parallel_weather_dag' retrieved from /opt/airflow/dags/04_parallel_weather.py
[2026-08-31T08:36:15.103+0000] {logging_mixin.py:190} INFO - [2026-08-31T08:36:15.103+0000] {dag.py:3239} INFO - Sync 1 DAGs
[2026-08-31T08:36:15.116+0000] {logging_mixin.py:190} INFO - [2026-08-31T08:36:15.116+0000] {dag.py:4180} INFO - Setting next_dagrun for parallel_weather_dag to None, run_after=None
[2026-08-31T08:36:15.131+0000] {processor.py:208} INFO - Processing /opt/airflow/dags/04_parallel_weather.py took 0.081 seconds
[2026-08-31T08:36:45.202+0000] {processor.py:186} INFO - Started process (PID=1225) to work on /opt/airflow/dags/04_parallel_weather.py
[2026-08-31T08:36:45.203+0000] {processor.py:914} INFO - Processing file /opt/airflow/dags/04_parallel_weather.py for tasks to queue
[2026-08-31T08:36:45.205+0000] {logging_mixin.py:190} INFO - [2026-08-31T08:36:45.205+0000] {dagbag.py:588} INFO - Filling up the DagBag from /opt/airflow/dags/04_parallel_weather.py
[2026-08-31T08:36:45.227+0000] {processor.py:925} INFO - DAG(s) 'parallel_weather_dag' retrieved from /opt/airflow/dags/04_parallel_weather.py
[2026-08-31T08:36:45.251+0000] {logging_mixin.py:190} INFO - [2026-08-31T08:36:45.251+0000] {dag.py:3239} INFO - Sync 1 DAGs
[2026-08-31T08:36:45.267+0000] {logging_mixin.py:190} INFO - [2026-08-31T08:36:45.266+0000] {dag.py:4180} INFO - Setting next_dagrun for parallel_weather_dag to None, run_after=None
[2026-08-31T08:36:45.297+0000] {processor.py:208} INFO - Processing /opt/airflow/dags/04_parallel_weather.py took 0.100 seconds
[2026-08-31T08:37:15.513+0000] {processor.py:186} INFO - Started process (PID=1239) to work on /opt/airflow/dags/04_parallel_weather.py
[2026-08-31T08:37:15.514+0000] {processor.py:914} INFO - Processing file /opt/airflow/dags/04_parallel_weather.py for tasks to queue
[2026-08-31T08:37:15.516+0000] {logging_mixin.py:190} INFO - [2026-08-31T08:37:15.516+0000] {dagbag.py:588} INFO - Filling up the DagBag from /opt/airflow/dags/04_parallel_weather.py
[2026-08-31T08:37:15.534+0000] {processor.py:925} INFO - DAG(s) 'parallel_weather_dag' retrieved from /opt/airflow/dags/04_parallel_weather.py
[2026-08-31T08:37:15.561+0000] {logging_mixin.py:190} INFO - [2026-08-31T08:37:15.560+0000] {dag.py:3239} INFO - Sync 1 DAGs
[2026-08-31T08:37:15.574+0000] {logging_mixin.py:190} INFO - [2026-08-31T08:37:15.574+0000] {dag.py:4180} INFO - Setting next_dagrun for parallel_weather_dag to None, run_after=None
[2026-08-31T08:37:15.590+0000] {processor.py:208} INFO - Processing /opt/airflow/dags/04_parallel_weather.py took 0.082 seconds
[2026-08-31T08:37:46.305+0000] {processor.py:186} INFO - Started process (PID=1253) to work on /opt/airflow/dags/04_parallel_weather.py
[2026-08-31T08:37:46.307+0000] {processor.py:914} INFO - Processing file /opt/airflow/dags/04_parallel_weather.py for tasks to queue
[2026-08-31T08:37:46.310+0000] {logging_mixin.py:190} INFO - [2026-08-31T08:37:46.310+0000] {dagbag.py:588} INFO - Filling up the DagBag from /opt/airflow/dags/04_parallel_weather.py
[2026-08-31T08:37:46.346+0000] {processor.py:925} INFO - DAG(s) 'parallel_weather_dag' retrieved from /opt/airflow/dags/04_parallel_weather.py
[2026-08-31T08:37:46.385+0000] {logging_mixin.py:190} INFO - [2026-08-31T08:37:46.385+0000] {dag.py:3239} INFO - Sync 1 DAGs
[2026-08-31T08:37:46.405+0000] {logging_mixin.py:190} INFO - [2026-08-31T08:37:46.405+0000] {dag.py:4180} INFO - Setting next_dagrun for parallel_weather_dag to None, run_after=None
[2026-08-31T08:37:46.436+0000] {processor.py:208} INFO - Processing /opt/airflow/dags/04_parallel_weather.py took 0.139 seconds
[2026-08-31T08:38:16.692+0000] {processor.py:186} INFO - Started process (PID=1267) to work on /opt/airflow/dags/04_parallel_weather.py
[2026-08-31T08:38:16.693+0000] {processor.py:914} INFO - Processing file /opt/airflow/dags/04_parallel_weather.py for tasks to queue
[2026-08-31T08:38:16.695+0000] {logging_mixin.py:190} INFO - [2026-08-31T08:38:16.694+0000] {dagbag.py:588} INFO - Filling up the DagBag from /opt/airflow/dags/04_parallel_weather.py
[2026-08-31T08:38:16.710+0000] {processor.py:925} INFO - DAG(s) 'parallel_weather_dag' retrieved from /opt/airflow/dags/04_parallel_weather.py
[2026-08-31T08:38:16.731+0000] {logging_mixin.py:190} INFO - [2026-08-31T08:38:16.731+0000] {dag.py:3239} INFO - Sync 1 DAGs
[2026-08-31T08:38:16.741+0000] {logging_mixin.py:190} INFO - [2026-08-31T08:38:16.741+0000] {dag.py:4180} INFO - Setting next_dagrun for parallel_weather_dag to None, run_after=None
[2026-08-31T08:38:16.762+0000] {processor.py:208} INFO - Processing /opt/airflow/dags/04_parallel_weather.py took 0.075 seconds
[2026-08-31T08:38:47.007+0000] {processor.py:186} INFO - Started process (PID=1281) to work on /opt/airflow/dags/04_parallel_weather.py
[2026-08-31T08:38:47.008+0000] {processor.py:914} INFO - Processing file /opt/airflow/dags/04_parallel_weather.py for tasks to queue
[2026-08-31T08:38:47.010+0000] {logging_mixin.py:190} INFO - [2026-08-31T08:38:47.010+0000] {dagbag.py:588} INFO - Filling up the DagBag from /opt/airflow/dags/04_parallel_weather.py
[2026-08-31T08:38:47.027+0000] {processor.py:925} INFO - DAG(s) 'parallel_weather_dag' retrieved from /opt/airflow/dags/04_parallel_weather.py
[2026-08-31T08:38:47.049+0000] {logging_mixin.py:190} INFO - [2026-08-31T08:38:47.048+0000] {dag.py:3239} INFO - Sync 1 DAGs
[2026-08-31T08:38:47.060+0000] {logging_mixin.py:190} INFO - [2026-08-31T08:38:47.060+0000] {dag.py:4180} INFO - Setting next_dagrun for parallel_weather_dag to None, run_after=None
[2026-08-31T08:38:47.079+0000] {processor.py:208} INFO - Processing /opt/airflow/dags/04_parallel_weather.py took 0.077 seconds
[2026-08-31T08:39:17.280+0000] {processor.py:186} INFO - Started process (PID=1296) to work on /opt/airflow/dags/04_parallel_weather.py
[2026-08-31T08:39:17.281+0000] {processor.py:914} INFO - Processing file /opt/airflow/dags/04_parallel_weather.py for tasks to queue
[2026-08-31T08:39:17.284+0000] {logging_mixin.py:190} INFO - [2026-08-31T08:39:17.283+0000] {dagbag.py:588} INFO - Filling up the DagBag from /opt/airflow/dags/04_parallel_weather.py
[2026-08-31T08:39:17.305+0000] {processor.py:925} INFO - DAG(s) 'parallel_weather_dag' retrieved from /opt/airflow/dags/04_parallel_weather.py
[2026-08-31T08:39:17.328+0000] {logging_mixin.py:190} INFO - [2026-08-31T08:39:17.328+0000] {dag.py:3239} INFO - Sync 1 DAGs
[2026-08-31T08:39:17.339+0000] {logging_mixin.py:190} INFO - [2026-08-31T08:39:17.339+0000] {dag.py:4180} INFO - Setting next_dagrun for parallel_weather_dag to None, run_after=None
[2026-08-31T08:39:17.355+0000] {processor.py:208} INFO - Processing /opt/airflow/dags/04_parallel_weather.py took 0.081 seconds
[2026-08-31T08:39:48.092+0000] {processor.py:186} INFO - Started process (PID=1310) to work on /opt/airflow/dags/04_parallel_weather.py
[2026-08-31T08:39:48.093+0000] {processor.py:914} INFO - Processing file /opt/airflow/dags/04_parallel_weather.py for tasks to queue
[2026-08-31T08:39:48.095+0000] {logging_mixin.py:190} INFO - [2026-08-31T08:39:48.095+0000] {dagbag.py:588} INFO - Filling up the DagBag from /opt/airflow/dags/04_parallel_weather.py
[2026-08-31T08:39:48.117+0000] {processor.py:925} INFO - DAG(s) 'parallel_weather_dag' retrieved from /opt/airflow/dags/04_parallel_weather.py
[2026-08-31T08:39:48.140+0000] {logging_mixin.py:190} INFO - [2026-08-31T08:39:48.139+0000] {dag.py:3239} INFO - Sync 1 DAGs
[2026-08-31T08:39:48.151+0000] {logging_mixin.py:190} INFO - [2026-08-31T08:39:48.151+0000] {dag.py:4180} INFO - Setting next_dagrun for parallel_weather_dag to None, run_after=None
[2026-08-31T08:39:48.167+0000] {processor.py:208} INFO - Processing /opt/airflow/dags/04_parallel_weather.py took 0.082 seconds
[2026-08-31T08:40:18.445+0000] {processor.py:186} INFO - Started process (PID=1324) to work on /opt/airflow/dags/04_parallel_weather.py
[2026-08-31T08:40:18.446+0000] {processor.py:914} INFO - Processing file /opt/airflow/dags/04_parallel_weather.py for tasks to queue
[2026-08-31T08:40:18.449+0000] {logging_mixin.py:190} INFO - [2026-08-31T08:40:18.449+0000] {dagbag.py:588} INFO - Filling up the DagBag from /opt/airflow/dags/04_parallel_weather.py
[2026-08-31T08:40:18.465+0000] {processor.py:925} INFO - DAG(s) 'parallel_weather_dag' retrieved from /opt/airflow/dags/04_parallel_weather.py
[2026-08-31T08:40:18.490+0000] {logging_mixin.py:190} INFO - [2026-08-31T08:40:18.489+0000] {dag.py:3239} INFO - Sync 1 DAGs
[2026-08-31T08:40:18.503+0000] {logging_mixin.py:190} INFO - [2026-08-31T08:40:18.502+0000] {dag.py:4180} INFO - Setting next_dagrun for parallel_weather_dag to None, run_after=None
[2026-08-31T08:40:18.521+0000] {processor.py:208} INFO - Processing /opt/airflow/dags/04_parallel_weather.py took 0.086 seconds
[2026-08-31T08:40:49.428+0000] {processor.py:186} INFO - Started process (PID=1338) to work on /opt/airflow/dags/04_parallel_weather.py
[2026-08-31T08:40:49.430+0000] {processor.py:914} INFO - Processing file /opt/airflow/dags/04_parallel_weather.py for tasks to queue
[2026-08-31T08:40:49.432+0000] {logging_mixin.py:190} INFO - [2026-08-31T08:40:49.432+0000] {dagbag.py:588} INFO - Filling up the DagBag from /opt/airflow/dags/04_parallel_weather.py
[2026-08-31T08:40:49.447+0000] {processor.py:925} INFO - DAG(s) 'parallel_weather_dag' retrieved from /opt/airflow/dags/04_parallel_weather.py
[2026-08-31T08:40:49.472+0000] {logging_mixin.py:190} INFO - [2026-08-31T08:40:49.471+0000] {dag.py:3239} INFO - Sync 1 DAGs
[2026-08-31T08:40:49.484+0000] {logging_mixin.py:190} INFO - [2026-08-31T08:40:49.484+0000] {dag.py:4180} INFO - Setting next_dagrun for parallel_weather_dag to None, run_after=None
[2026-08-31T08:40:49.502+0000] {processor.py:208} INFO - Processing /opt/airflow/dags/04_parallel_weather.py took 0.081 seconds
[2026-08-31T08:41:19.812+0000] {processor.py:186} INFO - Started process (PID=1352) to work on /opt/airflow/dags/04_parallel_weather.py
[2026-08-31T08:41:19.814+0000] {processor.py:914} INFO - Processing file /opt/airflow/dags/04_parallel_weather.py for tasks to queue
[2026-08-31T08:41:19.818+0000] {logging_mixin.py:190} INFO - [2026-08-31T08:41:19.818+0000] {dagbag.py:588} INFO - Filling up the DagBag from /opt/airflow/dags/04_parallel_weather.py
[2026-08-31T08:41:19.853+0000] {processor.py:925} INFO - DAG(s) 'parallel_weather_dag' retrieved from /opt/airflow/dags/04_parallel_weather.py
[2026-08-31T08:41:19.880+0000] {logging_mixin.py:190} INFO - [2026-08-31T08:41:19.880+0000] {dag.py:3239} INFO - Sync 1 DAGs
[2026-08-31T08:41:19.892+0000] {logging_mixin.py:190} INFO - [2026-08-31T08:41:19.892+0000] {dag.py:4180} INFO - Setting next_dagrun for parallel_weather_dag to None, run_after=None
[2026-08-31T08:41:19.909+0000] {processor.py:208} INFO - Processing /opt/airflow/dags/04_parallel_weather.py took 0.105 seconds
[2026-08-31T08:41:50.803+0000] {processor.py:186} INFO - Started process (PID=1366) to work on /opt/airflow/dags/04_parallel_weather.py
[2026-08-31T08:41:50.804+0000] {processor.py:914} INFO - Processing file /opt/airflow/dags/04_parallel_weather.py for tasks to queue
[2026-08-31T08:41:50.806+0000] {logging_mixin.py:190} INFO - [2026-08-31T08:41:50.805+0000] {dagbag.py:588} INFO - Filling up the DagBag from /opt/airflow/dags/04_parallel_weather.py
[2026-08-31T08:41:50.821+0000] {processor.py:925} INFO - DAG(s) 'parallel_weather_dag' retrieved from /opt/airflow/dags/04_parallel_weather.py
[2026-08-31T08:41:50.845+0000] {logging_mixin.py:190} INFO - [2026-08-31T08:41:50.845+0000] {dag.py:3239} INFO - Sync 1 DAGs
[2026-08-31T08:41:50.858+0000] {logging_mixin.py:190} INFO - [2026-08-31T08:41:50.858+0000] {dag.py:4180} INFO - Setting next_dagrun for parallel_weather_dag to None, run_after=None
[2026-08-31T08:41:50.880+0000] {processor.py:208} INFO - Processing /opt/airflow/dags/04_parallel_weather.py took 0.081 seconds
[2026-08-31T08:42:21.163+0000] {processor.py:186} INFO - Started process (PID=1380) to work on /opt/airflow/dags/04_parallel_weather.py
[2026-08-31T08:42:21.164+0000] {processor.py:914} INFO - Processing file /opt/airflow/dags/04_parallel_weather.py for tasks to queue
[2026-08-31T08:42:21.167+0000] {logging_mixin.py:190} INFO - [2026-08-31T08:42:21.166+0000] {dagbag.py:588} INFO - Filling up the DagBag from /opt/airflow/dags/04_parallel_weather.py
[2026-08-31T08:42:21.189+0000] {processor.py:925} INFO - DAG(s) 'parallel_weather_dag' retrieved from /opt/airflow/dags/04_parallel_weather.py
[2026-08-31T08:42:21.214+0000] {logging_mixin.py:190} INFO - [2026-08-31T08:42:21.214+0000] {dag.py:3239} INFO - Sync 1 DAGs
[2026-08-31T08:42:21.228+0000] {logging_mixin.py:190} INFO - [2026-08-31T08:42:21.228+0000] {dag.py:4180} INFO - Setting next_dagrun for parallel_weather_dag to None, run_after=None
[2026-08-31T08:42:21.262+0000] {processor.py:208} INFO - Processing /opt/airflow/dags/04_parallel_weather.py took 0.109 seconds
[2026-08-31T08:42:52.214+0000] {processor.py:186} INFO - Started process (PID=1394) to work on /opt/airflow/dags/04_parallel_weather.py
[2026-08-31T08:42:52.215+0000] {processor.py:914} INFO - Processing file /opt/airflow/dags/04_parallel_weather.py for tasks to queue
[2026-08-31T08:42:52.218+0000] {logging_mixin.py:190} INFO - [2026-08-31T08:42:52.218+0000] {dagbag.py:588} INFO - Filling up the DagBag from /opt/airflow/dags/04_parallel_weather.py
[2026-08-31T08:42:52.269+0000] {processor.py:925} INFO - DAG(s) 'parallel_weather_dag' retrieved from /opt/airflow/dags/04_parallel_weather.py
[2026-08-31T08:42:52.313+0000] {logging_mixin.py:190} INFO - [2026-08-31T08:42:52.313+0000] {dag.py:3239} INFO - Sync 1 DAGs
[2026-08-31T08:42:52.327+0000] {logging_mixin.py:190} INFO - [2026-08-31T08:42:52.327+0000] {dag.py:4180} INFO - Setting next_dagrun for parallel_weather_dag to None, run_after=None
[2026-08-31T08:42:52.347+0000] {processor.py:208} INFO - Processing /opt/airflow/dags/04_parallel_weather.py took 0.139 seconds
[2026-08-31T08:43:22.963+0000] {processor.py:186} INFO - Started process (PID=1408) to work on /opt/airflow/dags/04_parallel_weather.py
[2026-08-31T08:43:22.967+0000] {processor.py:914} INFO - Processing file /opt/airflow/dags/04_parallel_weather.py for tasks to queue
[2026-08-31T08:43:22.969+0000] {logging_mixin.py:190} INFO - [2026-08-31T08:43:22.969+0000] {dagbag.py:588} INFO - Filling up the DagBag from /opt/airflow/dags/04_parallel_weather.py
[2026-08-31T08:43:22.986+0000] {processor.py:925} INFO - DAG(s) 'parallel_weather_dag' retrieved from /opt/airflow/dags/04_parallel_weather.py
[2026-08-31T08:43:23.010+0000] {logging_mixin.py:190} INFO - [2026-08-31T08:43:23.010+0000] {dag.py:3239} INFO - Sync 1 DAGs
[2026-08-31T08:43:23.025+0000] {logging_mixin.py:190} INFO - [2026-08-31T08:43:23.025+0000] {dag.py:4180} INFO - Setting next_dagrun for parallel_weather_dag to None, run_after=None
[2026-08-31T08:43:23.049+0000] {processor.py:208} INFO - Processing /opt/airflow/dags/04_parallel_weather.py took 0.091 seconds
[2026-08-31T08:43:53.209+0000] {processor.py:186} INFO - Started process (PID=1422) to work on /opt/airflow/dags/04_parallel_weather.py
[2026-08-31T08:43:53.209+0000] {processor.py:914} INFO - Processing file /opt/airflow/dags/04_parallel_weather.py for tasks to queue
[2026-08-31T08:43:53.212+0000] {logging_mixin.py:190} INFO - [2026-08-31T08:43:53.211+0000] {dagbag.py:588} INFO - Filling up the DagBag from /opt/airflow/dags/04_parallel_weather.py
[2026-08-31T08:43:53.227+0000] {processor.py:925} INFO - DAG(s) 'parallel_weather_dag' retrieved from /opt/airflow/dags/04_parallel_weather.py
[2026-08-31T08:43:53.252+0000] {logging_mixin.py:190} INFO - [2026-08-31T08:43:53.251+0000] {dag.py:3239} INFO - Sync 1 DAGs
[2026-08-31T08:43:53.263+0000] {logging_mixin.py:190} INFO - [2026-08-31T08:43:53.263+0000] {dag.py:4180} INFO - Setting next_dagrun for parallel_weather_dag to None, run_after=None
[2026-08-31T08:43:53.278+0000] {processor.py:208} INFO - Processing /opt/airflow/dags/04_parallel_weather.py took 0.075 seconds
[2026-08-31T08:44:23.428+0000] {processor.py:186} INFO - Started process (PID=1436) to work on /opt/airflow/dags/04_parallel_weather.py
[2026-08-31T08:44:23.430+0000] {processor.py:914} INFO - Processing file /opt/airflow/dags/04_parallel_weather.py for tasks to queue
[2026-08-31T08:44:23.434+0000] {logging_mixin.py:190} INFO - [2026-08-31T08:44:23.434+0000] {dagbag.py:588} INFO - Filling up the DagBag from /opt/airflow/dags/04_parallel_weather.py
[2026-08-31T08:44:23.487+0000] {processor.py:925} INFO - DAG(s) 'parallel_weather_dag' retrieved from /opt/airflow/dags/04_parallel_weather.py
[2026-08-31T08:44:23.520+0000] {logging_mixin.py:190} INFO - [2026-08-31T08:44:23.519+0000] {dag.py:3239} INFO - Sync 1 DAGs
[2026-08-31T08:44:23.536+0000] {logging_mixin.py:190} INFO - [2026-08-31T08:44:23.536+0000] {dag.py:4180} INFO - Setting next_dagrun for parallel_weather_dag to None, run_after=None
[2026-08-31T08:44:23.564+0000] {processor.py:208} INFO - Processing /opt/airflow/dags/04_parallel_weather.py took 0.141 seconds
[2026-08-31T08:44:53.854+0000] {processor.py:186} INFO - Started process (PID=1450) to work on /opt/airflow/dags/04_parallel_weather.py
[2026-08-31T08:44:53.855+0000] {processor.py:914} INFO - Processing file /opt/airflow/dags/04_parallel_weather.py for tasks to queue
[2026-08-31T08:44:53.858+0000] {logging_mixin.py:190} INFO - [2026-08-31T08:44:53.857+0000] {dagbag.py:588} INFO - Filling up the DagBag from /opt/airflow/dags/04_parallel_weather.py
[2026-08-31T08:44:53.879+0000] {processor.py:925} INFO - DAG(s) 'parallel_weather_dag' retrieved from /opt/airflow/dags/04_parallel_weather.py
[2026-08-31T08:44:53.904+0000] {logging_mixin.py:190} INFO - [2026-08-31T08:44:53.904+0000] {dag.py:3239} INFO - Sync 1 DAGs
[2026-08-31T08:44:53.916+0000] {logging_mixin.py:190} INFO - [2026-08-31T08:44:53.916+0000] {dag.py:4180} INFO - Setting next_dagrun for parallel_weather_dag to None, run_after=None
[2026-08-31T08:44:53.932+0000] {processor.py:208} INFO - Processing /opt/airflow/dags/04_parallel_weather.py took 0.084 seconds
[2026-08-31T08:45:24.164+0000] {processor.py:186} INFO - Started process (PID=1464) to work on /opt/airflow/dags/04_parallel_weather.py
[2026-08-31T08:45:24.165+0000] {processor.py:914} INFO - Processing file /opt/airflow/dags/04_parallel_weather.py for tasks to queue
[2026-08-31T08:45:24.168+0000] {logging_mixin.py:190} INFO - [2026-08-31T08:45:24.168+0000] {dagbag.py:588} INFO - Filling up the DagBag from /opt/airflow/dags/04_parallel_weather.py
[2026-08-31T08:45:24.188+0000] {processor.py:925} INFO - DAG(s) 'parallel_weather_dag' retrieved from /opt/airflow/dags/04_parallel_weather.py
[2026-08-31T08:45:24.216+0000] {logging_mixin.py:190} INFO - [2026-08-31T08:45:24.216+0000] {dag.py:3239} INFO - Sync 1 DAGs
[2026-08-31T08:45:24.229+0000] {logging_mixin.py:190} INFO - [2026-08-31T08:45:24.228+0000] {dag.py:4180} INFO - Setting next_dagrun for parallel_weather_dag to None, run_after=None
[2026-08-31T08:45:24.251+0000] {processor.py:208} INFO - Processing /opt/airflow/dags/04_parallel_weather.py took 0.092 seconds
