[2026-08-31T07:56:11.178+0000] {processor.py:186} INFO - Started process (PID=99) to work on /opt/airflow/dags/05_etl_weather_postgres.py
[2026-08-31T07:56:11.180+0000] {processor.py:914} INFO - Processing file /opt/airflow/dags/05_etl_weather_postgres.py for tasks to queue
[2026-08-31T07:56:11.184+0000] {logging_mixin.py:190} INFO - [2026-08-31T07:56:11.184+0000] {dagbag.py:588} INFO - Filling up the DagBag from /opt/airflow/dags/05_etl_weather_postgres.py
[2026-08-31T07:56:11.249+0000] {processor.py:925} INFO - DAG(s) 'etl_weather_postgres_dag' retrieved from /opt/airflow/dags/05_etl_weather_postgres.py
[2026-08-31T07:56:11.352+0000] {logging_mixin.py:190} INFO - [2026-08-31T07:56:11.351+0000] {dag.py:3239} INFO - Sync 1 DAGs
[2026-08-31T07:56:11.402+0000] {logging_mixin.py:190} INFO - [2026-08-31T07:56:11.401+0000] {dag.py:4180} INFO - Setting next_dagrun for etl_weather_postgres_dag to None, run_after=None
[2026-08-31T07:56:11.458+0000] {processor.py:208} INFO - Processing /opt/airflow/dags/05_etl_weather_postgres.py took 0.292 seconds
[2026-08-31T07:56:41.863+0000] {processor.py:186} INFO - Started process (PID=111) to work on /opt/airflow/dags/05_etl_weather_postgres.py
[2026-08-31T07:56:41.864+0000] {processor.py:914} INFO - Processing file /opt/airflow/dags/05_etl_weather_postgres.py for tasks to queue
[2026-08-31T07:56:41.866+0000] {logging_mixin.py:190} INFO - [2026-08-31T07:56:41.865+0000] {dagbag.py:588} INFO - Filling up the DagBag from /opt/airflow/dags/05_etl_weather_postgres.py
[2026-08-31T07:56:41.885+0000] {processor.py:925} INFO - DAG(s) 'etl_weather_postgres_dag' retrieved from /opt/airflow/dags/05_etl_weather_postgres.py
[2026-08-31T07:56:41.911+0000] {logging_mixin.py:190} INFO - [2026-08-31T07:56:41.911+0000] {dag.py:3239} INFO - Sync 1 DAGs
[2026-08-31T07:56:41.924+0000] {logging_mixin.py:190} INFO - [2026-08-31T07:56:41.924+0000] {dag.py:4180} INFO - Setting next_dagrun for etl_weather_postgres_dag to None, run_after=None
[2026-08-31T07:56:41.943+0000] {processor.py:208} INFO - Processing /opt/airflow/dags/05_etl_weather_postgres.py took 0.085 seconds
[2026-08-31T07:57:12.053+0000] {processor.py:186} INFO - Started process (PID=125) to work on /opt/airflow/dags/05_etl_weather_postgres.py
[2026-08-31T07:57:12.054+0000] {processor.py:914} INFO - Processing file /opt/airflow/dags/05_etl_weather_postgres.py for tasks to queue
[2026-08-31T07:57:12.057+0000] {logging_mixin.py:190} INFO - [2026-08-31T07:57:12.056+0000] {dagbag.py:588} INFO - Filling up the DagBag from /opt/airflow/dags/05_etl_weather_postgres.py
[2026-08-31T07:57:12.078+0000] {processor.py:925} INFO - DAG(s) 'etl_weather_postgres_dag' retrieved from /opt/airflow/dags/05_etl_weather_postgres.py
[2026-08-31T07:57:12.100+0000] {logging_mixin.py:190} INFO - [2026-08-31T07:57:12.100+0000] {dag.py:3239} INFO - Sync 1 DAGs
[2026-08-31T07:57:12.111+0000] {logging_mixin.py:190} INFO - [2026-08-31T07:57:12.110+0000] {dag.py:4180} INFO - Setting next_dagrun for etl_weather_postgres_dag to None, run_after=None
[2026-08-31T07:57:12.132+0000] {processor.py:208} INFO - Processing /opt/airflow/dags/05_etl_weather_postgres.py took 0.085 seconds
[2026-08-31T07:57:42.596+0000] {processor.py:186} INFO - Started process (PID=139) to work on /opt/airflow/dags/05_etl_weather_postgres.py
[2026-08-31T07:57:42.597+0000] {processor.py:914} INFO - Processing file /opt/airflow/dags/05_etl_weather_postgres.py for tasks to queue
[2026-08-31T07:57:42.599+0000] {logging_mixin.py:190} INFO - [2026-08-31T07:57:42.599+0000] {dagbag.py:588} INFO - Filling up the DagBag from /opt/airflow/dags/05_etl_weather_postgres.py
[2026-08-31T07:57:42.623+0000] {processor.py:925} INFO - DAG(s) 'etl_weather_postgres_dag' retrieved from /opt/airflow/dags/05_etl_weather_postgres.py
[2026-08-31T07:57:42.647+0000] {logging_mixin.py:190} INFO - [2026-08-31T07:57:42.647+0000] {dag.py:3239} INFO - Sync 1 DAGs
[2026-08-31T07:57:42.658+0000] {logging_mixin.py:190} INFO - [2026-08-31T07:57:42.658+0000] {dag.py:4180} INFO - Setting next_dagrun for etl_weather_postgres_dag to None, run_after=None
[2026-08-31T07:57:42.696+0000] {processor.py:208} INFO - Processing /opt/airflow/dags/05_etl_weather_postgres.py took 0.106 seconds
[2026-08-31T07:58:13.161+0000] {processor.py:186} INFO - Started process (PID=153) to work on /opt/airflow/dags/05_etl_weather_postgres.py
[2026-08-31T07:58:13.162+0000] {processor.py:914} INFO - Processing file /opt/airflow/dags/05_etl_weather_postgres.py for tasks to queue
[2026-08-31T07:58:13.165+0000] {logging_mixin.py:190} INFO - [2026-08-31T07:58:13.164+0000] {dagbag.py:588} INFO - Filling up the DagBag from /opt/airflow/dags/05_etl_weather_postgres.py
[2026-08-31T07:58:13.186+0000] {processor.py:925} INFO - DAG(s) 'etl_weather_postgres_dag' retrieved from /opt/airflow/dags/05_etl_weather_postgres.py
[2026-08-31T07:58:13.210+0000] {logging_mixin.py:190} INFO - [2026-08-31T07:58:13.209+0000] {dag.py:3239} INFO - Sync 1 DAGs
[2026-08-31T07:58:13.220+0000] {logging_mixin.py:190} INFO - [2026-08-31T07:58:13.220+0000] {dag.py:4180} INFO - Setting next_dagrun for etl_weather_postgres_dag to None, run_after=None
[2026-08-31T07:58:13.240+0000] {processor.py:208} INFO - Processing /opt/airflow/dags/05_etl_weather_postgres.py took 0.083 seconds
[2026-08-31T07:58:44.180+0000] {processor.py:186} INFO - Started process (PID=167) to work on /opt/airflow/dags/05_etl_weather_postgres.py
[2026-08-31T07:58:44.182+0000] {processor.py:914} INFO - Processing file /opt/airflow/dags/05_etl_weather_postgres.py for tasks to queue
[2026-08-31T07:58:44.185+0000] {logging_mixin.py:190} INFO - [2026-08-31T07:58:44.185+0000] {dagbag.py:588} INFO - Filling up the DagBag from /opt/airflow/dags/05_etl_weather_postgres.py
[2026-08-31T07:58:44.222+0000] {processor.py:925} INFO - DAG(s) 'etl_weather_postgres_dag' retrieved from /opt/airflow/dags/05_etl_weather_postgres.py
[2026-08-31T07:58:44.361+0000] {logging_mixin.py:190} INFO - [2026-08-31T07:58:44.361+0000] {dag.py:3239} INFO - Sync 1 DAGs
[2026-08-31T07:58:44.373+0000] {logging_mixin.py:190} INFO - [2026-08-31T07:58:44.373+0000] {dag.py:4180} INFO - Setting next_dagrun for etl_weather_postgres_dag to None, run_after=None
[2026-08-31T07:58:44.394+0000] {processor.py:208} INFO - Processing /opt/airflow/dags/05_etl_weather_postgres.py took 0.221 seconds
[2026-08-31T07:59:14.773+0000] {processor.py:186} INFO - Started process (PID=181) to work on /opt/airflow/dags/05_etl_weather_postgres.py
[2026-08-31T07:59:14.775+0000] {processor.py:914} INFO - Processing file /opt/airflow/dags/05_etl_weather_postgres.py for tasks to queue
[2026-08-31T07:59:14.778+0000] {logging_mixin.py:190} INFO - [2026-08-31T07:59:14.778+0000] {dagbag.py:588} INFO - Filling up the DagBag from /opt/airflow/dags/05_etl_weather_postgres.py
[2026-08-31T07:59:14.797+0000] {processor.py:925} INFO - DAG(s) 'etl_weather_postgres_dag' retrieved from /opt/airflow/dags/05_etl_weather_postgres.py
[2026-08-31T07:59:14.827+0000] {logging_mixin.py:190} INFO - [2026-08-31T07:59:14.827+0000] {dag.py:3239} INFO - Sync 1 DAGs
[2026-08-31T07:59:14.837+0000] {logging_mixin.py:190} INFO - [2026-08-31T07:59:14.837+0000] {dag.py:4180} INFO - Setting next_dagrun for etl_weather_postgres_dag to None, run_after=None
[2026-08-31T07:59:14.853+0000] {processor.py:208} INFO - Processing /opt/airflow/dags/05_etl_weather_postgres.py took 0.084 seconds
[2026-08-31T07:59:44.979+0000] {processor.py:186} INFO - Started process (PID=195) to work on /opt/airflow/dags/05_etl_weather_postgres.py
[2026-08-31T07:59:44.980+0000] {processor.py:914} INFO - Processing file /opt/airflow/dags/05_etl_weather_postgres.py for tasks to queue
[2026-08-31T07:59:44.982+0000] {logging_mixin.py:190} INFO - [2026-08-31T07:59:44.982+0000] {dagbag.py:588} INFO - Filling up the DagBag from /opt/airflow/dags/05_etl_weather_postgres.py
[2026-08-31T07:59:45.010+0000] {processor.py:925} INFO - DAG(s) 'etl_weather_postgres_dag' retrieved from /opt/airflow/dags/05_etl_weather_postgres.py
[2026-08-31T07:59:45.035+0000] {logging_mixin.py:190} INFO - [2026-08-31T07:59:45.034+0000] {dag.py:3239} INFO - Sync 1 DAGs
[2026-08-31T07:59:45.047+0000] {logging_mixin.py:190} INFO - [2026-08-31T07:59:45.047+0000] {dag.py:4180} INFO - Setting next_dagrun for etl_weather_postgres_dag to None, run_after=None
[2026-08-31T07:59:45.076+0000] {processor.py:208} INFO - Processing /opt/airflow/dags/05_etl_weather_postgres.py took 0.106 seconds
[2026-08-31T08:00:15.168+0000] {processor.py:186} INFO - Started process (PID=209) to work on /opt/airflow/dags/05_etl_weather_postgres.py
[2026-08-31T08:00:15.169+0000] {processor.py:914} INFO - Processing file /opt/airflow/dags/05_etl_weather_postgres.py for tasks to queue
[2026-08-31T08:00:15.172+0000] {logging_mixin.py:190} INFO - [2026-08-31T08:00:15.171+0000] {dagbag.py:588} INFO - Filling up the DagBag from /opt/airflow/dags/05_etl_weather_postgres.py
[2026-08-31T08:00:15.186+0000] {processor.py:925} INFO - DAG(s) 'etl_weather_postgres_dag' retrieved from /opt/airflow/dags/05_etl_weather_postgres.py
[2026-08-31T08:00:15.209+0000] {logging_mixin.py:190} INFO - [2026-08-31T08:00:15.209+0000] {dag.py:3239} INFO - Sync 1 DAGs
[2026-08-31T08:00:15.219+0000] {logging_mixin.py:190} INFO - [2026-08-31T08:00:15.219+0000] {dag.py:4180} INFO - Setting next_dagrun for etl_weather_postgres_dag to None, run_after=None
[2026-08-31T08:00:15.242+0000] {processor.py:208} INFO - Processing /opt/airflow/dags/05_etl_weather_postgres.py took 0.078 seconds
[2026-08-31T08:00:45.635+0000] {processor.py:186} INFO - Started process (PID=223) to work on /opt/airflow/dags/05_etl_weather_postgres.py
[2026-08-31T08:00:45.636+0000] {processor.py:914} INFO - Processing file /opt/airflow/dags/05_etl_weather_postgres.py for tasks to queue
[2026-08-31T08:00:45.639+0000] {logging_mixin.py:190} INFO - [2026-08-31T08:00:45.638+0000] {dagbag.py:588} INFO - Filling up the DagBag from /opt/airflow/dags/05_etl_weather_postgres.py
[2026-08-31T08:00:45.664+0000] {processor.py:925} INFO - DAG(s) 'etl_weather_postgres_dag' retrieved from /opt/airflow/dags/05_etl_weather_postgres.py
[2026-08-31T08:00:45.689+0000] {logging_mixin.py:190} INFO - [2026-08-31T08:00:45.689+0000] {dag.py:3239} INFO - Sync 1 DAGs
[2026-08-31T08:00:45.700+0000] {logging_mixin.py:190} INFO - [2026-08-31T08:00:45.700+0000] {dag.py:4180} INFO - Setting next_dagrun for etl_weather_postgres_dag to None, run_after=None
[2026-08-31T08:00:45.725+0000] {processor.py:208} INFO - Processing /opt/airflow/dags/05_etl_weather_postgres.py took 0.098 seconds
[2026-08-31T08:01:16.655+0000] {processor.py:186} INFO - Started process (PID=237) to work on /opt/airflow/dags/05_etl_weather_postgres.py
[2026-08-31T08:01:16.657+0000] {processor.py:914} INFO - Processing file /opt/airflow/dags/05_etl_weather_postgres.py for tasks to queue
[2026-08-31T08:01:16.659+0000] {logging_mixin.py:190} INFO - [2026-08-31T08:01:16.659+0000] {dagbag.py:588} INFO - Filling up the DagBag from /opt/airflow/dags/05_etl_weather_postgres.py
[2026-08-31T08:01:16.687+0000] {processor.py:925} INFO - DAG(s) 'etl_weather_postgres_dag' retrieved from /opt/airflow/dags/05_etl_weather_postgres.py
[2026-08-31T08:01:16.711+0000] {logging_mixin.py:190} INFO - [2026-08-31T08:01:16.710+0000] {dag.py:3239} INFO - Sync 1 DAGs
[2026-08-31T08:01:16.722+0000] {logging_mixin.py:190} INFO - [2026-08-31T08:01:16.722+0000] {dag.py:4180} INFO - Setting next_dagrun for etl_weather_postgres_dag to None, run_after=None
[2026-08-31T08:01:16.886+0000] {processor.py:208} INFO - Processing /opt/airflow/dags/05_etl_weather_postgres.py took 0.240 seconds
[2026-08-31T08:01:47.072+0000] {processor.py:186} INFO - Started process (PID=251) to work on /opt/airflow/dags/05_etl_weather_postgres.py
[2026-08-31T08:01:47.088+0000] {processor.py:914} INFO - Processing file /opt/airflow/dags/05_etl_weather_postgres.py for tasks to queue
[2026-08-31T08:01:47.094+0000] {logging_mixin.py:190} INFO - [2026-08-31T08:01:47.093+0000] {dagbag.py:588} INFO - Filling up the DagBag from /opt/airflow/dags/05_etl_weather_postgres.py
[2026-08-31T08:01:47.155+0000] {processor.py:925} INFO - DAG(s) 'etl_weather_postgres_dag' retrieved from /opt/airflow/dags/05_etl_weather_postgres.py
[2026-08-31T08:01:47.195+0000] {logging_mixin.py:190} INFO - [2026-08-31T08:01:47.194+0000] {dag.py:3239} INFO - Sync 1 DAGs
[2026-08-31T08:01:47.206+0000] {logging_mixin.py:190} INFO - [2026-08-31T08:01:47.206+0000] {dag.py:4180} INFO - Setting next_dagrun for etl_weather_postgres_dag to None, run_after=None
[2026-08-31T08:01:47.241+0000] {processor.py:208} INFO - Processing /opt/airflow/dags/05_etl_weather_postgres.py took 0.181 seconds
[2026-08-31T08:02:17.407+0000] {processor.py:186} INFO - Started process (PID=265) to work on /opt/airflow/dags/05_etl_weather_postgres.py
[2026-08-31T08:02:17.408+0000] {processor.py:914} INFO - Processing file /opt/airflow/dags/05_etl_weather_postgres.py for tasks to queue
[2026-08-31T08:02:17.410+0000] {logging_mixin.py:190} INFO - [2026-08-31T08:02:17.410+0000] {dagbag.py:588} INFO - Filling up the DagBag from /opt/airflow/dags/05_etl_weather_postgres.py
[2026-08-31T08:02:17.432+0000] {processor.py:925} INFO - DAG(s) 'etl_weather_postgres_dag' retrieved from /opt/airflow/dags/05_etl_weather_postgres.py
[2026-08-31T08:02:17.460+0000] {logging_mixin.py:190} INFO - [2026-08-31T08:02:17.460+0000] {dag.py:3239} INFO - Sync 1 DAGs
[2026-08-31T08:02:17.472+0000] {logging_mixin.py:190} INFO - [2026-08-31T08:02:17.471+0000] {dag.py:4180} INFO - Setting next_dagrun for etl_weather_postgres_dag to None, run_after=None
[2026-08-31T08:02:17.492+0000] {processor.py:208} INFO - Processing /opt/airflow/dags/05_etl_weather_postgres.py took 0.092 seconds
[2026-08-31T08:02:48.262+0000] {processor.py:186} INFO - Started process (PID=279) to work on /opt/airflow/dags/05_etl_weather_postgres.py
[2026-08-31T08:02:48.263+0000] {processor.py:914} INFO - Processing file /opt/airflow/dags/05_etl_weather_postgres.py for tasks to queue
[2026-08-31T08:02:48.265+0000] {logging_mixin.py:190} INFO - [2026-08-31T08:02:48.265+0000] {dagbag.py:588} INFO - Filling up the DagBag from /opt/airflow/dags/05_etl_weather_postgres.py
[2026-08-31T08:02:48.280+0000] {processor.py:925} INFO - DAG(s) 'etl_weather_postgres_dag' retrieved from /opt/airflow/dags/05_etl_weather_postgres.py
[2026-08-31T08:02:48.304+0000] {logging_mixin.py:190} INFO - [2026-08-31T08:02:48.303+0000] {dag.py:3239} INFO - Sync 1 DAGs
[2026-08-31T08:02:48.315+0000] {logging_mixin.py:190} INFO - [2026-08-31T08:02:48.314+0000] {dag.py:4180} INFO - Setting next_dagrun for etl_weather_postgres_dag to None, run_after=None
[2026-08-31T08:02:48.340+0000] {processor.py:208} INFO - Processing /opt/airflow/dags/05_etl_weather_postgres.py took 0.082 seconds
[2026-08-31T08:03:18.557+0000] {processor.py:186} INFO - Started process (PID=293) to work on /opt/airflow/dags/05_etl_weather_postgres.py
[2026-08-31T08:03:18.558+0000] {processor.py:914} INFO - Processing file /opt/airflow/dags/05_etl_weather_postgres.py for tasks to queue
[2026-08-31T08:03:18.561+0000] {logging_mixin.py:190} INFO - [2026-08-31T08:03:18.561+0000] {dagbag.py:588} INFO - Filling up the DagBag from /opt/airflow/dags/05_etl_weather_postgres.py
[2026-08-31T08:03:18.580+0000] {processor.py:925} INFO - DAG(s) 'etl_weather_postgres_dag' retrieved from /opt/airflow/dags/05_etl_weather_postgres.py
[2026-08-31T08:03:18.604+0000] {logging_mixin.py:190} INFO - [2026-08-31T08:03:18.604+0000] {dag.py:3239} INFO - Sync 1 DAGs
[2026-08-31T08:03:18.618+0000] {logging_mixin.py:190} INFO - [2026-08-31T08:03:18.617+0000] {dag.py:4180} INFO - Setting next_dagrun for etl_weather_postgres_dag to None, run_after=None
[2026-08-31T08:03:18.642+0000] {processor.py:208} INFO - Processing /opt/airflow/dags/05_etl_weather_postgres.py took 0.091 seconds
[2026-08-31T08:03:48.711+0000] {processor.py:186} INFO - Started process (PID=307) to work on /opt/airflow/dags/05_etl_weather_postgres.py
[2026-08-31T08:03:48.713+0000] {processor.py:914} INFO - Processing file /opt/airflow/dags/05_etl_weather_postgres.py for tasks to queue
[2026-08-31T08:03:48.715+0000] {logging_mixin.py:190} INFO - [2026-08-31T08:03:48.715+0000] {dagbag.py:588} INFO - Filling up the DagBag from /opt/airflow/dags/05_etl_weather_postgres.py
[2026-08-31T08:03:48.745+0000] {processor.py:925} INFO - DAG(s) 'etl_weather_postgres_dag' retrieved from /opt/airflow/dags/05_etl_weather_postgres.py
[2026-08-31T08:03:48.773+0000] {logging_mixin.py:190} INFO - [2026-08-31T08:03:48.773+0000] {dag.py:3239} INFO - Sync 1 DAGs
[2026-08-31T08:03:48.787+0000] {logging_mixin.py:190} INFO - [2026-08-31T08:03:48.786+0000] {dag.py:4180} INFO - Setting next_dagrun for etl_weather_postgres_dag to None, run_after=None
[2026-08-31T08:03:48.810+0000] {processor.py:208} INFO - Processing /opt/airflow/dags/05_etl_weather_postgres.py took 0.105 seconds
[2026-08-31T08:04:18.981+0000] {processor.py:186} INFO - Started process (PID=321) to work on /opt/airflow/dags/05_etl_weather_postgres.py
[2026-08-31T08:04:18.983+0000] {processor.py:914} INFO - Processing file /opt/airflow/dags/05_etl_weather_postgres.py for tasks to queue
[2026-08-31T08:04:18.985+0000] {logging_mixin.py:190} INFO - [2026-08-31T08:04:18.985+0000] {dagbag.py:588} INFO - Filling up the DagBag from /opt/airflow/dags/05_etl_weather_postgres.py
[2026-08-31T08:04:19.016+0000] {processor.py:925} INFO - DAG(s) 'etl_weather_postgres_dag' retrieved from /opt/airflow/dags/05_etl_weather_postgres.py
[2026-08-31T08:04:19.042+0000] {logging_mixin.py:190} INFO - [2026-08-31T08:04:19.041+0000] {dag.py:3239} INFO - Sync 1 DAGs
[2026-08-31T08:04:19.055+0000] {logging_mixin.py:190} INFO - [2026-08-31T08:04:19.054+0000] {dag.py:4180} INFO - Setting next_dagrun for etl_weather_postgres_dag to None, run_after=None
[2026-08-31T08:04:19.076+0000] {processor.py:208} INFO - Processing /opt/airflow/dags/05_etl_weather_postgres.py took 0.101 seconds
[2026-08-31T08:04:49.279+0000] {processor.py:186} INFO - Started process (PID=335) to work on /opt/airflow/dags/05_etl_weather_postgres.py
[2026-08-31T08:04:49.280+0000] {processor.py:914} INFO - Processing file /opt/airflow/dags/05_etl_weather_postgres.py for tasks to queue
[2026-08-31T08:04:49.282+0000] {logging_mixin.py:190} INFO - [2026-08-31T08:04:49.282+0000] {dagbag.py:588} INFO - Filling up the DagBag from /opt/airflow/dags/05_etl_weather_postgres.py
[2026-08-31T08:04:49.298+0000] {processor.py:925} INFO - DAG(s) 'etl_weather_postgres_dag' retrieved from /opt/airflow/dags/05_etl_weather_postgres.py
[2026-08-31T08:04:49.330+0000] {logging_mixin.py:190} INFO - [2026-08-31T08:04:49.330+0000] {dag.py:3239} INFO - Sync 1 DAGs
[2026-08-31T08:04:49.344+0000] {logging_mixin.py:190} INFO - [2026-08-31T08:04:49.343+0000] {dag.py:4180} INFO - Setting next_dagrun for etl_weather_postgres_dag to None, run_after=None
[2026-08-31T08:04:49.364+0000] {processor.py:208} INFO - Processing /opt/airflow/dags/05_etl_weather_postgres.py took 0.090 seconds
[2026-08-31T08:05:19.747+0000] {processor.py:186} INFO - Started process (PID=349) to work on /opt/airflow/dags/05_etl_weather_postgres.py
[2026-08-31T08:05:19.748+0000] {processor.py:914} INFO - Processing file /opt/airflow/dags/05_etl_weather_postgres.py for tasks to queue
[2026-08-31T08:05:19.750+0000] {logging_mixin.py:190} INFO - [2026-08-31T08:05:19.749+0000] {dagbag.py:588} INFO - Filling up the DagBag from /opt/airflow/dags/05_etl_weather_postgres.py
[2026-08-31T08:05:19.781+0000] {processor.py:925} INFO - DAG(s) 'etl_weather_postgres_dag' retrieved from /opt/airflow/dags/05_etl_weather_postgres.py
[2026-08-31T08:05:19.809+0000] {logging_mixin.py:190} INFO - [2026-08-31T08:05:19.809+0000] {dag.py:3239} INFO - Sync 1 DAGs
[2026-08-31T08:05:19.820+0000] {logging_mixin.py:190} INFO - [2026-08-31T08:05:19.819+0000] {dag.py:4180} INFO - Setting next_dagrun for etl_weather_postgres_dag to None, run_after=None
[2026-08-31T08:05:19.843+0000] {processor.py:208} INFO - Processing /opt/airflow/dags/05_etl_weather_postgres.py took 0.101 seconds
[2026-08-31T08:05:50.589+0000] {processor.py:186} INFO - Started process (PID=363) to work on /opt/airflow/dags/05_etl_weather_postgres.py
[2026-08-31T08:05:50.590+0000] {processor.py:914} INFO - Processing file /opt/airflow/dags/05_etl_weather_postgres.py for tasks to queue
[2026-08-31T08:05:50.592+0000] {logging_mixin.py:190} INFO - [2026-08-31T08:05:50.592+0000] {dagbag.py:588} INFO - Filling up the DagBag from /opt/airflow/dags/05_etl_weather_postgres.py
[2026-08-31T08:05:50.619+0000] {processor.py:925} INFO - DAG(s) 'etl_weather_postgres_dag' retrieved from /opt/airflow/dags/05_etl_weather_postgres.py
[2026-08-31T08:05:50.679+0000] {logging_mixin.py:190} INFO - [2026-08-31T08:05:50.678+0000] {dag.py:3239} INFO - Sync 1 DAGs
[2026-08-31T08:05:50.697+0000] {logging_mixin.py:190} INFO - [2026-08-31T08:05:50.696+0000] {dag.py:4180} INFO - Setting next_dagrun for etl_weather_postgres_dag to None, run_after=None
[2026-08-31T08:05:50.718+0000] {processor.py:208} INFO - Processing /opt/airflow/dags/05_etl_weather_postgres.py took 0.136 seconds
[2026-08-31T08:06:20.865+0000] {processor.py:186} INFO - Started process (PID=378) to work on /opt/airflow/dags/05_etl_weather_postgres.py
[2026-08-31T08:06:20.866+0000] {processor.py:914} INFO - Processing file /opt/airflow/dags/05_etl_weather_postgres.py for tasks to queue
[2026-08-31T08:06:20.868+0000] {logging_mixin.py:190} INFO - [2026-08-31T08:06:20.868+0000] {dagbag.py:588} INFO - Filling up the DagBag from /opt/airflow/dags/05_etl_weather_postgres.py
[2026-08-31T08:06:20.891+0000] {processor.py:925} INFO - DAG(s) 'etl_weather_postgres_dag' retrieved from /opt/airflow/dags/05_etl_weather_postgres.py
[2026-08-31T08:06:20.933+0000] {logging_mixin.py:190} INFO - [2026-08-31T08:06:20.932+0000] {dag.py:3239} INFO - Sync 1 DAGs
[2026-08-31T08:06:20.946+0000] {logging_mixin.py:190} INFO - [2026-08-31T08:06:20.946+0000] {dag.py:4180} INFO - Setting next_dagrun for etl_weather_postgres_dag to None, run_after=None
[2026-08-31T08:06:20.971+0000] {processor.py:208} INFO - Processing /opt/airflow/dags/05_etl_weather_postgres.py took 0.111 seconds
[2026-08-31T08:06:51.115+0000] {processor.py:186} INFO - Started process (PID=392) to work on /opt/airflow/dags/05_etl_weather_postgres.py
[2026-08-31T08:06:51.116+0000] {processor.py:914} INFO - Processing file /opt/airflow/dags/05_etl_weather_postgres.py for tasks to queue
[2026-08-31T08:06:51.119+0000] {logging_mixin.py:190} INFO - [2026-08-31T08:06:51.119+0000] {dagbag.py:588} INFO - Filling up the DagBag from /opt/airflow/dags/05_etl_weather_postgres.py
[2026-08-31T08:06:51.142+0000] {processor.py:925} INFO - DAG(s) 'etl_weather_postgres_dag' retrieved from /opt/airflow/dags/05_etl_weather_postgres.py
[2026-08-31T08:06:51.167+0000] {logging_mixin.py:190} INFO - [2026-08-31T08:06:51.167+0000] {dag.py:3239} INFO - Sync 1 DAGs
[2026-08-31T08:06:51.180+0000] {logging_mixin.py:190} INFO - [2026-08-31T08:06:51.180+0000] {dag.py:4180} INFO - Setting next_dagrun for etl_weather_postgres_dag to None, run_after=None
[2026-08-31T08:06:51.204+0000] {processor.py:208} INFO - Processing /opt/airflow/dags/05_etl_weather_postgres.py took 0.094 seconds
[2026-08-31T08:07:21.401+0000] {processor.py:186} INFO - Started process (PID=406) to work on /opt/airflow/dags/05_etl_weather_postgres.py
[2026-08-31T08:07:21.402+0000] {processor.py:914} INFO - Processing file /opt/airflow/dags/05_etl_weather_postgres.py for tasks to queue
[2026-08-31T08:07:21.405+0000] {logging_mixin.py:190} INFO - [2026-08-31T08:07:21.404+0000] {dagbag.py:588} INFO - Filling up the DagBag from /opt/airflow/dags/05_etl_weather_postgres.py
[2026-08-31T08:07:21.425+0000] {processor.py:925} INFO - DAG(s) 'etl_weather_postgres_dag' retrieved from /opt/airflow/dags/05_etl_weather_postgres.py
[2026-08-31T08:07:21.452+0000] {logging_mixin.py:190} INFO - [2026-08-31T08:07:21.451+0000] {dag.py:3239} INFO - Sync 1 DAGs
[2026-08-31T08:07:21.464+0000] {logging_mixin.py:190} INFO - [2026-08-31T08:07:21.464+0000] {dag.py:4180} INFO - Setting next_dagrun for etl_weather_postgres_dag to None, run_after=None
[2026-08-31T08:07:21.481+0000] {processor.py:208} INFO - Processing /opt/airflow/dags/05_etl_weather_postgres.py took 0.085 seconds
[2026-08-31T08:07:51.695+0000] {processor.py:186} INFO - Started process (PID=420) to work on /opt/airflow/dags/05_etl_weather_postgres.py
[2026-08-31T08:07:51.696+0000] {processor.py:914} INFO - Processing file /opt/airflow/dags/05_etl_weather_postgres.py for tasks to queue
[2026-08-31T08:07:51.699+0000] {logging_mixin.py:190} INFO - [2026-08-31T08:07:51.698+0000] {dagbag.py:588} INFO - Filling up the DagBag from /opt/airflow/dags/05_etl_weather_postgres.py
[2026-08-31T08:07:51.727+0000] {processor.py:925} INFO - DAG(s) 'etl_weather_postgres_dag' retrieved from /opt/airflow/dags/05_etl_weather_postgres.py
[2026-08-31T08:07:51.763+0000] {logging_mixin.py:190} INFO - [2026-08-31T08:07:51.763+0000] {dag.py:3239} INFO - Sync 1 DAGs
[2026-08-31T08:07:51.782+0000] {logging_mixin.py:190} INFO - [2026-08-31T08:07:51.781+0000] {dag.py:4180} INFO - Setting next_dagrun for etl_weather_postgres_dag to None, run_after=None
[2026-08-31T08:07:51.809+0000] {processor.py:208} INFO - Processing /opt/airflow/dags/05_etl_weather_postgres.py took 0.121 seconds
[2026-08-31T08:08:21.956+0000] {processor.py:186} INFO - Started process (PID=434) to work on /opt/airflow/dags/05_etl_weather_postgres.py
[2026-08-31T08:08:21.958+0000] {processor.py:914} INFO - Processing file /opt/airflow/dags/05_etl_weather_postgres.py for tasks to queue
[2026-08-31T08:08:21.962+0000] {logging_mixin.py:190} INFO - [2026-08-31T08:08:21.962+0000] {dagbag.py:588} INFO - Filling up the DagBag from /opt/airflow/dags/05_etl_weather_postgres.py
[2026-08-31T08:08:21.996+0000] {processor.py:925} INFO - DAG(s) 'etl_weather_postgres_dag' retrieved from /opt/airflow/dags/05_etl_weather_postgres.py
[2026-08-31T08:08:22.030+0000] {logging_mixin.py:190} INFO - [2026-08-31T08:08:22.029+0000] {dag.py:3239} INFO - Sync 1 DAGs
[2026-08-31T08:08:22.047+0000] {logging_mixin.py:190} INFO - [2026-08-31T08:08:22.047+0000] {dag.py:4180} INFO - Setting next_dagrun for etl_weather_postgres_dag to None, run_after=None
[2026-08-31T08:08:22.071+0000] {processor.py:208} INFO - Processing /opt/airflow/dags/05_etl_weather_postgres.py took 0.123 seconds
[2026-08-31T08:08:52.292+0000] {processor.py:186} INFO - Started process (PID=448) to work on /opt/airflow/dags/05_etl_weather_postgres.py
[2026-08-31T08:08:52.294+0000] {processor.py:914} INFO - Processing file /opt/airflow/dags/05_etl_weather_postgres.py for tasks to queue
[2026-08-31T08:08:52.300+0000] {logging_mixin.py:190} INFO - [2026-08-31T08:08:52.300+0000] {dagbag.py:588} INFO - Filling up the DagBag from /opt/airflow/dags/05_etl_weather_postgres.py
[2026-08-31T08:08:52.341+0000] {processor.py:925} INFO - DAG(s) 'etl_weather_postgres_dag' retrieved from /opt/airflow/dags/05_etl_weather_postgres.py
[2026-08-31T08:08:52.383+0000] {logging_mixin.py:190} INFO - [2026-08-31T08:08:52.383+0000] {dag.py:3239} INFO - Sync 1 DAGs
[2026-08-31T08:08:52.396+0000] {logging_mixin.py:190} INFO - [2026-08-31T08:08:52.396+0000] {dag.py:4180} INFO - Setting next_dagrun for etl_weather_postgres_dag to None, run_after=None
[2026-08-31T08:08:52.420+0000] {processor.py:208} INFO - Processing /opt/airflow/dags/05_etl_weather_postgres.py took 0.142 seconds
[2026-08-31T08:09:22.502+0000] {processor.py:186} INFO - Started process (PID=462) to work on /opt/airflow/dags/05_etl_weather_postgres.py
[2026-08-31T08:09:22.502+0000] {processor.py:914} INFO - Processing file /opt/airflow/dags/05_etl_weather_postgres.py for tasks to queue
[2026-08-31T08:09:22.504+0000] {logging_mixin.py:190} INFO - [2026-08-31T08:09:22.504+0000] {dagbag.py:588} INFO - Filling up the DagBag from /opt/airflow/dags/05_etl_weather_postgres.py
[2026-08-31T08:09:22.520+0000] {processor.py:925} INFO - DAG(s) 'etl_weather_postgres_dag' retrieved from /opt/airflow/dags/05_etl_weather_postgres.py
[2026-08-31T08:09:22.543+0000] {logging_mixin.py:190} INFO - [2026-08-31T08:09:22.542+0000] {dag.py:3239} INFO - Sync 1 DAGs
[2026-08-31T08:09:22.554+0000] {logging_mixin.py:190} INFO - [2026-08-31T08:09:22.554+0000] {dag.py:4180} INFO - Setting next_dagrun for etl_weather_postgres_dag to None, run_after=None
[2026-08-31T08:09:22.573+0000] {processor.py:208} INFO - Processing /opt/airflow/dags/05_etl_weather_postgres.py took 0.076 seconds
[2026-08-31T08:09:52.724+0000] {processor.py:186} INFO - Started process (PID=476) to work on /opt/airflow/dags/05_etl_weather_postgres.py
[2026-08-31T08:09:52.725+0000] {processor.py:914} INFO - Processing file /opt/airflow/dags/05_etl_weather_postgres.py for tasks to queue
[2026-08-31T08:09:52.727+0000] {logging_mixin.py:190} INFO - [2026-08-31T08:09:52.727+0000] {dagbag.py:588} INFO - Filling up the DagBag from /opt/airflow/dags/05_etl_weather_postgres.py
[2026-08-31T08:09:52.746+0000] {processor.py:925} INFO - DAG(s) 'etl_weather_postgres_dag' retrieved from /opt/airflow/dags/05_etl_weather_postgres.py
[2026-08-31T08:09:52.771+0000] {logging_mixin.py:190} INFO - [2026-08-31T08:09:52.771+0000] {dag.py:3239} INFO - Sync 1 DAGs
[2026-08-31T08:09:52.782+0000] {logging_mixin.py:190} INFO - [2026-08-31T08:09:52.782+0000] {dag.py:4180} INFO - Setting next_dagrun for etl_weather_postgres_dag to None, run_after=None
[2026-08-31T08:09:52.802+0000] {processor.py:208} INFO - Processing /opt/airflow/dags/05_etl_weather_postgres.py took 0.083 seconds
[2026-08-31T08:10:23.520+0000] {processor.py:186} INFO - Started process (PID=490) to work on /opt/airflow/dags/05_etl_weather_postgres.py
[2026-08-31T08:10:23.521+0000] {processor.py:914} INFO - Processing file /opt/airflow/dags/05_etl_weather_postgres.py for tasks to queue
[2026-08-31T08:10:23.523+0000] {logging_mixin.py:190} INFO - [2026-08-31T08:10:23.522+0000] {dagbag.py:588} INFO - Filling up the DagBag from /opt/airflow/dags/05_etl_weather_postgres.py
[2026-08-31T08:10:23.538+0000] {processor.py:925} INFO - DAG(s) 'etl_weather_postgres_dag' retrieved from /opt/airflow/dags/05_etl_weather_postgres.py
[2026-08-31T08:10:23.560+0000] {logging_mixin.py:190} INFO - [2026-08-31T08:10:23.560+0000] {dag.py:3239} INFO - Sync 1 DAGs
[2026-08-31T08:10:23.573+0000] {logging_mixin.py:190} INFO - [2026-08-31T08:10:23.573+0000] {dag.py:4180} INFO - Setting next_dagrun for etl_weather_postgres_dag to None, run_after=None
[2026-08-31T08:10:23.594+0000] {processor.py:208} INFO - Processing /opt/airflow/dags/05_etl_weather_postgres.py took 0.078 seconds
[2026-08-31T08:10:53.919+0000] {processor.py:186} INFO - Started process (PID=504) to work on /opt/airflow/dags/05_etl_weather_postgres.py
[2026-08-31T08:10:53.920+0000] {processor.py:914} INFO - Processing file /opt/airflow/dags/05_etl_weather_postgres.py for tasks to queue
[2026-08-31T08:10:53.922+0000] {logging_mixin.py:190} INFO - [2026-08-31T08:10:53.922+0000] {dagbag.py:588} INFO - Filling up the DagBag from /opt/airflow/dags/05_etl_weather_postgres.py
[2026-08-31T08:10:53.942+0000] {processor.py:925} INFO - DAG(s) 'etl_weather_postgres_dag' retrieved from /opt/airflow/dags/05_etl_weather_postgres.py
[2026-08-31T08:10:53.965+0000] {logging_mixin.py:190} INFO - [2026-08-31T08:10:53.964+0000] {dag.py:3239} INFO - Sync 1 DAGs
[2026-08-31T08:10:53.975+0000] {logging_mixin.py:190} INFO - [2026-08-31T08:10:53.975+0000] {dag.py:4180} INFO - Setting next_dagrun for etl_weather_postgres_dag to None, run_after=None
[2026-08-31T08:10:53.998+0000] {processor.py:208} INFO - Processing /opt/airflow/dags/05_etl_weather_postgres.py took 0.085 seconds
[2026-08-31T08:11:24.085+0000] {processor.py:186} INFO - Started process (PID=518) to work on /opt/airflow/dags/05_etl_weather_postgres.py
[2026-08-31T08:11:24.086+0000] {processor.py:914} INFO - Processing file /opt/airflow/dags/05_etl_weather_postgres.py for tasks to queue
[2026-08-31T08:11:24.088+0000] {logging_mixin.py:190} INFO - [2026-08-31T08:11:24.088+0000] {dagbag.py:588} INFO - Filling up the DagBag from /opt/airflow/dags/05_etl_weather_postgres.py
[2026-08-31T08:11:24.103+0000] {processor.py:925} INFO - DAG(s) 'etl_weather_postgres_dag' retrieved from /opt/airflow/dags/05_etl_weather_postgres.py
[2026-08-31T08:11:24.125+0000] {logging_mixin.py:190} INFO - [2026-08-31T08:11:24.125+0000] {dag.py:3239} INFO - Sync 1 DAGs
[2026-08-31T08:11:24.136+0000] {logging_mixin.py:190} INFO - [2026-08-31T08:11:24.136+0000] {dag.py:4180} INFO - Setting next_dagrun for etl_weather_postgres_dag to None, run_after=None
[2026-08-31T08:11:24.157+0000] {processor.py:208} INFO - Processing /opt/airflow/dags/05_etl_weather_postgres.py took 0.077 seconds
[2026-08-31T08:11:54.351+0000] {processor.py:186} INFO - Started process (PID=532) to work on /opt/airflow/dags/05_etl_weather_postgres.py
[2026-08-31T08:11:54.352+0000] {processor.py:914} INFO - Processing file /opt/airflow/dags/05_etl_weather_postgres.py for tasks to queue
[2026-08-31T08:11:54.355+0000] {logging_mixin.py:190} INFO - [2026-08-31T08:11:54.354+0000] {dagbag.py:588} INFO - Filling up the DagBag from /opt/airflow/dags/05_etl_weather_postgres.py
[2026-08-31T08:11:54.370+0000] {processor.py:925} INFO - DAG(s) 'etl_weather_postgres_dag' retrieved from /opt/airflow/dags/05_etl_weather_postgres.py
[2026-08-31T08:11:54.398+0000] {logging_mixin.py:190} INFO - [2026-08-31T08:11:54.398+0000] {dag.py:3239} INFO - Sync 1 DAGs
[2026-08-31T08:11:54.410+0000] {logging_mixin.py:190} INFO - [2026-08-31T08:11:54.409+0000] {dag.py:4180} INFO - Setting next_dagrun for etl_weather_postgres_dag to None, run_after=None
[2026-08-31T08:11:54.430+0000] {processor.py:208} INFO - Processing /opt/airflow/dags/05_etl_weather_postgres.py took 0.084 seconds
[2026-08-31T08:12:24.564+0000] {processor.py:186} INFO - Started process (PID=546) to work on /opt/airflow/dags/05_etl_weather_postgres.py
[2026-08-31T08:12:24.566+0000] {processor.py:914} INFO - Processing file /opt/airflow/dags/05_etl_weather_postgres.py for tasks to queue
[2026-08-31T08:12:24.568+0000] {logging_mixin.py:190} INFO - [2026-08-31T08:12:24.568+0000] {dagbag.py:588} INFO - Filling up the DagBag from /opt/airflow/dags/05_etl_weather_postgres.py
[2026-08-31T08:12:24.623+0000] {processor.py:925} INFO - DAG(s) 'etl_weather_postgres_dag' retrieved from /opt/airflow/dags/05_etl_weather_postgres.py
[2026-08-31T08:12:24.694+0000] {logging_mixin.py:190} INFO - [2026-08-31T08:12:24.694+0000] {dag.py:3239} INFO - Sync 1 DAGs
[2026-08-31T08:12:24.714+0000] {logging_mixin.py:190} INFO - [2026-08-31T08:12:24.713+0000] {dag.py:4180} INFO - Setting next_dagrun for etl_weather_postgres_dag to None, run_after=None
[2026-08-31T08:12:24.740+0000] {processor.py:208} INFO - Processing /opt/airflow/dags/05_etl_weather_postgres.py took 0.184 seconds
[2026-08-31T08:12:54.900+0000] {processor.py:186} INFO - Started process (PID=560) to work on /opt/airflow/dags/05_etl_weather_postgres.py
[2026-08-31T08:12:54.901+0000] {processor.py:914} INFO - Processing file /opt/airflow/dags/05_etl_weather_postgres.py for tasks to queue
[2026-08-31T08:12:54.903+0000] {logging_mixin.py:190} INFO - [2026-08-31T08:12:54.903+0000] {dagbag.py:588} INFO - Filling up the DagBag from /opt/airflow/dags/05_etl_weather_postgres.py
[2026-08-31T08:12:54.926+0000] {processor.py:925} INFO - DAG(s) 'etl_weather_postgres_dag' retrieved from /opt/airflow/dags/05_etl_weather_postgres.py
[2026-08-31T08:12:54.949+0000] {logging_mixin.py:190} INFO - [2026-08-31T08:12:54.948+0000] {dag.py:3239} INFO - Sync 1 DAGs
[2026-08-31T08:12:54.961+0000] {logging_mixin.py:190} INFO - [2026-08-31T08:12:54.960+0000] {dag.py:4180} INFO - Setting next_dagrun for etl_weather_postgres_dag to None, run_after=None
[2026-08-31T08:12:54.977+0000] {processor.py:208} INFO - Processing /opt/airflow/dags/05_etl_weather_postgres.py took 0.082 seconds
[2026-08-31T08:13:25.103+0000] {processor.py:186} INFO - Started process (PID=574) to work on /opt/airflow/dags/05_etl_weather_postgres.py
[2026-08-31T08:13:25.107+0000] {processor.py:914} INFO - Processing file /opt/airflow/dags/05_etl_weather_postgres.py for tasks to queue
[2026-08-31T08:13:25.112+0000] {logging_mixin.py:190} INFO - [2026-08-31T08:13:25.111+0000] {dagbag.py:588} INFO - Filling up the DagBag from /opt/airflow/dags/05_etl_weather_postgres.py
[2026-08-31T08:13:25.142+0000] {processor.py:925} INFO - DAG(s) 'etl_weather_postgres_dag' retrieved from /opt/airflow/dags/05_etl_weather_postgres.py
[2026-08-31T08:13:25.164+0000] {logging_mixin.py:190} INFO - [2026-08-31T08:13:25.164+0000] {dag.py:3239} INFO - Sync 1 DAGs
[2026-08-31T08:13:25.176+0000] {logging_mixin.py:190} INFO - [2026-08-31T08:13:25.175+0000] {dag.py:4180} INFO - Setting next_dagrun for etl_weather_postgres_dag to None, run_after=None
[2026-08-31T08:13:25.191+0000] {processor.py:208} INFO - Processing /opt/airflow/dags/05_etl_weather_postgres.py took 0.100 seconds
[2026-08-31T08:13:55.901+0000] {processor.py:186} INFO - Started process (PID=588) to work on /opt/airflow/dags/05_etl_weather_postgres.py
[2026-08-31T08:13:55.903+0000] {processor.py:914} INFO - Processing file /opt/airflow/dags/05_etl_weather_postgres.py for tasks to queue
[2026-08-31T08:13:55.905+0000] {logging_mixin.py:190} INFO - [2026-08-31T08:13:55.905+0000] {dagbag.py:588} INFO - Filling up the DagBag from /opt/airflow/dags/05_etl_weather_postgres.py
[2026-08-31T08:13:55.927+0000] {processor.py:925} INFO - DAG(s) 'etl_weather_postgres_dag' retrieved from /opt/airflow/dags/05_etl_weather_postgres.py
[2026-08-31T08:13:55.956+0000] {logging_mixin.py:190} INFO - [2026-08-31T08:13:55.956+0000] {dag.py:3239} INFO - Sync 1 DAGs
[2026-08-31T08:13:55.968+0000] {logging_mixin.py:190} INFO - [2026-08-31T08:13:55.968+0000] {dag.py:4180} INFO - Setting next_dagrun for etl_weather_postgres_dag to None, run_after=None
[2026-08-31T08:13:55.989+0000] {processor.py:208} INFO - Processing /opt/airflow/dags/05_etl_weather_postgres.py took 0.092 seconds
[2026-08-31T08:14:26.513+0000] {processor.py:186} INFO - Started process (PID=602) to work on /opt/airflow/dags/05_etl_weather_postgres.py
[2026-08-31T08:14:26.515+0000] {processor.py:914} INFO - Processing file /opt/airflow/dags/05_etl_weather_postgres.py for tasks to queue
[2026-08-31T08:14:26.518+0000] {logging_mixin.py:190} INFO - [2026-08-31T08:14:26.518+0000] {dagbag.py:588} INFO - Filling up the DagBag from /opt/airflow/dags/05_etl_weather_postgres.py
[2026-08-31T08:14:26.557+0000] {processor.py:925} INFO - DAG(s) 'etl_weather_postgres_dag' retrieved from /opt/airflow/dags/05_etl_weather_postgres.py
[2026-08-31T08:14:26.594+0000] {logging_mixin.py:190} INFO - [2026-08-31T08:14:26.594+0000] {dag.py:3239} INFO - Sync 1 DAGs
[2026-08-31T08:14:26.608+0000] {logging_mixin.py:190} INFO - [2026-08-31T08:14:26.608+0000] {dag.py:4180} INFO - Setting next_dagrun for etl_weather_postgres_dag to None, run_after=None
[2026-08-31T08:14:26.627+0000] {processor.py:208} INFO - Processing /opt/airflow/dags/05_etl_weather_postgres.py took 0.123 seconds
[2026-08-31T08:14:56.779+0000] {processor.py:186} INFO - Started process (PID=616) to work on /opt/airflow/dags/05_etl_weather_postgres.py
[2026-08-31T08:14:56.784+0000] {processor.py:914} INFO - Processing file /opt/airflow/dags/05_etl_weather_postgres.py for tasks to queue
[2026-08-31T08:14:56.794+0000] {logging_mixin.py:190} INFO - [2026-08-31T08:14:56.792+0000] {dagbag.py:588} INFO - Filling up the DagBag from /opt/airflow/dags/05_etl_weather_postgres.py
[2026-08-31T08:14:56.867+0000] {processor.py:925} INFO - DAG(s) 'etl_weather_postgres_dag' retrieved from /opt/airflow/dags/05_etl_weather_postgres.py
[2026-08-31T08:14:56.949+0000] {logging_mixin.py:190} INFO - [2026-08-31T08:14:56.949+0000] {dag.py:3239} INFO - Sync 1 DAGs
[2026-08-31T08:14:56.970+0000] {logging_mixin.py:190} INFO - [2026-08-31T08:14:56.970+0000] {dag.py:4180} INFO - Setting next_dagrun for etl_weather_postgres_dag to None, run_after=None
[2026-08-31T08:14:57.024+0000] {processor.py:208} INFO - Processing /opt/airflow/dags/05_etl_weather_postgres.py took 0.259 seconds
[2026-08-31T08:15:27.961+0000] {processor.py:186} INFO - Started process (PID=630) to work on /opt/airflow/dags/05_etl_weather_postgres.py
[2026-08-31T08:15:27.962+0000] {processor.py:914} INFO - Processing file /opt/airflow/dags/05_etl_weather_postgres.py for tasks to queue
[2026-08-31T08:15:27.964+0000] {logging_mixin.py:190} INFO - [2026-08-31T08:15:27.964+0000] {dagbag.py:588} INFO - Filling up the DagBag from /opt/airflow/dags/05_etl_weather_postgres.py
[2026-08-31T08:15:27.978+0000] {processor.py:925} INFO - DAG(s) 'etl_weather_postgres_dag' retrieved from /opt/airflow/dags/05_etl_weather_postgres.py
[2026-08-31T08:15:28.000+0000] {logging_mixin.py:190} INFO - [2026-08-31T08:15:28.000+0000] {dag.py:3239} INFO - Sync 1 DAGs
[2026-08-31T08:15:28.012+0000] {logging_mixin.py:190} INFO - [2026-08-31T08:15:28.012+0000] {dag.py:4180} INFO - Setting next_dagrun for etl_weather_postgres_dag to None, run_after=None
[2026-08-31T08:15:28.034+0000] {processor.py:208} INFO - Processing /opt/airflow/dags/05_etl_weather_postgres.py took 0.079 seconds
[2026-08-31T08:15:58.232+0000] {processor.py:186} INFO - Started process (PID=644) to work on /opt/airflow/dags/05_etl_weather_postgres.py
[2026-08-31T08:15:58.234+0000] {processor.py:914} INFO - Processing file /opt/airflow/dags/05_etl_weather_postgres.py for tasks to queue
[2026-08-31T08:15:58.237+0000] {logging_mixin.py:190} INFO - [2026-08-31T08:15:58.236+0000] {dagbag.py:588} INFO - Filling up the DagBag from /opt/airflow/dags/05_etl_weather_postgres.py
[2026-08-31T08:15:58.262+0000] {processor.py:925} INFO - DAG(s) 'etl_weather_postgres_dag' retrieved from /opt/airflow/dags/05_etl_weather_postgres.py
[2026-08-31T08:15:58.287+0000] {logging_mixin.py:190} INFO - [2026-08-31T08:15:58.287+0000] {dag.py:3239} INFO - Sync 1 DAGs
[2026-08-31T08:15:58.299+0000] {logging_mixin.py:190} INFO - [2026-08-31T08:15:58.299+0000] {dag.py:4180} INFO - Setting next_dagrun for etl_weather_postgres_dag to None, run_after=None
[2026-08-31T08:15:58.329+0000] {processor.py:208} INFO - Processing /opt/airflow/dags/05_etl_weather_postgres.py took 0.103 seconds
[2026-08-31T08:16:29.049+0000] {processor.py:186} INFO - Started process (PID=658) to work on /opt/airflow/dags/05_etl_weather_postgres.py
[2026-08-31T08:16:29.050+0000] {processor.py:914} INFO - Processing file /opt/airflow/dags/05_etl_weather_postgres.py for tasks to queue
[2026-08-31T08:16:29.053+0000] {logging_mixin.py:190} INFO - [2026-08-31T08:16:29.053+0000] {dagbag.py:588} INFO - Filling up the DagBag from /opt/airflow/dags/05_etl_weather_postgres.py
[2026-08-31T08:16:29.072+0000] {processor.py:925} INFO - DAG(s) 'etl_weather_postgres_dag' retrieved from /opt/airflow/dags/05_etl_weather_postgres.py
[2026-08-31T08:16:29.098+0000] {logging_mixin.py:190} INFO - [2026-08-31T08:16:29.097+0000] {dag.py:3239} INFO - Sync 1 DAGs
[2026-08-31T08:16:29.111+0000] {logging_mixin.py:190} INFO - [2026-08-31T08:16:29.111+0000] {dag.py:4180} INFO - Setting next_dagrun for etl_weather_postgres_dag to None, run_after=None
[2026-08-31T08:16:29.132+0000] {processor.py:208} INFO - Processing /opt/airflow/dags/05_etl_weather_postgres.py took 0.090 seconds
[2026-08-31T08:16:59.246+0000] {processor.py:186} INFO - Started process (PID=672) to work on /opt/airflow/dags/05_etl_weather_postgres.py
[2026-08-31T08:16:59.248+0000] {processor.py:914} INFO - Processing file /opt/airflow/dags/05_etl_weather_postgres.py for tasks to queue
[2026-08-31T08:16:59.250+0000] {logging_mixin.py:190} INFO - [2026-08-31T08:16:59.250+0000] {dagbag.py:588} INFO - Filling up the DagBag from /opt/airflow/dags/05_etl_weather_postgres.py
[2026-08-31T08:16:59.313+0000] {processor.py:925} INFO - DAG(s) 'etl_weather_postgres_dag' retrieved from /opt/airflow/dags/05_etl_weather_postgres.py
[2026-08-31T08:16:59.347+0000] {logging_mixin.py:190} INFO - [2026-08-31T08:16:59.347+0000] {dag.py:3239} INFO - Sync 1 DAGs
[2026-08-31T08:16:59.364+0000] {logging_mixin.py:190} INFO - [2026-08-31T08:16:59.363+0000] {dag.py:4180} INFO - Setting next_dagrun for etl_weather_postgres_dag to None, run_after=None
[2026-08-31T08:16:59.391+0000] {processor.py:208} INFO - Processing /opt/airflow/dags/05_etl_weather_postgres.py took 0.153 seconds
[2026-08-31T08:17:29.547+0000] {processor.py:186} INFO - Started process (PID=686) to work on /opt/airflow/dags/05_etl_weather_postgres.py
[2026-08-31T08:17:29.548+0000] {processor.py:914} INFO - Processing file /opt/airflow/dags/05_etl_weather_postgres.py for tasks to queue
[2026-08-31T08:17:29.550+0000] {logging_mixin.py:190} INFO - [2026-08-31T08:17:29.550+0000] {dagbag.py:588} INFO - Filling up the DagBag from /opt/airflow/dags/05_etl_weather_postgres.py
[2026-08-31T08:17:29.582+0000] {processor.py:925} INFO - DAG(s) 'etl_weather_postgres_dag' retrieved from /opt/airflow/dags/05_etl_weather_postgres.py
[2026-08-31T08:17:29.605+0000] {logging_mixin.py:190} INFO - [2026-08-31T08:17:29.604+0000] {dag.py:3239} INFO - Sync 1 DAGs
[2026-08-31T08:17:29.616+0000] {logging_mixin.py:190} INFO - [2026-08-31T08:17:29.615+0000] {dag.py:4180} INFO - Setting next_dagrun for etl_weather_postgres_dag to None, run_after=None
[2026-08-31T08:17:29.635+0000] {processor.py:208} INFO - Processing /opt/airflow/dags/05_etl_weather_postgres.py took 0.093 seconds
[2026-08-31T08:17:59.734+0000] {processor.py:186} INFO - Started process (PID=700) to work on /opt/airflow/dags/05_etl_weather_postgres.py
[2026-08-31T08:17:59.736+0000] {processor.py:914} INFO - Processing file /opt/airflow/dags/05_etl_weather_postgres.py for tasks to queue
[2026-08-31T08:17:59.740+0000] {logging_mixin.py:190} INFO - [2026-08-31T08:17:59.740+0000] {dagbag.py:588} INFO - Filling up the DagBag from /opt/airflow/dags/05_etl_weather_postgres.py
[2026-08-31T08:17:59.765+0000] {processor.py:925} INFO - DAG(s) 'etl_weather_postgres_dag' retrieved from /opt/airflow/dags/05_etl_weather_postgres.py
[2026-08-31T08:17:59.790+0000] {logging_mixin.py:190} INFO - [2026-08-31T08:17:59.790+0000] {dag.py:3239} INFO - Sync 1 DAGs
[2026-08-31T08:17:59.802+0000] {logging_mixin.py:190} INFO - [2026-08-31T08:17:59.802+0000] {dag.py:4180} INFO - Setting next_dagrun for etl_weather_postgres_dag to None, run_after=None
[2026-08-31T08:17:59.823+0000] {processor.py:208} INFO - Processing /opt/airflow/dags/05_etl_weather_postgres.py took 0.096 seconds
[2026-08-31T08:18:30.039+0000] {processor.py:186} INFO - Started process (PID=714) to work on /opt/airflow/dags/05_etl_weather_postgres.py
[2026-08-31T08:18:30.040+0000] {processor.py:914} INFO - Processing file /opt/airflow/dags/05_etl_weather_postgres.py for tasks to queue
[2026-08-31T08:18:30.042+0000] {logging_mixin.py:190} INFO - [2026-08-31T08:18:30.042+0000] {dagbag.py:588} INFO - Filling up the DagBag from /opt/airflow/dags/05_etl_weather_postgres.py
[2026-08-31T08:18:30.056+0000] {processor.py:925} INFO - DAG(s) 'etl_weather_postgres_dag' retrieved from /opt/airflow/dags/05_etl_weather_postgres.py
[2026-08-31T08:18:30.080+0000] {logging_mixin.py:190} INFO - [2026-08-31T08:18:30.080+0000] {dag.py:3239} INFO - Sync 1 DAGs
[2026-08-31T08:18:30.092+0000] {logging_mixin.py:190} INFO - [2026-08-31T08:18:30.092+0000] {dag.py:4180} INFO - Setting next_dagrun for etl_weather_postgres_dag to None, run_after=None
[2026-08-31T08:18:30.114+0000] {processor.py:208} INFO - Processing /opt/airflow/dags/05_etl_weather_postgres.py took 0.080 seconds
[2026-08-31T08:19:00.251+0000] {processor.py:186} INFO - Started process (PID=728) to work on /opt/airflow/dags/05_etl_weather_postgres.py
[2026-08-31T08:19:00.252+0000] {processor.py:914} INFO - Processing file /opt/airflow/dags/05_etl_weather_postgres.py for tasks to queue
[2026-08-31T08:19:00.254+0000] {logging_mixin.py:190} INFO - [2026-08-31T08:19:00.254+0000] {dagbag.py:588} INFO - Filling up the DagBag from /opt/airflow/dags/05_etl_weather_postgres.py
[2026-08-31T08:19:00.270+0000] {processor.py:925} INFO - DAG(s) 'etl_weather_postgres_dag' retrieved from /opt/airflow/dags/05_etl_weather_postgres.py
[2026-08-31T08:19:00.296+0000] {logging_mixin.py:190} INFO - [2026-08-31T08:19:00.295+0000] {dag.py:3239} INFO - Sync 1 DAGs
[2026-08-31T08:19:00.308+0000] {logging_mixin.py:190} INFO - [2026-08-31T08:19:00.308+0000] {dag.py:4180} INFO - Setting next_dagrun for etl_weather_postgres_dag to None, run_after=None
[2026-08-31T08:19:00.331+0000] {processor.py:208} INFO - Processing /opt/airflow/dags/05_etl_weather_postgres.py took 0.085 seconds
[2026-08-31T08:19:30.449+0000] {processor.py:186} INFO - Started process (PID=742) to work on /opt/airflow/dags/05_etl_weather_postgres.py
[2026-08-31T08:19:30.450+0000] {processor.py:914} INFO - Processing file /opt/airflow/dags/05_etl_weather_postgres.py for tasks to queue
[2026-08-31T08:19:30.452+0000] {logging_mixin.py:190} INFO - [2026-08-31T08:19:30.452+0000] {dagbag.py:588} INFO - Filling up the DagBag from /opt/airflow/dags/05_etl_weather_postgres.py
[2026-08-31T08:19:30.468+0000] {processor.py:925} INFO - DAG(s) 'etl_weather_postgres_dag' retrieved from /opt/airflow/dags/05_etl_weather_postgres.py
[2026-08-31T08:19:30.492+0000] {logging_mixin.py:190} INFO - [2026-08-31T08:19:30.492+0000] {dag.py:3239} INFO - Sync 1 DAGs
[2026-08-31T08:19:30.504+0000] {logging_mixin.py:190} INFO - [2026-08-31T08:19:30.504+0000] {dag.py:4180} INFO - Setting next_dagrun for etl_weather_postgres_dag to None, run_after=None
[2026-08-31T08:19:30.525+0000] {processor.py:208} INFO - Processing /opt/airflow/dags/05_etl_weather_postgres.py took 0.081 seconds
[2026-08-31T08:20:00.647+0000] {processor.py:186} INFO - Started process (PID=756) to work on /opt/airflow/dags/05_etl_weather_postgres.py
[2026-08-31T08:20:00.648+0000] {processor.py:914} INFO - Processing file /opt/airflow/dags/05_etl_weather_postgres.py for tasks to queue
[2026-08-31T08:20:00.650+0000] {logging_mixin.py:190} INFO - [2026-08-31T08:20:00.650+0000] {dagbag.py:588} INFO - Filling up the DagBag from /opt/airflow/dags/05_etl_weather_postgres.py
[2026-08-31T08:20:00.665+0000] {processor.py:925} INFO - DAG(s) 'etl_weather_postgres_dag' retrieved from /opt/airflow/dags/05_etl_weather_postgres.py
[2026-08-31T08:20:00.694+0000] {logging_mixin.py:190} INFO - [2026-08-31T08:20:00.694+0000] {dag.py:3239} INFO - Sync 1 DAGs
[2026-08-31T08:20:00.706+0000] {logging_mixin.py:190} INFO - [2026-08-31T08:20:00.706+0000] {dag.py:4180} INFO - Setting next_dagrun for etl_weather_postgres_dag to None, run_after=None
[2026-08-31T08:20:00.725+0000] {processor.py:208} INFO - Processing /opt/airflow/dags/05_etl_weather_postgres.py took 0.082 seconds
[2026-08-31T08:20:31.129+0000] {processor.py:186} INFO - Started process (PID=770) to work on /opt/airflow/dags/05_etl_weather_postgres.py
[2026-08-31T08:20:31.138+0000] {processor.py:914} INFO - Processing file /opt/airflow/dags/05_etl_weather_postgres.py for tasks to queue
[2026-08-31T08:20:31.144+0000] {logging_mixin.py:190} INFO - [2026-08-31T08:20:31.144+0000] {dagbag.py:588} INFO - Filling up the DagBag from /opt/airflow/dags/05_etl_weather_postgres.py
[2026-08-31T08:20:31.222+0000] {processor.py:925} INFO - DAG(s) 'etl_weather_postgres_dag' retrieved from /opt/airflow/dags/05_etl_weather_postgres.py
[2026-08-31T08:20:31.279+0000] {logging_mixin.py:190} INFO - [2026-08-31T08:20:31.279+0000] {dag.py:3239} INFO - Sync 1 DAGs
[2026-08-31T08:20:31.292+0000] {logging_mixin.py:190} INFO - [2026-08-31T08:20:31.291+0000] {dag.py:4180} INFO - Setting next_dagrun for etl_weather_postgres_dag to None, run_after=None
[2026-08-31T08:20:31.316+0000] {processor.py:208} INFO - Processing /opt/airflow/dags/05_etl_weather_postgres.py took 0.191 seconds
[2026-08-31T08:21:02.267+0000] {processor.py:186} INFO - Started process (PID=784) to work on /opt/airflow/dags/05_etl_weather_postgres.py
[2026-08-31T08:21:02.269+0000] {processor.py:914} INFO - Processing file /opt/airflow/dags/05_etl_weather_postgres.py for tasks to queue
[2026-08-31T08:21:02.272+0000] {logging_mixin.py:190} INFO - [2026-08-31T08:21:02.272+0000] {dagbag.py:588} INFO - Filling up the DagBag from /opt/airflow/dags/05_etl_weather_postgres.py
[2026-08-31T08:21:02.313+0000] {processor.py:925} INFO - DAG(s) 'etl_weather_postgres_dag' retrieved from /opt/airflow/dags/05_etl_weather_postgres.py
[2026-08-31T08:21:02.366+0000] {logging_mixin.py:190} INFO - [2026-08-31T08:21:02.366+0000] {dag.py:3239} INFO - Sync 1 DAGs
[2026-08-31T08:21:02.388+0000] {logging_mixin.py:190} INFO - [2026-08-31T08:21:02.387+0000] {dag.py:4180} INFO - Setting next_dagrun for etl_weather_postgres_dag to None, run_after=None
[2026-08-31T08:21:02.415+0000] {processor.py:208} INFO - Processing /opt/airflow/dags/05_etl_weather_postgres.py took 0.155 seconds
[2026-08-31T08:21:32.510+0000] {processor.py:186} INFO - Started process (PID=799) to work on /opt/airflow/dags/05_etl_weather_postgres.py
[2026-08-31T08:21:32.512+0000] {processor.py:914} INFO - Processing file /opt/airflow/dags/05_etl_weather_postgres.py for tasks to queue
[2026-08-31T08:21:32.515+0000] {logging_mixin.py:190} INFO - [2026-08-31T08:21:32.514+0000] {dagbag.py:588} INFO - Filling up the DagBag from /opt/airflow/dags/05_etl_weather_postgres.py
[2026-08-31T08:21:32.539+0000] {processor.py:925} INFO - DAG(s) 'etl_weather_postgres_dag' retrieved from /opt/airflow/dags/05_etl_weather_postgres.py
[2026-08-31T08:21:32.575+0000] {logging_mixin.py:190} INFO - [2026-08-31T08:21:32.574+0000] {dag.py:3239} INFO - Sync 1 DAGs
[2026-08-31T08:21:32.592+0000] {logging_mixin.py:190} INFO - [2026-08-31T08:21:32.592+0000] {dag.py:4180} INFO - Setting next_dagrun for etl_weather_postgres_dag to None, run_after=None
[2026-08-31T08:21:32.624+0000] {processor.py:208} INFO - Processing /opt/airflow/dags/05_etl_weather_postgres.py took 0.120 seconds
[2026-08-31T08:22:02.861+0000] {processor.py:186} INFO - Started process (PID=813) to work on /opt/airflow/dags/05_etl_weather_postgres.py
[2026-08-31T08:22:02.862+0000] {processor.py:914} INFO - Processing file /opt/airflow/dags/05_etl_weather_postgres.py for tasks to queue
[2026-08-31T08:22:02.864+0000] {logging_mixin.py:190} INFO - [2026-08-31T08:22:02.864+0000] {dagbag.py:588} INFO - Filling up the DagBag from /opt/airflow/dags/05_etl_weather_postgres.py
[2026-08-31T08:22:02.880+0000] {processor.py:925} INFO - DAG(s) 'etl_weather_postgres_dag' retrieved from /opt/airflow/dags/05_etl_weather_postgres.py
[2026-08-31T08:22:02.908+0000] {logging_mixin.py:190} INFO - [2026-08-31T08:22:02.908+0000] {dag.py:3239} INFO - Sync 1 DAGs
[2026-08-31T08:22:02.920+0000] {logging_mixin.py:190} INFO - [2026-08-31T08:22:02.919+0000] {dag.py:4180} INFO - Setting next_dagrun for etl_weather_postgres_dag to None, run_after=None
[2026-08-31T08:22:02.943+0000] {processor.py:208} INFO - Processing /opt/airflow/dags/05_etl_weather_postgres.py took 0.087 seconds
[2026-08-31T08:22:33.328+0000] {processor.py:186} INFO - Started process (PID=827) to work on /opt/airflow/dags/05_etl_weather_postgres.py
[2026-08-31T08:22:33.329+0000] {processor.py:914} INFO - Processing file /opt/airflow/dags/05_etl_weather_postgres.py for tasks to queue
[2026-08-31T08:22:33.331+0000] {logging_mixin.py:190} INFO - [2026-08-31T08:22:33.330+0000] {dagbag.py:588} INFO - Filling up the DagBag from /opt/airflow/dags/05_etl_weather_postgres.py
[2026-08-31T08:22:33.354+0000] {processor.py:925} INFO - DAG(s) 'etl_weather_postgres_dag' retrieved from /opt/airflow/dags/05_etl_weather_postgres.py
[2026-08-31T08:22:33.383+0000] {logging_mixin.py:190} INFO - [2026-08-31T08:22:33.383+0000] {dag.py:3239} INFO - Sync 1 DAGs
[2026-08-31T08:22:33.395+0000] {logging_mixin.py:190} INFO - [2026-08-31T08:22:33.394+0000] {dag.py:4180} INFO - Setting next_dagrun for etl_weather_postgres_dag to None, run_after=None
[2026-08-31T08:22:33.423+0000] {processor.py:208} INFO - Processing /opt/airflow/dags/05_etl_weather_postgres.py took 0.101 seconds
[2026-08-31T08:23:03.793+0000] {processor.py:186} INFO - Started process (PID=841) to work on /opt/airflow/dags/05_etl_weather_postgres.py
[2026-08-31T08:23:03.794+0000] {processor.py:914} INFO - Processing file /opt/airflow/dags/05_etl_weather_postgres.py for tasks to queue
[2026-08-31T08:23:03.796+0000] {logging_mixin.py:190} INFO - [2026-08-31T08:23:03.796+0000] {dagbag.py:588} INFO - Filling up the DagBag from /opt/airflow/dags/05_etl_weather_postgres.py
[2026-08-31T08:23:03.812+0000] {processor.py:925} INFO - DAG(s) 'etl_weather_postgres_dag' retrieved from /opt/airflow/dags/05_etl_weather_postgres.py
[2026-08-31T08:23:03.838+0000] {logging_mixin.py:190} INFO - [2026-08-31T08:23:03.838+0000] {dag.py:3239} INFO - Sync 1 DAGs
[2026-08-31T08:23:03.851+0000] {logging_mixin.py:190} INFO - [2026-08-31T08:23:03.851+0000] {dag.py:4180} INFO - Setting next_dagrun for etl_weather_postgres_dag to None, run_after=None
[2026-08-31T08:23:03.871+0000] {processor.py:208} INFO - Processing /opt/airflow/dags/05_etl_weather_postgres.py took 0.083 seconds
[2026-08-31T08:23:34.631+0000] {processor.py:186} INFO - Started process (PID=862) to work on /opt/airflow/dags/05_etl_weather_postgres.py
[2026-08-31T08:23:34.632+0000] {processor.py:914} INFO - Processing file /opt/airflow/dags/05_etl_weather_postgres.py for tasks to queue
[2026-08-31T08:23:34.635+0000] {logging_mixin.py:190} INFO - [2026-08-31T08:23:34.634+0000] {dagbag.py:588} INFO - Filling up the DagBag from /opt/airflow/dags/05_etl_weather_postgres.py
[2026-08-31T08:23:34.648+0000] {processor.py:925} INFO - DAG(s) 'etl_weather_postgres_dag' retrieved from /opt/airflow/dags/05_etl_weather_postgres.py
[2026-08-31T08:23:34.677+0000] {logging_mixin.py:190} INFO - [2026-08-31T08:23:34.677+0000] {dag.py:3239} INFO - Sync 1 DAGs
[2026-08-31T08:23:34.687+0000] {logging_mixin.py:190} INFO - [2026-08-31T08:23:34.687+0000] {dag.py:4180} INFO - Setting next_dagrun for etl_weather_postgres_dag to None, run_after=None
[2026-08-31T08:23:34.709+0000] {processor.py:208} INFO - Processing /opt/airflow/dags/05_etl_weather_postgres.py took 0.084 seconds
[2026-08-31T08:24:04.766+0000] {processor.py:186} INFO - Started process (PID=876) to work on /opt/airflow/dags/05_etl_weather_postgres.py
[2026-08-31T08:24:04.767+0000] {processor.py:914} INFO - Processing file /opt/airflow/dags/05_etl_weather_postgres.py for tasks to queue
[2026-08-31T08:24:04.770+0000] {logging_mixin.py:190} INFO - [2026-08-31T08:24:04.769+0000] {dagbag.py:588} INFO - Filling up the DagBag from /opt/airflow/dags/05_etl_weather_postgres.py
[2026-08-31T08:24:04.787+0000] {processor.py:925} INFO - DAG(s) 'etl_weather_postgres_dag' retrieved from /opt/airflow/dags/05_etl_weather_postgres.py
[2026-08-31T08:24:04.813+0000] {logging_mixin.py:190} INFO - [2026-08-31T08:24:04.813+0000] {dag.py:3239} INFO - Sync 1 DAGs
[2026-08-31T08:24:04.825+0000] {logging_mixin.py:190} INFO - [2026-08-31T08:24:04.825+0000] {dag.py:4180} INFO - Setting next_dagrun for etl_weather_postgres_dag to None, run_after=None
[2026-08-31T08:24:04.842+0000] {processor.py:208} INFO - Processing /opt/airflow/dags/05_etl_weather_postgres.py took 0.082 seconds
[2026-08-31T08:24:34.909+0000] {processor.py:186} INFO - Started process (PID=888) to work on /opt/airflow/dags/05_etl_weather_postgres.py
[2026-08-31T08:24:34.910+0000] {processor.py:914} INFO - Processing file /opt/airflow/dags/05_etl_weather_postgres.py for tasks to queue
[2026-08-31T08:24:34.912+0000] {logging_mixin.py:190} INFO - [2026-08-31T08:24:34.912+0000] {dagbag.py:588} INFO - Filling up the DagBag from /opt/airflow/dags/05_etl_weather_postgres.py
[2026-08-31T08:24:34.926+0000] {processor.py:925} INFO - DAG(s) 'etl_weather_postgres_dag' retrieved from /opt/airflow/dags/05_etl_weather_postgres.py
[2026-08-31T08:24:34.952+0000] {logging_mixin.py:190} INFO - [2026-08-31T08:24:34.952+0000] {dag.py:3239} INFO - Sync 1 DAGs
[2026-08-31T08:24:34.964+0000] {logging_mixin.py:190} INFO - [2026-08-31T08:24:34.964+0000] {dag.py:4180} INFO - Setting next_dagrun for etl_weather_postgres_dag to None, run_after=None
[2026-08-31T08:24:34.986+0000] {processor.py:208} INFO - Processing /opt/airflow/dags/05_etl_weather_postgres.py took 0.083 seconds
[2026-08-31T08:25:05.323+0000] {processor.py:186} INFO - Started process (PID=902) to work on /opt/airflow/dags/05_etl_weather_postgres.py
[2026-08-31T08:25:05.324+0000] {processor.py:914} INFO - Processing file /opt/airflow/dags/05_etl_weather_postgres.py for tasks to queue
[2026-08-31T08:25:05.326+0000] {logging_mixin.py:190} INFO - [2026-08-31T08:25:05.326+0000] {dagbag.py:588} INFO - Filling up the DagBag from /opt/airflow/dags/05_etl_weather_postgres.py
[2026-08-31T08:25:05.355+0000] {processor.py:925} INFO - DAG(s) 'etl_weather_postgres_dag' retrieved from /opt/airflow/dags/05_etl_weather_postgres.py
[2026-08-31T08:25:05.381+0000] {logging_mixin.py:190} INFO - [2026-08-31T08:25:05.381+0000] {dag.py:3239} INFO - Sync 1 DAGs
[2026-08-31T08:25:05.393+0000] {logging_mixin.py:190} INFO - [2026-08-31T08:25:05.393+0000] {dag.py:4180} INFO - Setting next_dagrun for etl_weather_postgres_dag to None, run_after=None
[2026-08-31T08:25:05.412+0000] {processor.py:208} INFO - Processing /opt/airflow/dags/05_etl_weather_postgres.py took 0.095 seconds
[2026-08-31T08:25:35.699+0000] {processor.py:186} INFO - Started process (PID=916) to work on /opt/airflow/dags/05_etl_weather_postgres.py
[2026-08-31T08:25:35.701+0000] {processor.py:914} INFO - Processing file /opt/airflow/dags/05_etl_weather_postgres.py for tasks to queue
[2026-08-31T08:25:35.704+0000] {logging_mixin.py:190} INFO - [2026-08-31T08:25:35.703+0000] {dagbag.py:588} INFO - Filling up the DagBag from /opt/airflow/dags/05_etl_weather_postgres.py
[2026-08-31T08:25:35.733+0000] {processor.py:925} INFO - DAG(s) 'etl_weather_postgres_dag' retrieved from /opt/airflow/dags/05_etl_weather_postgres.py
[2026-08-31T08:25:35.769+0000] {logging_mixin.py:190} INFO - [2026-08-31T08:25:35.769+0000] {dag.py:3239} INFO - Sync 1 DAGs
[2026-08-31T08:25:35.783+0000] {logging_mixin.py:190} INFO - [2026-08-31T08:25:35.783+0000] {dag.py:4180} INFO - Setting next_dagrun for etl_weather_postgres_dag to None, run_after=None
[2026-08-31T08:25:35.811+0000] {processor.py:208} INFO - Processing /opt/airflow/dags/05_etl_weather_postgres.py took 0.117 seconds
[2026-08-31T08:26:05.858+0000] {processor.py:186} INFO - Started process (PID=930) to work on /opt/airflow/dags/05_etl_weather_postgres.py
[2026-08-31T08:26:05.859+0000] {processor.py:914} INFO - Processing file /opt/airflow/dags/05_etl_weather_postgres.py for tasks to queue
[2026-08-31T08:26:05.862+0000] {logging_mixin.py:190} INFO - [2026-08-31T08:26:05.862+0000] {dagbag.py:588} INFO - Filling up the DagBag from /opt/airflow/dags/05_etl_weather_postgres.py
[2026-08-31T08:26:05.879+0000] {processor.py:925} INFO - DAG(s) 'etl_weather_postgres_dag' retrieved from /opt/airflow/dags/05_etl_weather_postgres.py
[2026-08-31T08:26:05.905+0000] {logging_mixin.py:190} INFO - [2026-08-31T08:26:05.904+0000] {dag.py:3239} INFO - Sync 1 DAGs
[2026-08-31T08:26:05.916+0000] {logging_mixin.py:190} INFO - [2026-08-31T08:26:05.916+0000] {dag.py:4180} INFO - Setting next_dagrun for etl_weather_postgres_dag to None, run_after=None
[2026-08-31T08:26:05.936+0000] {processor.py:208} INFO - Processing /opt/airflow/dags/05_etl_weather_postgres.py took 0.084 seconds
[2026-08-31T08:26:36.196+0000] {processor.py:186} INFO - Started process (PID=944) to work on /opt/airflow/dags/05_etl_weather_postgres.py
[2026-08-31T08:26:36.197+0000] {processor.py:914} INFO - Processing file /opt/airflow/dags/05_etl_weather_postgres.py for tasks to queue
[2026-08-31T08:26:36.199+0000] {logging_mixin.py:190} INFO - [2026-08-31T08:26:36.199+0000] {dagbag.py:588} INFO - Filling up the DagBag from /opt/airflow/dags/05_etl_weather_postgres.py
[2026-08-31T08:26:36.218+0000] {processor.py:925} INFO - DAG(s) 'etl_weather_postgres_dag' retrieved from /opt/airflow/dags/05_etl_weather_postgres.py
[2026-08-31T08:26:36.243+0000] {logging_mixin.py:190} INFO - [2026-08-31T08:26:36.242+0000] {dag.py:3239} INFO - Sync 1 DAGs
[2026-08-31T08:26:36.255+0000] {logging_mixin.py:190} INFO - [2026-08-31T08:26:36.255+0000] {dag.py:4180} INFO - Setting next_dagrun for etl_weather_postgres_dag to None, run_after=None
[2026-08-31T08:26:36.275+0000] {processor.py:208} INFO - Processing /opt/airflow/dags/05_etl_weather_postgres.py took 0.084 seconds
[2026-08-31T08:27:06.391+0000] {processor.py:186} INFO - Started process (PID=958) to work on /opt/airflow/dags/05_etl_weather_postgres.py
[2026-08-31T08:27:06.393+0000] {processor.py:914} INFO - Processing file /opt/airflow/dags/05_etl_weather_postgres.py for tasks to queue
[2026-08-31T08:27:06.395+0000] {logging_mixin.py:190} INFO - [2026-08-31T08:27:06.395+0000] {dagbag.py:588} INFO - Filling up the DagBag from /opt/airflow/dags/05_etl_weather_postgres.py
[2026-08-31T08:27:06.411+0000] {processor.py:925} INFO - DAG(s) 'etl_weather_postgres_dag' retrieved from /opt/airflow/dags/05_etl_weather_postgres.py
[2026-08-31T08:27:06.436+0000] {logging_mixin.py:190} INFO - [2026-08-31T08:27:06.436+0000] {dag.py:3239} INFO - Sync 1 DAGs
[2026-08-31T08:27:06.448+0000] {logging_mixin.py:190} INFO - [2026-08-31T08:27:06.447+0000] {dag.py:4180} INFO - Setting next_dagrun for etl_weather_postgres_dag to None, run_after=None
[2026-08-31T08:27:06.464+0000] {processor.py:208} INFO - Processing /opt/airflow/dags/05_etl_weather_postgres.py took 0.078 seconds
[2026-08-31T08:27:36.593+0000] {processor.py:186} INFO - Started process (PID=972) to work on /opt/airflow/dags/05_etl_weather_postgres.py
[2026-08-31T08:27:36.595+0000] {processor.py:914} INFO - Processing file /opt/airflow/dags/05_etl_weather_postgres.py for tasks to queue
[2026-08-31T08:27:36.597+0000] {logging_mixin.py:190} INFO - [2026-08-31T08:27:36.596+0000] {dagbag.py:588} INFO - Filling up the DagBag from /opt/airflow/dags/05_etl_weather_postgres.py
[2026-08-31T08:27:36.636+0000] {processor.py:925} INFO - DAG(s) 'etl_weather_postgres_dag' retrieved from /opt/airflow/dags/05_etl_weather_postgres.py
[2026-08-31T08:27:36.663+0000] {logging_mixin.py:190} INFO - [2026-08-31T08:27:36.663+0000] {dag.py:3239} INFO - Sync 1 DAGs
[2026-08-31T08:27:36.681+0000] {logging_mixin.py:190} INFO - [2026-08-31T08:27:36.681+0000] {dag.py:4180} INFO - Setting next_dagrun for etl_weather_postgres_dag to None, run_after=None
[2026-08-31T08:27:36.719+0000] {processor.py:208} INFO - Processing /opt/airflow/dags/05_etl_weather_postgres.py took 0.131 seconds
[2026-08-31T08:28:07.637+0000] {processor.py:186} INFO - Started process (PID=986) to work on /opt/airflow/dags/05_etl_weather_postgres.py
[2026-08-31T08:28:07.639+0000] {processor.py:914} INFO - Processing file /opt/airflow/dags/05_etl_weather_postgres.py for tasks to queue
[2026-08-31T08:28:07.644+0000] {logging_mixin.py:190} INFO - [2026-08-31T08:28:07.642+0000] {dagbag.py:588} INFO - Filling up the DagBag from /opt/airflow/dags/05_etl_weather_postgres.py
[2026-08-31T08:28:07.676+0000] {processor.py:925} INFO - DAG(s) 'etl_weather_postgres_dag' retrieved from /opt/airflow/dags/05_etl_weather_postgres.py
[2026-08-31T08:28:07.714+0000] {logging_mixin.py:190} INFO - [2026-08-31T08:28:07.714+0000] {dag.py:3239} INFO - Sync 1 DAGs
[2026-08-31T08:28:07.727+0000] {logging_mixin.py:190} INFO - [2026-08-31T08:28:07.727+0000] {dag.py:4180} INFO - Setting next_dagrun for etl_weather_postgres_dag to None, run_after=None
[2026-08-31T08:28:07.776+0000] {processor.py:208} INFO - Processing /opt/airflow/dags/05_etl_weather_postgres.py took 0.148 seconds
[2026-08-31T08:28:37.915+0000] {processor.py:186} INFO - Started process (PID=1000) to work on /opt/airflow/dags/05_etl_weather_postgres.py
[2026-08-31T08:28:37.916+0000] {processor.py:914} INFO - Processing file /opt/airflow/dags/05_etl_weather_postgres.py for tasks to queue
[2026-08-31T08:28:37.919+0000] {logging_mixin.py:190} INFO - [2026-08-31T08:28:37.918+0000] {dagbag.py:588} INFO - Filling up the DagBag from /opt/airflow/dags/05_etl_weather_postgres.py
[2026-08-31T08:28:37.936+0000] {processor.py:925} INFO - DAG(s) 'etl_weather_postgres_dag' retrieved from /opt/airflow/dags/05_etl_weather_postgres.py
[2026-08-31T08:28:37.964+0000] {logging_mixin.py:190} INFO - [2026-08-31T08:28:37.963+0000] {dag.py:3239} INFO - Sync 1 DAGs
[2026-08-31T08:28:37.977+0000] {logging_mixin.py:190} INFO - [2026-08-31T08:28:37.977+0000] {dag.py:4180} INFO - Setting next_dagrun for etl_weather_postgres_dag to None, run_after=None
[2026-08-31T08:28:37.995+0000] {processor.py:208} INFO - Processing /opt/airflow/dags/05_etl_weather_postgres.py took 0.085 seconds
[2026-08-31T08:29:08.158+0000] {processor.py:186} INFO - Started process (PID=1014) to work on /opt/airflow/dags/05_etl_weather_postgres.py
[2026-08-31T08:29:08.159+0000] {processor.py:914} INFO - Processing file /opt/airflow/dags/05_etl_weather_postgres.py for tasks to queue
[2026-08-31T08:29:08.161+0000] {logging_mixin.py:190} INFO - [2026-08-31T08:29:08.161+0000] {dagbag.py:588} INFO - Filling up the DagBag from /opt/airflow/dags/05_etl_weather_postgres.py
[2026-08-31T08:29:08.178+0000] {processor.py:925} INFO - DAG(s) 'etl_weather_postgres_dag' retrieved from /opt/airflow/dags/05_etl_weather_postgres.py
[2026-08-31T08:29:08.213+0000] {logging_mixin.py:190} INFO - [2026-08-31T08:29:08.213+0000] {dag.py:3239} INFO - Sync 1 DAGs
[2026-08-31T08:29:08.229+0000] {logging_mixin.py:190} INFO - [2026-08-31T08:29:08.229+0000] {dag.py:4180} INFO - Setting next_dagrun for etl_weather_postgres_dag to None, run_after=None
[2026-08-31T08:29:08.260+0000] {processor.py:208} INFO - Processing /opt/airflow/dags/05_etl_weather_postgres.py took 0.107 seconds
[2026-08-31T08:29:38.605+0000] {processor.py:186} INFO - Started process (PID=1028) to work on /opt/airflow/dags/05_etl_weather_postgres.py
[2026-08-31T08:29:38.605+0000] {processor.py:914} INFO - Processing file /opt/airflow/dags/05_etl_weather_postgres.py for tasks to queue
[2026-08-31T08:29:38.607+0000] {logging_mixin.py:190} INFO - [2026-08-31T08:29:38.607+0000] {dagbag.py:588} INFO - Filling up the DagBag from /opt/airflow/dags/05_etl_weather_postgres.py
[2026-08-31T08:29:38.625+0000] {processor.py:925} INFO - DAG(s) 'etl_weather_postgres_dag' retrieved from /opt/airflow/dags/05_etl_weather_postgres.py
[2026-08-31T08:29:38.654+0000] {logging_mixin.py:190} INFO - [2026-08-31T08:29:38.654+0000] {dag.py:3239} INFO - Sync 1 DAGs
[2026-08-31T08:29:38.666+0000] {logging_mixin.py:190} INFO - [2026-08-31T08:29:38.666+0000] {dag.py:4180} INFO - Setting next_dagrun for etl_weather_postgres_dag to None, run_after=None
[2026-08-31T08:29:38.688+0000] {processor.py:208} INFO - Processing /opt/airflow/dags/05_etl_weather_postgres.py took 0.088 seconds
[2026-08-31T08:30:09.560+0000] {processor.py:186} INFO - Started process (PID=1042) to work on /opt/airflow/dags/05_etl_weather_postgres.py
[2026-08-31T08:30:09.567+0000] {processor.py:914} INFO - Processing file /opt/airflow/dags/05_etl_weather_postgres.py for tasks to queue
[2026-08-31T08:30:09.570+0000] {logging_mixin.py:190} INFO - [2026-08-31T08:30:09.570+0000] {dagbag.py:588} INFO - Filling up the DagBag from /opt/airflow/dags/05_etl_weather_postgres.py
[2026-08-31T08:30:09.595+0000] {processor.py:925} INFO - DAG(s) 'etl_weather_postgres_dag' retrieved from /opt/airflow/dags/05_etl_weather_postgres.py
[2026-08-31T08:30:09.620+0000] {logging_mixin.py:190} INFO - [2026-08-31T08:30:09.619+0000] {dag.py:3239} INFO - Sync 1 DAGs
[2026-08-31T08:30:09.632+0000] {logging_mixin.py:190} INFO - [2026-08-31T08:30:09.632+0000] {dag.py:4180} INFO - Setting next_dagrun for etl_weather_postgres_dag to None, run_after=None
[2026-08-31T08:30:09.652+0000] {processor.py:208} INFO - Processing /opt/airflow/dags/05_etl_weather_postgres.py took 0.099 seconds
[2026-08-31T08:30:39.883+0000] {processor.py:186} INFO - Started process (PID=1056) to work on /opt/airflow/dags/05_etl_weather_postgres.py
[2026-08-31T08:30:39.884+0000] {processor.py:914} INFO - Processing file /opt/airflow/dags/05_etl_weather_postgres.py for tasks to queue
[2026-08-31T08:30:39.887+0000] {logging_mixin.py:190} INFO - [2026-08-31T08:30:39.887+0000] {dagbag.py:588} INFO - Filling up the DagBag from /opt/airflow/dags/05_etl_weather_postgres.py
[2026-08-31T08:30:39.904+0000] {processor.py:925} INFO - DAG(s) 'etl_weather_postgres_dag' retrieved from /opt/airflow/dags/05_etl_weather_postgres.py
[2026-08-31T08:30:39.929+0000] {logging_mixin.py:190} INFO - [2026-08-31T08:30:39.929+0000] {dag.py:3239} INFO - Sync 1 DAGs
[2026-08-31T08:30:39.942+0000] {logging_mixin.py:190} INFO - [2026-08-31T08:30:39.941+0000] {dag.py:4180} INFO - Setting next_dagrun for etl_weather_postgres_dag to None, run_after=None
[2026-08-31T08:30:39.963+0000] {processor.py:208} INFO - Processing /opt/airflow/dags/05_etl_weather_postgres.py took 0.085 seconds
[2026-08-31T08:31:10.852+0000] {processor.py:186} INFO - Started process (PID=1070) to work on /opt/airflow/dags/05_etl_weather_postgres.py
[2026-08-31T08:31:10.853+0000] {processor.py:914} INFO - Processing file /opt/airflow/dags/05_etl_weather_postgres.py for tasks to queue
[2026-08-31T08:31:10.855+0000] {logging_mixin.py:190} INFO - [2026-08-31T08:31:10.855+0000] {dagbag.py:588} INFO - Filling up the DagBag from /opt/airflow/dags/05_etl_weather_postgres.py
[2026-08-31T08:31:10.870+0000] {processor.py:925} INFO - DAG(s) 'etl_weather_postgres_dag' retrieved from /opt/airflow/dags/05_etl_weather_postgres.py
[2026-08-31T08:31:10.896+0000] {logging_mixin.py:190} INFO - [2026-08-31T08:31:10.896+0000] {dag.py:3239} INFO - Sync 1 DAGs
[2026-08-31T08:31:10.908+0000] {logging_mixin.py:190} INFO - [2026-08-31T08:31:10.908+0000] {dag.py:4180} INFO - Setting next_dagrun for etl_weather_postgres_dag to None, run_after=None
[2026-08-31T08:31:10.930+0000] {processor.py:208} INFO - Processing /opt/airflow/dags/05_etl_weather_postgres.py took 0.085 seconds
[2026-08-31T08:31:41.159+0000] {processor.py:186} INFO - Started process (PID=1084) to work on /opt/airflow/dags/05_etl_weather_postgres.py
[2026-08-31T08:31:41.161+0000] {processor.py:914} INFO - Processing file /opt/airflow/dags/05_etl_weather_postgres.py for tasks to queue
[2026-08-31T08:31:41.163+0000] {logging_mixin.py:190} INFO - [2026-08-31T08:31:41.162+0000] {dagbag.py:588} INFO - Filling up the DagBag from /opt/airflow/dags/05_etl_weather_postgres.py
[2026-08-31T08:31:41.178+0000] {processor.py:925} INFO - DAG(s) 'etl_weather_postgres_dag' retrieved from /opt/airflow/dags/05_etl_weather_postgres.py
[2026-08-31T08:31:41.204+0000] {logging_mixin.py:190} INFO - [2026-08-31T08:31:41.204+0000] {dag.py:3239} INFO - Sync 1 DAGs
[2026-08-31T08:31:41.216+0000] {logging_mixin.py:190} INFO - [2026-08-31T08:31:41.216+0000] {dag.py:4180} INFO - Setting next_dagrun for etl_weather_postgres_dag to None, run_after=None
[2026-08-31T08:31:41.236+0000] {processor.py:208} INFO - Processing /opt/airflow/dags/05_etl_weather_postgres.py took 0.083 seconds
[2026-08-31T08:32:12.204+0000] {processor.py:186} INFO - Started process (PID=1098) to work on /opt/airflow/dags/05_etl_weather_postgres.py
[2026-08-31T08:32:12.206+0000] {processor.py:914} INFO - Processing file /opt/airflow/dags/05_etl_weather_postgres.py for tasks to queue
[2026-08-31T08:32:12.208+0000] {logging_mixin.py:190} INFO - [2026-08-31T08:32:12.208+0000] {dagbag.py:588} INFO - Filling up the DagBag from /opt/airflow/dags/05_etl_weather_postgres.py
[2026-08-31T08:32:12.225+0000] {processor.py:925} INFO - DAG(s) 'etl_weather_postgres_dag' retrieved from /opt/airflow/dags/05_etl_weather_postgres.py
[2026-08-31T08:32:12.251+0000] {logging_mixin.py:190} INFO - [2026-08-31T08:32:12.250+0000] {dag.py:3239} INFO - Sync 1 DAGs
[2026-08-31T08:32:12.263+0000] {logging_mixin.py:190} INFO - [2026-08-31T08:32:12.263+0000] {dag.py:4180} INFO - Setting next_dagrun for etl_weather_postgres_dag to None, run_after=None
[2026-08-31T08:32:12.286+0000] {processor.py:208} INFO - Processing /opt/airflow/dags/05_etl_weather_postgres.py took 0.087 seconds
[2026-08-31T08:32:42.461+0000] {processor.py:186} INFO - Started process (PID=1112) to work on /opt/airflow/dags/05_etl_weather_postgres.py
[2026-08-31T08:32:42.462+0000] {processor.py:914} INFO - Processing file /opt/airflow/dags/05_etl_weather_postgres.py for tasks to queue
[2026-08-31T08:32:42.465+0000] {logging_mixin.py:190} INFO - [2026-08-31T08:32:42.465+0000] {dagbag.py:588} INFO - Filling up the DagBag from /opt/airflow/dags/05_etl_weather_postgres.py
[2026-08-31T08:32:42.481+0000] {processor.py:925} INFO - DAG(s) 'etl_weather_postgres_dag' retrieved from /opt/airflow/dags/05_etl_weather_postgres.py
[2026-08-31T08:32:42.508+0000] {logging_mixin.py:190} INFO - [2026-08-31T08:32:42.508+0000] {dag.py:3239} INFO - Sync 1 DAGs
[2026-08-31T08:32:42.521+0000] {logging_mixin.py:190} INFO - [2026-08-31T08:32:42.521+0000] {dag.py:4180} INFO - Setting next_dagrun for etl_weather_postgres_dag to None, run_after=None
[2026-08-31T08:32:42.542+0000] {processor.py:208} INFO - Processing /opt/airflow/dags/05_etl_weather_postgres.py took 0.093 seconds
[2026-08-31T08:33:12.591+0000] {processor.py:186} INFO - Started process (PID=1126) to work on /opt/airflow/dags/05_etl_weather_postgres.py
[2026-08-31T08:33:12.592+0000] {processor.py:914} INFO - Processing file /opt/airflow/dags/05_etl_weather_postgres.py for tasks to queue
[2026-08-31T08:33:12.594+0000] {logging_mixin.py:190} INFO - [2026-08-31T08:33:12.594+0000] {dagbag.py:588} INFO - Filling up the DagBag from /opt/airflow/dags/05_etl_weather_postgres.py
[2026-08-31T08:33:12.609+0000] {processor.py:925} INFO - DAG(s) 'etl_weather_postgres_dag' retrieved from /opt/airflow/dags/05_etl_weather_postgres.py
[2026-08-31T08:33:12.632+0000] {logging_mixin.py:190} INFO - [2026-08-31T08:33:12.632+0000] {dag.py:3239} INFO - Sync 1 DAGs
[2026-08-31T08:33:12.642+0000] {logging_mixin.py:190} INFO - [2026-08-31T08:33:12.642+0000] {dag.py:4180} INFO - Setting next_dagrun for etl_weather_postgres_dag to None, run_after=None
[2026-08-31T08:33:12.662+0000] {processor.py:208} INFO - Processing /opt/airflow/dags/05_etl_weather_postgres.py took 0.077 seconds
[2026-08-31T08:33:42.965+0000] {processor.py:186} INFO - Started process (PID=1140) to work on /opt/airflow/dags/05_etl_weather_postgres.py
[2026-08-31T08:33:42.966+0000] {processor.py:914} INFO - Processing file /opt/airflow/dags/05_etl_weather_postgres.py for tasks to queue
[2026-08-31T08:33:42.971+0000] {logging_mixin.py:190} INFO - [2026-08-31T08:33:42.970+0000] {dagbag.py:588} INFO - Filling up the DagBag from /opt/airflow/dags/05_etl_weather_postgres.py
[2026-08-31T08:33:43.007+0000] {processor.py:925} INFO - DAG(s) 'etl_weather_postgres_dag' retrieved from /opt/airflow/dags/05_etl_weather_postgres.py
[2026-08-31T08:33:43.055+0000] {logging_mixin.py:190} INFO - [2026-08-31T08:33:43.055+0000] {dag.py:3239} INFO - Sync 1 DAGs
[2026-08-31T08:33:43.071+0000] {logging_mixin.py:190} INFO - [2026-08-31T08:33:43.071+0000] {dag.py:4180} INFO - Setting next_dagrun for etl_weather_postgres_dag to None, run_after=None
[2026-08-31T08:33:43.100+0000] {processor.py:208} INFO - Processing /opt/airflow/dags/05_etl_weather_postgres.py took 0.143 seconds
[2026-08-31T08:34:13.464+0000] {processor.py:186} INFO - Started process (PID=1154) to work on /opt/airflow/dags/05_etl_weather_postgres.py
[2026-08-31T08:34:13.466+0000] {processor.py:914} INFO - Processing file /opt/airflow/dags/05_etl_weather_postgres.py for tasks to queue
[2026-08-31T08:34:13.469+0000] {logging_mixin.py:190} INFO - [2026-08-31T08:34:13.468+0000] {dagbag.py:588} INFO - Filling up the DagBag from /opt/airflow/dags/05_etl_weather_postgres.py
[2026-08-31T08:34:13.492+0000] {processor.py:925} INFO - DAG(s) 'etl_weather_postgres_dag' retrieved from /opt/airflow/dags/05_etl_weather_postgres.py
[2026-08-31T08:34:13.526+0000] {logging_mixin.py:190} INFO - [2026-08-31T08:34:13.526+0000] {dag.py:3239} INFO - Sync 1 DAGs
[2026-08-31T08:34:13.544+0000] {logging_mixin.py:190} INFO - [2026-08-31T08:34:13.543+0000] {dag.py:4180} INFO - Setting next_dagrun for etl_weather_postgres_dag to None, run_after=None
[2026-08-31T08:34:13.567+0000] {processor.py:208} INFO - Processing /opt/airflow/dags/05_etl_weather_postgres.py took 0.110 seconds
[2026-08-31T08:34:43.636+0000] {processor.py:186} INFO - Started process (PID=1168) to work on /opt/airflow/dags/05_etl_weather_postgres.py
[2026-08-31T08:34:43.637+0000] {processor.py:914} INFO - Processing file /opt/airflow/dags/05_etl_weather_postgres.py for tasks to queue
[2026-08-31T08:34:43.639+0000] {logging_mixin.py:190} INFO - [2026-08-31T08:34:43.639+0000] {dagbag.py:588} INFO - Filling up the DagBag from /opt/airflow/dags/05_etl_weather_postgres.py
[2026-08-31T08:34:43.654+0000] {processor.py:925} INFO - DAG(s) 'etl_weather_postgres_dag' retrieved from /opt/airflow/dags/05_etl_weather_postgres.py
[2026-08-31T08:34:43.678+0000] {logging_mixin.py:190} INFO - [2026-08-31T08:34:43.678+0000] {dag.py:3239} INFO - Sync 1 DAGs
[2026-08-31T08:34:43.689+0000] {logging_mixin.py:190} INFO - [2026-08-31T08:34:43.689+0000] {dag.py:4180} INFO - Setting next_dagrun for etl_weather_postgres_dag to None, run_after=None
[2026-08-31T08:34:43.711+0000] {processor.py:208} INFO - Processing /opt/airflow/dags/05_etl_weather_postgres.py took 0.080 seconds
[2026-08-31T08:35:14.054+0000] {processor.py:186} INFO - Started process (PID=1182) to work on /opt/airflow/dags/05_etl_weather_postgres.py
[2026-08-31T08:35:14.055+0000] {processor.py:914} INFO - Processing file /opt/airflow/dags/05_etl_weather_postgres.py for tasks to queue
[2026-08-31T08:35:14.057+0000] {logging_mixin.py:190} INFO - [2026-08-31T08:35:14.057+0000] {dagbag.py:588} INFO - Filling up the DagBag from /opt/airflow/dags/05_etl_weather_postgres.py
[2026-08-31T08:35:14.101+0000] {processor.py:925} INFO - DAG(s) 'etl_weather_postgres_dag' retrieved from /opt/airflow/dags/05_etl_weather_postgres.py
[2026-08-31T08:35:14.125+0000] {logging_mixin.py:190} INFO - [2026-08-31T08:35:14.125+0000] {dag.py:3239} INFO - Sync 1 DAGs
[2026-08-31T08:35:14.138+0000] {logging_mixin.py:190} INFO - [2026-08-31T08:35:14.137+0000] {dag.py:4180} INFO - Setting next_dagrun for etl_weather_postgres_dag to None, run_after=None
[2026-08-31T08:35:14.152+0000] {processor.py:208} INFO - Processing /opt/airflow/dags/05_etl_weather_postgres.py took 0.108 seconds
[2026-08-31T08:35:44.357+0000] {processor.py:186} INFO - Started process (PID=1196) to work on /opt/airflow/dags/05_etl_weather_postgres.py
[2026-08-31T08:35:44.360+0000] {processor.py:914} INFO - Processing file /opt/airflow/dags/05_etl_weather_postgres.py for tasks to queue
[2026-08-31T08:35:44.369+0000] {logging_mixin.py:190} INFO - [2026-08-31T08:35:44.368+0000] {dagbag.py:588} INFO - Filling up the DagBag from /opt/airflow/dags/05_etl_weather_postgres.py
[2026-08-31T08:35:44.427+0000] {processor.py:925} INFO - DAG(s) 'etl_weather_postgres_dag' retrieved from /opt/airflow/dags/05_etl_weather_postgres.py
[2026-08-31T08:35:44.465+0000] {logging_mixin.py:190} INFO - [2026-08-31T08:35:44.465+0000] {dag.py:3239} INFO - Sync 1 DAGs
[2026-08-31T08:35:44.478+0000] {logging_mixin.py:190} INFO - [2026-08-31T08:35:44.478+0000] {dag.py:4180} INFO - Setting next_dagrun for etl_weather_postgres_dag to None, run_after=None
[2026-08-31T08:35:44.503+0000] {processor.py:208} INFO - Processing /opt/airflow/dags/05_etl_weather_postgres.py took 0.163 seconds
[2026-08-31T08:36:15.049+0000] {processor.py:186} INFO - Started process (PID=1210) to work on /opt/airflow/dags/05_etl_weather_postgres.py
[2026-08-31T08:36:15.050+0000] {processor.py:914} INFO - Processing file /opt/airflow/dags/05_etl_weather_postgres.py for tasks to queue
[2026-08-31T08:36:15.052+0000] {logging_mixin.py:190} INFO - [2026-08-31T08:36:15.052+0000] {dagbag.py:588} INFO - Filling up the DagBag from /opt/airflow/dags/05_etl_weather_postgres.py
[2026-08-31T08:36:15.068+0000] {processor.py:925} INFO - DAG(s) 'etl_weather_postgres_dag' retrieved from /opt/airflow/dags/05_etl_weather_postgres.py
[2026-08-31T08:36:15.095+0000] {logging_mixin.py:190} INFO - [2026-08-31T08:36:15.095+0000] {dag.py:3239} INFO - Sync 1 DAGs
[2026-08-31T08:36:15.107+0000] {logging_mixin.py:190} INFO - [2026-08-31T08:36:15.107+0000] {dag.py:4180} INFO - Setting next_dagrun for etl_weather_postgres_dag to None, run_after=None
[2026-08-31T08:36:15.130+0000] {processor.py:208} INFO - Processing /opt/airflow/dags/05_etl_weather_postgres.py took 0.085 seconds
[2026-08-31T08:36:45.193+0000] {processor.py:186} INFO - Started process (PID=1224) to work on /opt/airflow/dags/05_etl_weather_postgres.py
[2026-08-31T08:36:45.194+0000] {processor.py:914} INFO - Processing file /opt/airflow/dags/05_etl_weather_postgres.py for tasks to queue
[2026-08-31T08:36:45.196+0000] {logging_mixin.py:190} INFO - [2026-08-31T08:36:45.196+0000] {dagbag.py:588} INFO - Filling up the DagBag from /opt/airflow/dags/05_etl_weather_postgres.py
[2026-08-31T08:36:45.218+0000] {processor.py:925} INFO - DAG(s) 'etl_weather_postgres_dag' retrieved from /opt/airflow/dags/05_etl_weather_postgres.py
[2026-08-31T08:36:45.244+0000] {logging_mixin.py:190} INFO - [2026-08-31T08:36:45.244+0000] {dag.py:3239} INFO - Sync 1 DAGs
[2026-08-31T08:36:45.256+0000] {logging_mixin.py:190} INFO - [2026-08-31T08:36:45.255+0000] {dag.py:4180} INFO - Setting next_dagrun for etl_weather_postgres_dag to None, run_after=None
[2026-08-31T08:36:45.291+0000] {processor.py:208} INFO - Processing /opt/airflow/dags/05_etl_weather_postgres.py took 0.103 seconds
[2026-08-31T08:37:15.507+0000] {processor.py:186} INFO - Started process (PID=1238) to work on /opt/airflow/dags/05_etl_weather_postgres.py
[2026-08-31T08:37:15.508+0000] {processor.py:914} INFO - Processing file /opt/airflow/dags/05_etl_weather_postgres.py for tasks to queue
[2026-08-31T08:37:15.510+0000] {logging_mixin.py:190} INFO - [2026-08-31T08:37:15.509+0000] {dagbag.py:588} INFO - Filling up the DagBag from /opt/airflow/dags/05_etl_weather_postgres.py
[2026-08-31T08:37:15.529+0000] {processor.py:925} INFO - DAG(s) 'etl_weather_postgres_dag' retrieved from /opt/airflow/dags/05_etl_weather_postgres.py
[2026-08-31T08:37:15.557+0000] {logging_mixin.py:190} INFO - [2026-08-31T08:37:15.557+0000] {dag.py:3239} INFO - Sync 1 DAGs
[2026-08-31T08:37:15.571+0000] {logging_mixin.py:190} INFO - [2026-08-31T08:37:15.571+0000] {dag.py:4180} INFO - Setting next_dagrun for etl_weather_postgres_dag to None, run_after=None
[2026-08-31T08:37:15.589+0000] {processor.py:208} INFO - Processing /opt/airflow/dags/05_etl_weather_postgres.py took 0.088 seconds
[2026-08-31T08:37:46.290+0000] {processor.py:186} INFO - Started process (PID=1252) to work on /opt/airflow/dags/05_etl_weather_postgres.py
[2026-08-31T08:37:46.292+0000] {processor.py:914} INFO - Processing file /opt/airflow/dags/05_etl_weather_postgres.py for tasks to queue
[2026-08-31T08:37:46.295+0000] {logging_mixin.py:190} INFO - [2026-08-31T08:37:46.295+0000] {dagbag.py:588} INFO - Filling up the DagBag from /opt/airflow/dags/05_etl_weather_postgres.py
[2026-08-31T08:37:46.325+0000] {processor.py:925} INFO - DAG(s) 'etl_weather_postgres_dag' retrieved from /opt/airflow/dags/05_etl_weather_postgres.py
[2026-08-31T08:37:46.365+0000] {logging_mixin.py:190} INFO - [2026-08-31T08:37:46.364+0000] {dag.py:3239} INFO - Sync 1 DAGs
[2026-08-31T08:37:46.382+0000] {logging_mixin.py:190} INFO - [2026-08-31T08:37:46.382+0000] {dag.py:4180} INFO - Setting next_dagrun for etl_weather_postgres_dag to None, run_after=None
[2026-08-31T08:37:46.411+0000] {processor.py:208} INFO - Processing /opt/airflow/dags/05_etl_weather_postgres.py took 0.128 seconds
[2026-08-31T08:38:16.687+0000] {processor.py:186} INFO - Started process (PID=1266) to work on /opt/airflow/dags/05_etl_weather_postgres.py
[2026-08-31T08:38:16.688+0000] {processor.py:914} INFO - Processing file /opt/airflow/dags/05_etl_weather_postgres.py for tasks to queue
[2026-08-31T08:38:16.690+0000] {logging_mixin.py:190} INFO - [2026-08-31T08:38:16.690+0000] {dagbag.py:588} INFO - Filling up the DagBag from /opt/airflow/dags/05_etl_weather_postgres.py
[2026-08-31T08:38:16.707+0000] {processor.py:925} INFO - DAG(s) 'etl_weather_postgres_dag' retrieved from /opt/airflow/dags/05_etl_weather_postgres.py
[2026-08-31T08:38:16.729+0000] {logging_mixin.py:190} INFO - [2026-08-31T08:38:16.729+0000] {dag.py:3239} INFO - Sync 1 DAGs
[2026-08-31T08:38:16.739+0000] {logging_mixin.py:190} INFO - [2026-08-31T08:38:16.739+0000] {dag.py:4180} INFO - Setting next_dagrun for etl_weather_postgres_dag to None, run_after=None
[2026-08-31T08:38:16.760+0000] {processor.py:208} INFO - Processing /opt/airflow/dags/05_etl_weather_postgres.py took 0.078 seconds
[2026-08-31T08:38:47.000+0000] {processor.py:186} INFO - Started process (PID=1280) to work on /opt/airflow/dags/05_etl_weather_postgres.py
[2026-08-31T08:38:47.001+0000] {processor.py:914} INFO - Processing file /opt/airflow/dags/05_etl_weather_postgres.py for tasks to queue
[2026-08-31T08:38:47.004+0000] {logging_mixin.py:190} INFO - [2026-08-31T08:38:47.004+0000] {dagbag.py:588} INFO - Filling up the DagBag from /opt/airflow/dags/05_etl_weather_postgres.py
[2026-08-31T08:38:47.022+0000] {processor.py:925} INFO - DAG(s) 'etl_weather_postgres_dag' retrieved from /opt/airflow/dags/05_etl_weather_postgres.py
[2026-08-31T08:38:47.047+0000] {logging_mixin.py:190} INFO - [2026-08-31T08:38:47.047+0000] {dag.py:3239} INFO - Sync 1 DAGs
[2026-08-31T08:38:47.058+0000] {logging_mixin.py:190} INFO - [2026-08-31T08:38:47.058+0000] {dag.py:4180} INFO - Setting next_dagrun for etl_weather_postgres_dag to None, run_after=None
[2026-08-31T08:38:47.079+0000] {processor.py:208} INFO - Processing /opt/airflow/dags/05_etl_weather_postgres.py took 0.086 seconds
[2026-08-31T08:39:17.273+0000] {processor.py:186} INFO - Started process (PID=1295) to work on /opt/airflow/dags/05_etl_weather_postgres.py
[2026-08-31T08:39:17.274+0000] {processor.py:914} INFO - Processing file /opt/airflow/dags/05_etl_weather_postgres.py for tasks to queue
[2026-08-31T08:39:17.277+0000] {logging_mixin.py:190} INFO - [2026-08-31T08:39:17.277+0000] {dagbag.py:588} INFO - Filling up the DagBag from /opt/airflow/dags/05_etl_weather_postgres.py
[2026-08-31T08:39:17.298+0000] {processor.py:925} INFO - DAG(s) 'etl_weather_postgres_dag' retrieved from /opt/airflow/dags/05_etl_weather_postgres.py
[2026-08-31T08:39:17.321+0000] {logging_mixin.py:190} INFO - [2026-08-31T08:39:17.320+0000] {dag.py:3239} INFO - Sync 1 DAGs
[2026-08-31T08:39:17.333+0000] {logging_mixin.py:190} INFO - [2026-08-31T08:39:17.332+0000] {dag.py:4180} INFO - Setting next_dagrun for etl_weather_postgres_dag to None, run_after=None
[2026-08-31T08:39:17.351+0000] {processor.py:208} INFO - Processing /opt/airflow/dags/05_etl_weather_postgres.py took 0.083 seconds
[2026-08-31T08:39:48.082+0000] {processor.py:186} INFO - Started process (PID=1309) to work on /opt/airflow/dags/05_etl_weather_postgres.py
[2026-08-31T08:39:48.084+0000] {processor.py:914} INFO - Processing file /opt/airflow/dags/05_etl_weather_postgres.py for tasks to queue
[2026-08-31T08:39:48.086+0000] {logging_mixin.py:190} INFO - [2026-08-31T08:39:48.086+0000] {dagbag.py:588} INFO - Filling up the DagBag from /opt/airflow/dags/05_etl_weather_postgres.py
[2026-08-31T08:39:48.107+0000] {processor.py:925} INFO - DAG(s) 'etl_weather_postgres_dag' retrieved from /opt/airflow/dags/05_etl_weather_postgres.py
[2026-08-31T08:39:48.132+0000] {logging_mixin.py:190} INFO - [2026-08-31T08:39:48.132+0000] {dag.py:3239} INFO - Sync 1 DAGs
[2026-08-31T08:39:48.144+0000] {logging_mixin.py:190} INFO - [2026-08-31T08:39:48.144+0000] {dag.py:4180} INFO - Setting next_dagrun for etl_weather_postgres_dag to None, run_after=None
[2026-08-31T08:39:48.165+0000] {processor.py:208} INFO - Processing /opt/airflow/dags/05_etl_weather_postgres.py took 0.090 seconds
[2026-08-31T08:40:18.439+0000] {processor.py:186} INFO - Started process (PID=1323) to work on /opt/airflow/dags/05_etl_weather_postgres.py
[2026-08-31T08:40:18.441+0000] {processor.py:914} INFO - Processing file /opt/airflow/dags/05_etl_weather_postgres.py for tasks to queue
[2026-08-31T08:40:18.445+0000] {logging_mixin.py:190} INFO - [2026-08-31T08:40:18.444+0000] {dagbag.py:588} INFO - Filling up the DagBag from /opt/airflow/dags/05_etl_weather_postgres.py
[2026-08-31T08:40:18.463+0000] {processor.py:925} INFO - DAG(s) 'etl_weather_postgres_dag' retrieved from /opt/airflow/dags/05_etl_weather_postgres.py
[2026-08-31T08:40:18.488+0000] {logging_mixin.py:190} INFO - [2026-08-31T08:40:18.488+0000] {dag.py:3239} INFO - Sync 1 DAGs
[2026-08-31T08:40:18.500+0000] {logging_mixin.py:190} INFO - [2026-08-31T08:40:18.500+0000] {dag.py:4180} INFO - Setting next_dagrun for etl_weather_postgres_dag to None, run_after=None
[2026-08-31T08:40:18.521+0000] {processor.py:208} INFO - Processing /opt/airflow/dags/05_etl_weather_postgres.py took 0.093 seconds
[2026-08-31T08:40:49.419+0000] {processor.py:186} INFO - Started process (PID=1337) to work on /opt/airflow/dags/05_etl_weather_postgres.py
[2026-08-31T08:40:49.420+0000] {processor.py:914} INFO - Processing file /opt/airflow/dags/05_etl_weather_postgres.py for tasks to queue
[2026-08-31T08:40:49.423+0000] {logging_mixin.py:190} INFO - [2026-08-31T08:40:49.423+0000] {dagbag.py:588} INFO - Filling up the DagBag from /opt/airflow/dags/05_etl_weather_postgres.py
[2026-08-31T08:40:49.439+0000] {processor.py:925} INFO - DAG(s) 'etl_weather_postgres_dag' retrieved from /opt/airflow/dags/05_etl_weather_postgres.py
[2026-08-31T08:40:49.465+0000] {logging_mixin.py:190} INFO - [2026-08-31T08:40:49.465+0000] {dag.py:3239} INFO - Sync 1 DAGs
[2026-08-31T08:40:49.477+0000] {logging_mixin.py:190} INFO - [2026-08-31T08:40:49.477+0000] {dag.py:4180} INFO - Setting next_dagrun for etl_weather_postgres_dag to None, run_after=None
[2026-08-31T08:40:49.499+0000] {processor.py:208} INFO - Processing /opt/airflow/dags/05_etl_weather_postgres.py took 0.085 seconds
[2026-08-31T08:41:19.780+0000] {processor.py:186} INFO - Started process (PID=1351) to work on /opt/airflow/dags/05_etl_weather_postgres.py
[2026-08-31T08:41:19.781+0000] {processor.py:914} INFO - Processing file /opt/airflow/dags/05_etl_weather_postgres.py for tasks to queue
[2026-08-31T08:41:19.785+0000] {logging_mixin.py:190} INFO - [2026-08-31T08:41:19.785+0000] {dagbag.py:588} INFO - Filling up the DagBag from /opt/airflow/dags/05_etl_weather_postgres.py
[2026-08-31T08:41:19.832+0000] {processor.py:925} INFO - DAG(s) 'etl_weather_postgres_dag' retrieved from /opt/airflow/dags/05_etl_weather_postgres.py
[2026-08-31T08:41:19.859+0000] {logging_mixin.py:190} INFO - [2026-08-31T08:41:19.858+0000] {dag.py:3239} INFO - Sync 1 DAGs
[2026-08-31T08:41:19.872+0000] {logging_mixin.py:190} INFO - [2026-08-31T08:41:19.872+0000] {dag.py:4180} INFO - Setting next_dagrun for etl_weather_postgres_dag to None, run_after=None
[2026-08-31T08:41:19.893+0000] {processor.py:208} INFO - Processing /opt/airflow/dags/05_etl_weather_postgres.py took 0.119 seconds
[2026-08-31T08:41:50.801+0000] {processor.py:186} INFO - Started process (PID=1365) to work on /opt/airflow/dags/05_etl_weather_postgres.py
[2026-08-31T08:41:50.802+0000] {processor.py:914} INFO - Processing file /opt/airflow/dags/05_etl_weather_postgres.py for tasks to queue
[2026-08-31T08:41:50.804+0000] {logging_mixin.py:190} INFO - [2026-08-31T08:41:50.804+0000] {dagbag.py:588} INFO - Filling up the DagBag from /opt/airflow/dags/05_etl_weather_postgres.py
[2026-08-31T08:41:50.820+0000] {processor.py:925} INFO - DAG(s) 'etl_weather_postgres_dag' retrieved from /opt/airflow/dags/05_etl_weather_postgres.py
[2026-08-31T08:41:50.846+0000] {logging_mixin.py:190} INFO - [2026-08-31T08:41:50.846+0000] {dag.py:3239} INFO - Sync 1 DAGs
[2026-08-31T08:41:50.858+0000] {logging_mixin.py:190} INFO - [2026-08-31T08:41:50.858+0000] {dag.py:4180} INFO - Setting next_dagrun for etl_weather_postgres_dag to None, run_after=None
[2026-08-31T08:41:50.880+0000] {processor.py:208} INFO - Processing /opt/airflow/dags/05_etl_weather_postgres.py took 0.084 seconds
[2026-08-31T08:42:21.152+0000] {processor.py:186} INFO - Started process (PID=1379) to work on /opt/airflow/dags/05_etl_weather_postgres.py
[2026-08-31T08:42:21.154+0000] {processor.py:914} INFO - Processing file /opt/airflow/dags/05_etl_weather_postgres.py for tasks to queue
[2026-08-31T08:42:21.158+0000] {logging_mixin.py:190} INFO - [2026-08-31T08:42:21.158+0000] {dagbag.py:588} INFO - Filling up the DagBag from /opt/airflow/dags/05_etl_weather_postgres.py
[2026-08-31T08:42:21.183+0000] {processor.py:925} INFO - DAG(s) 'etl_weather_postgres_dag' retrieved from /opt/airflow/dags/05_etl_weather_postgres.py
[2026-08-31T08:42:21.209+0000] {logging_mixin.py:190} INFO - [2026-08-31T08:42:21.209+0000] {dag.py:3239} INFO - Sync 1 DAGs
[2026-08-31T08:42:21.228+0000] {logging_mixin.py:190} INFO - [2026-08-31T08:42:21.228+0000] {dag.py:4180} INFO - Setting next_dagrun for etl_weather_postgres_dag to None, run_after=None
[2026-08-31T08:42:21.263+0000] {processor.py:208} INFO - Processing /opt/airflow/dags/05_etl_weather_postgres.py took 0.127 seconds
[2026-08-31T08:42:52.204+0000] {processor.py:186} INFO - Started process (PID=1393) to work on /opt/airflow/dags/05_etl_weather_postgres.py
[2026-08-31T08:42:52.206+0000] {processor.py:914} INFO - Processing file /opt/airflow/dags/05_etl_weather_postgres.py for tasks to queue
[2026-08-31T08:42:52.208+0000] {logging_mixin.py:190} INFO - [2026-08-31T08:42:52.208+0000] {dagbag.py:588} INFO - Filling up the DagBag from /opt/airflow/dags/05_etl_weather_postgres.py
[2026-08-31T08:42:52.239+0000] {processor.py:925} INFO - DAG(s) 'etl_weather_postgres_dag' retrieved from /opt/airflow/dags/05_etl_weather_postgres.py
[2026-08-31T08:42:52.300+0000] {logging_mixin.py:190} INFO - [2026-08-31T08:42:52.300+0000] {dag.py:3239} INFO - Sync 1 DAGs
[2026-08-31T08:42:52.316+0000] {logging_mixin.py:190} INFO - [2026-08-31T08:42:52.316+0000] {dag.py:4180} INFO - Setting next_dagrun for etl_weather_postgres_dag to None, run_after=None
[2026-08-31T08:42:52.336+0000] {processor.py:208} INFO - Processing /opt/airflow/dags/05_etl_weather_postgres.py took 0.137 seconds
[2026-08-31T08:43:22.956+0000] {processor.py:186} INFO - Started process (PID=1407) to work on /opt/airflow/dags/05_etl_weather_postgres.py
[2026-08-31T08:43:22.957+0000] {processor.py:914} INFO - Processing file /opt/airflow/dags/05_etl_weather_postgres.py for tasks to queue
[2026-08-31T08:43:22.959+0000] {logging_mixin.py:190} INFO - [2026-08-31T08:43:22.958+0000] {dagbag.py:588} INFO - Filling up the DagBag from /opt/airflow/dags/05_etl_weather_postgres.py
[2026-08-31T08:43:22.982+0000] {processor.py:925} INFO - DAG(s) 'etl_weather_postgres_dag' retrieved from /opt/airflow/dags/05_etl_weather_postgres.py
[2026-08-31T08:43:23.008+0000] {logging_mixin.py:190} INFO - [2026-08-31T08:43:23.008+0000] {dag.py:3239} INFO - Sync 1 DAGs
[2026-08-31T08:43:23.021+0000] {logging_mixin.py:190} INFO - [2026-08-31T08:43:23.021+0000] {dag.py:4180} INFO - Setting next_dagrun for etl_weather_postgres_dag to None, run_after=None
[2026-08-31T08:43:23.045+0000] {processor.py:208} INFO - Processing /opt/airflow/dags/05_etl_weather_postgres.py took 0.094 seconds
[2026-08-31T08:43:53.200+0000] {processor.py:186} INFO - Started process (PID=1421) to work on /opt/airflow/dags/05_etl_weather_postgres.py
[2026-08-31T08:43:53.201+0000] {processor.py:914} INFO - Processing file /opt/airflow/dags/05_etl_weather_postgres.py for tasks to queue
[2026-08-31T08:43:53.203+0000] {logging_mixin.py:190} INFO - [2026-08-31T08:43:53.203+0000] {dagbag.py:588} INFO - Filling up the DagBag from /opt/airflow/dags/05_etl_weather_postgres.py
[2026-08-31T08:43:53.219+0000] {processor.py:925} INFO - DAG(s) 'etl_weather_postgres_dag' retrieved from /opt/airflow/dags/05_etl_weather_postgres.py
[2026-08-31T08:43:53.245+0000] {logging_mixin.py:190} INFO - [2026-08-31T08:43:53.244+0000] {dag.py:3239} INFO - Sync 1 DAGs
[2026-08-31T08:43:53.256+0000] {logging_mixin.py:190} INFO - [2026-08-31T08:43:53.256+0000] {dag.py:4180} INFO - Setting next_dagrun for etl_weather_postgres_dag to None, run_after=None
[2026-08-31T08:43:53.278+0000] {processor.py:208} INFO - Processing /opt/airflow/dags/05_etl_weather_postgres.py took 0.083 seconds
[2026-08-31T08:44:23.412+0000] {processor.py:186} INFO - Started process (PID=1435) to work on /opt/airflow/dags/05_etl_weather_postgres.py
[2026-08-31T08:44:23.414+0000] {processor.py:914} INFO - Processing file /opt/airflow/dags/05_etl_weather_postgres.py for tasks to queue
[2026-08-31T08:44:23.417+0000] {logging_mixin.py:190} INFO - [2026-08-31T08:44:23.416+0000] {dagbag.py:588} INFO - Filling up the DagBag from /opt/airflow/dags/05_etl_weather_postgres.py
[2026-08-31T08:44:23.476+0000] {processor.py:925} INFO - DAG(s) 'etl_weather_postgres_dag' retrieved from /opt/airflow/dags/05_etl_weather_postgres.py
[2026-08-31T08:44:23.522+0000] {logging_mixin.py:190} INFO - [2026-08-31T08:44:23.521+0000] {dag.py:3239} INFO - Sync 1 DAGs
[2026-08-31T08:44:23.539+0000] {logging_mixin.py:190} INFO - [2026-08-31T08:44:23.539+0000] {dag.py:4180} INFO - Setting next_dagrun for etl_weather_postgres_dag to None, run_after=None
[2026-08-31T08:44:23.564+0000] {processor.py:208} INFO - Processing /opt/airflow/dags/05_etl_weather_postgres.py took 0.158 seconds
[2026-08-31T08:44:53.846+0000] {processor.py:186} INFO - Started process (PID=1449) to work on /opt/airflow/dags/05_etl_weather_postgres.py
[2026-08-31T08:44:53.847+0000] {processor.py:914} INFO - Processing file /opt/airflow/dags/05_etl_weather_postgres.py for tasks to queue
[2026-08-31T08:44:53.849+0000] {logging_mixin.py:190} INFO - [2026-08-31T08:44:53.849+0000] {dagbag.py:588} INFO - Filling up the DagBag from /opt/airflow/dags/05_etl_weather_postgres.py
[2026-08-31T08:44:53.871+0000] {processor.py:925} INFO - DAG(s) 'etl_weather_postgres_dag' retrieved from /opt/airflow/dags/05_etl_weather_postgres.py
[2026-08-31T08:44:53.897+0000] {logging_mixin.py:190} INFO - [2026-08-31T08:44:53.897+0000] {dag.py:3239} INFO - Sync 1 DAGs
[2026-08-31T08:44:53.911+0000] {logging_mixin.py:190} INFO - [2026-08-31T08:44:53.911+0000] {dag.py:4180} INFO - Setting next_dagrun for etl_weather_postgres_dag to None, run_after=None
[2026-08-31T08:44:53.932+0000] {processor.py:208} INFO - Processing /opt/airflow/dags/05_etl_weather_postgres.py took 0.092 seconds
[2026-08-31T08:45:24.156+0000] {processor.py:186} INFO - Started process (PID=1463) to work on /opt/airflow/dags/05_etl_weather_postgres.py
[2026-08-31T08:45:24.157+0000] {processor.py:914} INFO - Processing file /opt/airflow/dags/05_etl_weather_postgres.py for tasks to queue
[2026-08-31T08:45:24.159+0000] {logging_mixin.py:190} INFO - [2026-08-31T08:45:24.159+0000] {dagbag.py:588} INFO - Filling up the DagBag from /opt/airflow/dags/05_etl_weather_postgres.py
[2026-08-31T08:45:24.176+0000] {processor.py:925} INFO - DAG(s) 'etl_weather_postgres_dag' retrieved from /opt/airflow/dags/05_etl_weather_postgres.py
[2026-08-31T08:45:24.208+0000] {logging_mixin.py:190} INFO - [2026-08-31T08:45:24.208+0000] {dag.py:3239} INFO - Sync 1 DAGs
[2026-08-31T08:45:24.221+0000] {logging_mixin.py:190} INFO - [2026-08-31T08:45:24.221+0000] {dag.py:4180} INFO - Setting next_dagrun for etl_weather_postgres_dag to None, run_after=None
[2026-08-31T08:45:24.246+0000] {processor.py:208} INFO - Processing /opt/airflow/dags/05_etl_weather_postgres.py took 0.095 seconds
