[2026-08-31T07:56:10.200+0000] {processor.py:186} INFO - Started process (PID=96) to work on /opt/airflow/dags/ml_01_iris_pipeline-3.py
[2026-08-31T07:56:10.203+0000] {processor.py:914} INFO - Processing file /opt/airflow/dags/ml_01_iris_pipeline-3.py for tasks to queue
[2026-08-31T07:56:10.208+0000] {logging_mixin.py:190} INFO - [2026-08-31T07:56:10.207+0000] {dagbag.py:588} INFO - Filling up the DagBag from /opt/airflow/dags/ml_01_iris_pipeline-3.py
[2026-08-31T07:56:10.303+0000] {processor.py:925} INFO - DAG(s) 'iris_pipeline_dag' retrieved from /opt/airflow/dags/ml_01_iris_pipeline-3.py
[2026-08-31T07:56:10.707+0000] {logging_mixin.py:190} INFO - [2026-08-31T07:56:10.706+0000] {override.py:1911} INFO - Created Permission View: can read on DAG:iris_pipeline_dag
[2026-08-31T07:56:10.724+0000] {logging_mixin.py:190} INFO - [2026-08-31T07:56:10.724+0000] {override.py:1911} INFO - Created Permission View: can delete on DAG:iris_pipeline_dag
[2026-08-31T07:56:10.735+0000] {logging_mixin.py:190} INFO - [2026-08-31T07:56:10.734+0000] {override.py:1911} INFO - Created Permission View: can edit on DAG:iris_pipeline_dag
[2026-08-31T07:56:10.747+0000] {logging_mixin.py:190} INFO - [2026-08-31T07:56:10.746+0000] {override.py:1911} INFO - Created Permission View: menu access on DAG Run:iris_pipeline_dag
[2026-08-31T07:56:10.758+0000] {logging_mixin.py:190} INFO - [2026-08-31T07:56:10.757+0000] {override.py:1911} INFO - Created Permission View: can read on DAG Run:iris_pipeline_dag
[2026-08-31T07:56:10.769+0000] {logging_mixin.py:190} INFO - [2026-08-31T07:56:10.768+0000] {override.py:1911} INFO - Created Permission View: can delete on DAG Run:iris_pipeline_dag
[2026-08-31T07:56:10.779+0000] {logging_mixin.py:190} INFO - [2026-08-31T07:56:10.778+0000] {override.py:1911} INFO - Created Permission View: can create on DAG Run:iris_pipeline_dag
[2026-08-31T07:56:10.780+0000] {logging_mixin.py:190} INFO - [2026-08-31T07:56:10.780+0000] {dag.py:3239} INFO - Sync 1 DAGs
[2026-08-31T07:56:10.803+0000] {logging_mixin.py:190} INFO - [2026-08-31T07:56:10.803+0000] {dag.py:3262} INFO - Creating ORM DAG for iris_pipeline_dag
[2026-08-31T07:56:10.805+0000] {logging_mixin.py:190} INFO - [2026-08-31T07:56:10.805+0000] {dag.py:4180} INFO - Setting next_dagrun for iris_pipeline_dag to None, run_after=None
[2026-08-31T07:56:10.849+0000] {processor.py:208} INFO - Processing /opt/airflow/dags/ml_01_iris_pipeline-3.py took 0.663 seconds
[2026-08-31T07:56:41.739+0000] {processor.py:186} INFO - Started process (PID=109) to work on /opt/airflow/dags/ml_01_iris_pipeline-3.py
[2026-08-31T07:56:41.741+0000] {processor.py:914} INFO - Processing file /opt/airflow/dags/ml_01_iris_pipeline-3.py for tasks to queue
[2026-08-31T07:56:41.743+0000] {logging_mixin.py:190} INFO - [2026-08-31T07:56:41.743+0000] {dagbag.py:588} INFO - Filling up the DagBag from /opt/airflow/dags/ml_01_iris_pipeline-3.py
[2026-08-31T07:56:41.766+0000] {processor.py:925} INFO - DAG(s) 'iris_pipeline_dag' retrieved from /opt/airflow/dags/ml_01_iris_pipeline-3.py
[2026-08-31T07:56:41.791+0000] {logging_mixin.py:190} INFO - [2026-08-31T07:56:41.791+0000] {dag.py:3239} INFO - Sync 1 DAGs
[2026-08-31T07:56:41.803+0000] {logging_mixin.py:190} INFO - [2026-08-31T07:56:41.803+0000] {dag.py:4180} INFO - Setting next_dagrun for iris_pipeline_dag to None, run_after=None
[2026-08-31T07:56:41.818+0000] {processor.py:208} INFO - Processing /opt/airflow/dags/ml_01_iris_pipeline-3.py took 0.085 seconds
[2026-08-31T07:57:11.929+0000] {processor.py:186} INFO - Started process (PID=123) to work on /opt/airflow/dags/ml_01_iris_pipeline-3.py
[2026-08-31T07:57:11.931+0000] {processor.py:914} INFO - Processing file /opt/airflow/dags/ml_01_iris_pipeline-3.py for tasks to queue
[2026-08-31T07:57:11.933+0000] {logging_mixin.py:190} INFO - [2026-08-31T07:57:11.933+0000] {dagbag.py:588} INFO - Filling up the DagBag from /opt/airflow/dags/ml_01_iris_pipeline-3.py
[2026-08-31T07:57:11.952+0000] {processor.py:925} INFO - DAG(s) 'iris_pipeline_dag' retrieved from /opt/airflow/dags/ml_01_iris_pipeline-3.py
[2026-08-31T07:57:11.977+0000] {logging_mixin.py:190} INFO - [2026-08-31T07:57:11.977+0000] {dag.py:3239} INFO - Sync 1 DAGs
[2026-08-31T07:57:11.990+0000] {logging_mixin.py:190} INFO - [2026-08-31T07:57:11.990+0000] {dag.py:4180} INFO - Setting next_dagrun for iris_pipeline_dag to None, run_after=None
[2026-08-31T07:57:12.007+0000] {processor.py:208} INFO - Processing /opt/airflow/dags/ml_01_iris_pipeline-3.py took 0.083 seconds
[2026-08-31T07:57:42.362+0000] {processor.py:186} INFO - Started process (PID=137) to work on /opt/airflow/dags/ml_01_iris_pipeline-3.py
[2026-08-31T07:57:42.363+0000] {processor.py:914} INFO - Processing file /opt/airflow/dags/ml_01_iris_pipeline-3.py for tasks to queue
[2026-08-31T07:57:42.366+0000] {logging_mixin.py:190} INFO - [2026-08-31T07:57:42.366+0000] {dagbag.py:588} INFO - Filling up the DagBag from /opt/airflow/dags/ml_01_iris_pipeline-3.py
[2026-08-31T07:57:42.412+0000] {processor.py:925} INFO - DAG(s) 'iris_pipeline_dag' retrieved from /opt/airflow/dags/ml_01_iris_pipeline-3.py
[2026-08-31T07:57:42.477+0000] {logging_mixin.py:190} INFO - [2026-08-31T07:57:42.476+0000] {dag.py:3239} INFO - Sync 1 DAGs
[2026-08-31T07:57:42.514+0000] {logging_mixin.py:190} INFO - [2026-08-31T07:57:42.514+0000] {dag.py:4180} INFO - Setting next_dagrun for iris_pipeline_dag to None, run_after=None
[2026-08-31T07:57:42.539+0000] {processor.py:208} INFO - Processing /opt/airflow/dags/ml_01_iris_pipeline-3.py took 0.184 seconds
[2026-08-31T07:58:13.024+0000] {processor.py:186} INFO - Started process (PID=151) to work on /opt/airflow/dags/ml_01_iris_pipeline-3.py
[2026-08-31T07:58:13.026+0000] {processor.py:914} INFO - Processing file /opt/airflow/dags/ml_01_iris_pipeline-3.py for tasks to queue
[2026-08-31T07:58:13.031+0000] {logging_mixin.py:190} INFO - [2026-08-31T07:58:13.030+0000] {dagbag.py:588} INFO - Filling up the DagBag from /opt/airflow/dags/ml_01_iris_pipeline-3.py
[2026-08-31T07:58:13.061+0000] {processor.py:925} INFO - DAG(s) 'iris_pipeline_dag' retrieved from /opt/airflow/dags/ml_01_iris_pipeline-3.py
[2026-08-31T07:58:13.085+0000] {logging_mixin.py:190} INFO - [2026-08-31T07:58:13.085+0000] {dag.py:3239} INFO - Sync 1 DAGs
[2026-08-31T07:58:13.099+0000] {logging_mixin.py:190} INFO - [2026-08-31T07:58:13.098+0000] {dag.py:4180} INFO - Setting next_dagrun for iris_pipeline_dag to None, run_after=None
[2026-08-31T07:58:13.117+0000] {processor.py:208} INFO - Processing /opt/airflow/dags/ml_01_iris_pipeline-3.py took 0.105 seconds
[2026-08-31T07:58:43.747+0000] {processor.py:186} INFO - Started process (PID=165) to work on /opt/airflow/dags/ml_01_iris_pipeline-3.py
[2026-08-31T07:58:43.749+0000] {processor.py:914} INFO - Processing file /opt/airflow/dags/ml_01_iris_pipeline-3.py for tasks to queue
[2026-08-31T07:58:43.754+0000] {logging_mixin.py:190} INFO - [2026-08-31T07:58:43.753+0000] {dagbag.py:588} INFO - Filling up the DagBag from /opt/airflow/dags/ml_01_iris_pipeline-3.py
[2026-08-31T07:58:43.797+0000] {processor.py:925} INFO - DAG(s) 'iris_pipeline_dag' retrieved from /opt/airflow/dags/ml_01_iris_pipeline-3.py
[2026-08-31T07:58:43.833+0000] {logging_mixin.py:190} INFO - [2026-08-31T07:58:43.833+0000] {dag.py:3239} INFO - Sync 1 DAGs
[2026-08-31T07:58:44.060+0000] {logging_mixin.py:190} INFO - [2026-08-31T07:58:44.060+0000] {dag.py:4180} INFO - Setting next_dagrun for iris_pipeline_dag to None, run_after=None
[2026-08-31T07:58:44.107+0000] {processor.py:208} INFO - Processing /opt/airflow/dags/ml_01_iris_pipeline-3.py took 0.370 seconds
[2026-08-31T07:59:14.194+0000] {processor.py:186} INFO - Started process (PID=179) to work on /opt/airflow/dags/ml_01_iris_pipeline-3.py
[2026-08-31T07:59:14.195+0000] {processor.py:914} INFO - Processing file /opt/airflow/dags/ml_01_iris_pipeline-3.py for tasks to queue
[2026-08-31T07:59:14.199+0000] {logging_mixin.py:190} INFO - [2026-08-31T07:59:14.198+0000] {dagbag.py:588} INFO - Filling up the DagBag from /opt/airflow/dags/ml_01_iris_pipeline-3.py
[2026-08-31T07:59:14.541+0000] {processor.py:925} INFO - DAG(s) 'iris_pipeline_dag' retrieved from /opt/airflow/dags/ml_01_iris_pipeline-3.py
[2026-08-31T07:59:14.585+0000] {logging_mixin.py:190} INFO - [2026-08-31T07:59:14.585+0000] {dag.py:3239} INFO - Sync 1 DAGs
[2026-08-31T07:59:14.603+0000] {logging_mixin.py:190} INFO - [2026-08-31T07:59:14.603+0000] {dag.py:4180} INFO - Setting next_dagrun for iris_pipeline_dag to None, run_after=None
[2026-08-31T07:59:14.623+0000] {processor.py:208} INFO - Processing /opt/airflow/dags/ml_01_iris_pipeline-3.py took 0.435 seconds
[2026-08-31T07:59:44.808+0000] {processor.py:186} INFO - Started process (PID=194) to work on /opt/airflow/dags/ml_01_iris_pipeline-3.py
[2026-08-31T07:59:44.809+0000] {processor.py:914} INFO - Processing file /opt/airflow/dags/ml_01_iris_pipeline-3.py for tasks to queue
[2026-08-31T07:59:44.811+0000] {logging_mixin.py:190} INFO - [2026-08-31T07:59:44.810+0000] {dagbag.py:588} INFO - Filling up the DagBag from /opt/airflow/dags/ml_01_iris_pipeline-3.py
[2026-08-31T07:59:44.832+0000] {processor.py:925} INFO - DAG(s) 'iris_pipeline_dag' retrieved from /opt/airflow/dags/ml_01_iris_pipeline-3.py
[2026-08-31T07:59:44.855+0000] {logging_mixin.py:190} INFO - [2026-08-31T07:59:44.855+0000] {dag.py:3239} INFO - Sync 1 DAGs
[2026-08-31T07:59:44.866+0000] {logging_mixin.py:190} INFO - [2026-08-31T07:59:44.866+0000] {dag.py:4180} INFO - Setting next_dagrun for iris_pipeline_dag to None, run_after=None
[2026-08-31T07:59:44.887+0000] {processor.py:208} INFO - Processing /opt/airflow/dags/ml_01_iris_pipeline-3.py took 0.087 seconds
[2026-08-31T08:00:15.039+0000] {processor.py:186} INFO - Started process (PID=208) to work on /opt/airflow/dags/ml_01_iris_pipeline-3.py
[2026-08-31T08:00:15.040+0000] {processor.py:914} INFO - Processing file /opt/airflow/dags/ml_01_iris_pipeline-3.py for tasks to queue
[2026-08-31T08:00:15.043+0000] {logging_mixin.py:190} INFO - [2026-08-31T08:00:15.043+0000] {dagbag.py:588} INFO - Filling up the DagBag from /opt/airflow/dags/ml_01_iris_pipeline-3.py
[2026-08-31T08:00:15.059+0000] {processor.py:925} INFO - DAG(s) 'iris_pipeline_dag' retrieved from /opt/airflow/dags/ml_01_iris_pipeline-3.py
[2026-08-31T08:00:15.082+0000] {logging_mixin.py:190} INFO - [2026-08-31T08:00:15.082+0000] {dag.py:3239} INFO - Sync 1 DAGs
[2026-08-31T08:00:15.094+0000] {logging_mixin.py:190} INFO - [2026-08-31T08:00:15.094+0000] {dag.py:4180} INFO - Setting next_dagrun for iris_pipeline_dag to None, run_after=None
[2026-08-31T08:00:15.109+0000] {processor.py:208} INFO - Processing /opt/airflow/dags/ml_01_iris_pipeline-3.py took 0.074 seconds
[2026-08-31T08:00:45.348+0000] {processor.py:186} INFO - Started process (PID=222) to work on /opt/airflow/dags/ml_01_iris_pipeline-3.py
[2026-08-31T08:00:45.349+0000] {processor.py:914} INFO - Processing file /opt/airflow/dags/ml_01_iris_pipeline-3.py for tasks to queue
[2026-08-31T08:00:45.352+0000] {logging_mixin.py:190} INFO - [2026-08-31T08:00:45.351+0000] {dagbag.py:588} INFO - Filling up the DagBag from /opt/airflow/dags/ml_01_iris_pipeline-3.py
[2026-08-31T08:00:45.381+0000] {processor.py:925} INFO - DAG(s) 'iris_pipeline_dag' retrieved from /opt/airflow/dags/ml_01_iris_pipeline-3.py
[2026-08-31T08:00:45.407+0000] {logging_mixin.py:190} INFO - [2026-08-31T08:00:45.407+0000] {dag.py:3239} INFO - Sync 1 DAGs
[2026-08-31T08:00:45.418+0000] {logging_mixin.py:190} INFO - [2026-08-31T08:00:45.418+0000] {dag.py:4180} INFO - Setting next_dagrun for iris_pipeline_dag to None, run_after=None
[2026-08-31T08:00:45.443+0000] {processor.py:208} INFO - Processing /opt/airflow/dags/ml_01_iris_pipeline-3.py took 0.107 seconds
[2026-08-31T08:01:15.596+0000] {processor.py:186} INFO - Started process (PID=235) to work on /opt/airflow/dags/ml_01_iris_pipeline-3.py
[2026-08-31T08:01:15.597+0000] {processor.py:914} INFO - Processing file /opt/airflow/dags/ml_01_iris_pipeline-3.py for tasks to queue
[2026-08-31T08:01:15.600+0000] {logging_mixin.py:190} INFO - [2026-08-31T08:01:15.599+0000] {dagbag.py:588} INFO - Filling up the DagBag from /opt/airflow/dags/ml_01_iris_pipeline-3.py
[2026-08-31T08:01:15.628+0000] {processor.py:925} INFO - DAG(s) 'iris_pipeline_dag' retrieved from /opt/airflow/dags/ml_01_iris_pipeline-3.py
[2026-08-31T08:01:15.653+0000] {logging_mixin.py:190} INFO - [2026-08-31T08:01:15.653+0000] {dag.py:3239} INFO - Sync 1 DAGs
[2026-08-31T08:01:15.664+0000] {logging_mixin.py:190} INFO - [2026-08-31T08:01:15.664+0000] {dag.py:4180} INFO - Setting next_dagrun for iris_pipeline_dag to None, run_after=None
[2026-08-31T08:01:15.686+0000] {processor.py:208} INFO - Processing /opt/airflow/dags/ml_01_iris_pipeline-3.py took 0.095 seconds
[2026-08-31T08:01:45.914+0000] {processor.py:186} INFO - Started process (PID=249) to work on /opt/airflow/dags/ml_01_iris_pipeline-3.py
[2026-08-31T08:01:45.915+0000] {processor.py:914} INFO - Processing file /opt/airflow/dags/ml_01_iris_pipeline-3.py for tasks to queue
[2026-08-31T08:01:45.918+0000] {logging_mixin.py:190} INFO - [2026-08-31T08:01:45.917+0000] {dagbag.py:588} INFO - Filling up the DagBag from /opt/airflow/dags/ml_01_iris_pipeline-3.py
[2026-08-31T08:01:45.998+0000] {processor.py:925} INFO - DAG(s) 'iris_pipeline_dag' retrieved from /opt/airflow/dags/ml_01_iris_pipeline-3.py
[2026-08-31T08:01:46.028+0000] {logging_mixin.py:190} INFO - [2026-08-31T08:01:46.028+0000] {dag.py:3239} INFO - Sync 1 DAGs
[2026-08-31T08:01:46.048+0000] {logging_mixin.py:190} INFO - [2026-08-31T08:01:46.048+0000] {dag.py:4180} INFO - Setting next_dagrun for iris_pipeline_dag to None, run_after=None
[2026-08-31T08:01:46.066+0000] {processor.py:208} INFO - Processing /opt/airflow/dags/ml_01_iris_pipeline-3.py took 0.158 seconds
[2026-08-31T08:02:16.372+0000] {processor.py:186} INFO - Started process (PID=263) to work on /opt/airflow/dags/ml_01_iris_pipeline-3.py
[2026-08-31T08:02:16.383+0000] {processor.py:914} INFO - Processing file /opt/airflow/dags/ml_01_iris_pipeline-3.py for tasks to queue
[2026-08-31T08:02:16.389+0000] {logging_mixin.py:190} INFO - [2026-08-31T08:02:16.388+0000] {dagbag.py:588} INFO - Filling up the DagBag from /opt/airflow/dags/ml_01_iris_pipeline-3.py
[2026-08-31T08:02:16.485+0000] {processor.py:925} INFO - DAG(s) 'iris_pipeline_dag' retrieved from /opt/airflow/dags/ml_01_iris_pipeline-3.py
[2026-08-31T08:02:16.530+0000] {logging_mixin.py:190} INFO - [2026-08-31T08:02:16.530+0000] {dag.py:3239} INFO - Sync 1 DAGs
[2026-08-31T08:02:16.543+0000] {logging_mixin.py:190} INFO - [2026-08-31T08:02:16.543+0000] {dag.py:4180} INFO - Setting next_dagrun for iris_pipeline_dag to None, run_after=None
[2026-08-31T08:02:16.567+0000] {processor.py:208} INFO - Processing /opt/airflow/dags/ml_01_iris_pipeline-3.py took 0.203 seconds
[2026-08-31T08:02:47.235+0000] {processor.py:186} INFO - Started process (PID=277) to work on /opt/airflow/dags/ml_01_iris_pipeline-3.py
[2026-08-31T08:02:47.236+0000] {processor.py:914} INFO - Processing file /opt/airflow/dags/ml_01_iris_pipeline-3.py for tasks to queue
[2026-08-31T08:02:47.241+0000] {logging_mixin.py:190} INFO - [2026-08-31T08:02:47.241+0000] {dagbag.py:588} INFO - Filling up the DagBag from /opt/airflow/dags/ml_01_iris_pipeline-3.py
[2026-08-31T08:02:47.270+0000] {processor.py:925} INFO - DAG(s) 'iris_pipeline_dag' retrieved from /opt/airflow/dags/ml_01_iris_pipeline-3.py
[2026-08-31T08:02:47.301+0000] {logging_mixin.py:190} INFO - [2026-08-31T08:02:47.301+0000] {dag.py:3239} INFO - Sync 1 DAGs
[2026-08-31T08:02:47.317+0000] {logging_mixin.py:190} INFO - [2026-08-31T08:02:47.317+0000] {dag.py:4180} INFO - Setting next_dagrun for iris_pipeline_dag to None, run_after=None
[2026-08-31T08:02:47.342+0000] {processor.py:208} INFO - Processing /opt/airflow/dags/ml_01_iris_pipeline-3.py took 0.113 seconds
[2026-08-31T08:03:17.515+0000] {processor.py:186} INFO - Started process (PID=291) to work on /opt/airflow/dags/ml_01_iris_pipeline-3.py
[2026-08-31T08:03:17.517+0000] {processor.py:914} INFO - Processing file /opt/airflow/dags/ml_01_iris_pipeline-3.py for tasks to queue
[2026-08-31T08:03:17.520+0000] {logging_mixin.py:190} INFO - [2026-08-31T08:03:17.519+0000] {dagbag.py:588} INFO - Filling up the DagBag from /opt/airflow/dags/ml_01_iris_pipeline-3.py
[2026-08-31T08:03:17.547+0000] {processor.py:925} INFO - DAG(s) 'iris_pipeline_dag' retrieved from /opt/airflow/dags/ml_01_iris_pipeline-3.py
[2026-08-31T08:03:17.581+0000] {logging_mixin.py:190} INFO - [2026-08-31T08:03:17.581+0000] {dag.py:3239} INFO - Sync 1 DAGs
[2026-08-31T08:03:17.594+0000] {logging_mixin.py:190} INFO - [2026-08-31T08:03:17.594+0000] {dag.py:4180} INFO - Setting next_dagrun for iris_pipeline_dag to None, run_after=None
[2026-08-31T08:03:17.613+0000] {processor.py:208} INFO - Processing /opt/airflow/dags/ml_01_iris_pipeline-3.py took 0.103 seconds
[2026-08-31T08:03:47.667+0000] {processor.py:186} INFO - Started process (PID=305) to work on /opt/airflow/dags/ml_01_iris_pipeline-3.py
[2026-08-31T08:03:47.668+0000] {processor.py:914} INFO - Processing file /opt/airflow/dags/ml_01_iris_pipeline-3.py for tasks to queue
[2026-08-31T08:03:47.670+0000] {logging_mixin.py:190} INFO - [2026-08-31T08:03:47.670+0000] {dagbag.py:588} INFO - Filling up the DagBag from /opt/airflow/dags/ml_01_iris_pipeline-3.py
[2026-08-31T08:03:47.688+0000] {processor.py:925} INFO - DAG(s) 'iris_pipeline_dag' retrieved from /opt/airflow/dags/ml_01_iris_pipeline-3.py
[2026-08-31T08:03:47.719+0000] {logging_mixin.py:190} INFO - [2026-08-31T08:03:47.719+0000] {dag.py:3239} INFO - Sync 1 DAGs
[2026-08-31T08:03:47.737+0000] {logging_mixin.py:190} INFO - [2026-08-31T08:03:47.737+0000] {dag.py:4180} INFO - Setting next_dagrun for iris_pipeline_dag to None, run_after=None
[2026-08-31T08:03:47.758+0000] {processor.py:208} INFO - Processing /opt/airflow/dags/ml_01_iris_pipeline-3.py took 0.095 seconds
[2026-08-31T08:04:17.895+0000] {processor.py:186} INFO - Started process (PID=319) to work on /opt/airflow/dags/ml_01_iris_pipeline-3.py
[2026-08-31T08:04:17.897+0000] {processor.py:914} INFO - Processing file /opt/airflow/dags/ml_01_iris_pipeline-3.py for tasks to queue
[2026-08-31T08:04:17.901+0000] {logging_mixin.py:190} INFO - [2026-08-31T08:04:17.900+0000] {dagbag.py:588} INFO - Filling up the DagBag from /opt/airflow/dags/ml_01_iris_pipeline-3.py
[2026-08-31T08:04:17.931+0000] {processor.py:925} INFO - DAG(s) 'iris_pipeline_dag' retrieved from /opt/airflow/dags/ml_01_iris_pipeline-3.py
[2026-08-31T08:04:17.966+0000] {logging_mixin.py:190} INFO - [2026-08-31T08:04:17.966+0000] {dag.py:3239} INFO - Sync 1 DAGs
[2026-08-31T08:04:17.988+0000] {logging_mixin.py:190} INFO - [2026-08-31T08:04:17.988+0000] {dag.py:4180} INFO - Setting next_dagrun for iris_pipeline_dag to None, run_after=None
[2026-08-31T08:04:18.012+0000] {processor.py:208} INFO - Processing /opt/airflow/dags/ml_01_iris_pipeline-3.py took 0.127 seconds
[2026-08-31T08:04:48.247+0000] {processor.py:186} INFO - Started process (PID=333) to work on /opt/airflow/dags/ml_01_iris_pipeline-3.py
[2026-08-31T08:04:48.248+0000] {processor.py:914} INFO - Processing file /opt/airflow/dags/ml_01_iris_pipeline-3.py for tasks to queue
[2026-08-31T08:04:48.250+0000] {logging_mixin.py:190} INFO - [2026-08-31T08:04:48.250+0000] {dagbag.py:588} INFO - Filling up the DagBag from /opt/airflow/dags/ml_01_iris_pipeline-3.py
[2026-08-31T08:04:48.275+0000] {processor.py:925} INFO - DAG(s) 'iris_pipeline_dag' retrieved from /opt/airflow/dags/ml_01_iris_pipeline-3.py
[2026-08-31T08:04:48.321+0000] {logging_mixin.py:190} INFO - [2026-08-31T08:04:48.320+0000] {dag.py:3239} INFO - Sync 1 DAGs
[2026-08-31T08:04:48.341+0000] {logging_mixin.py:190} INFO - [2026-08-31T08:04:48.341+0000] {dag.py:4180} INFO - Setting next_dagrun for iris_pipeline_dag to None, run_after=None
[2026-08-31T08:04:48.367+0000] {processor.py:208} INFO - Processing /opt/airflow/dags/ml_01_iris_pipeline-3.py took 0.126 seconds
[2026-08-31T08:05:18.691+0000] {processor.py:186} INFO - Started process (PID=347) to work on /opt/airflow/dags/ml_01_iris_pipeline-3.py
[2026-08-31T08:05:18.693+0000] {processor.py:914} INFO - Processing file /opt/airflow/dags/ml_01_iris_pipeline-3.py for tasks to queue
[2026-08-31T08:05:18.695+0000] {logging_mixin.py:190} INFO - [2026-08-31T08:05:18.695+0000] {dagbag.py:588} INFO - Filling up the DagBag from /opt/airflow/dags/ml_01_iris_pipeline-3.py
[2026-08-31T08:05:18.718+0000] {processor.py:925} INFO - DAG(s) 'iris_pipeline_dag' retrieved from /opt/airflow/dags/ml_01_iris_pipeline-3.py
[2026-08-31T08:05:18.749+0000] {logging_mixin.py:190} INFO - [2026-08-31T08:05:18.749+0000] {dag.py:3239} INFO - Sync 1 DAGs
[2026-08-31T08:05:18.764+0000] {logging_mixin.py:190} INFO - [2026-08-31T08:05:18.764+0000] {dag.py:4180} INFO - Setting next_dagrun for iris_pipeline_dag to None, run_after=None
[2026-08-31T08:05:18.788+0000] {processor.py:208} INFO - Processing /opt/airflow/dags/ml_01_iris_pipeline-3.py took 0.102 seconds
[2026-08-31T08:05:49.548+0000] {processor.py:186} INFO - Started process (PID=361) to work on /opt/airflow/dags/ml_01_iris_pipeline-3.py
[2026-08-31T08:05:49.549+0000] {processor.py:914} INFO - Processing file /opt/airflow/dags/ml_01_iris_pipeline-3.py for tasks to queue
[2026-08-31T08:05:49.551+0000] {logging_mixin.py:190} INFO - [2026-08-31T08:05:49.551+0000] {dagbag.py:588} INFO - Filling up the DagBag from /opt/airflow/dags/ml_01_iris_pipeline-3.py
[2026-08-31T08:05:49.568+0000] {processor.py:925} INFO - DAG(s) 'iris_pipeline_dag' retrieved from /opt/airflow/dags/ml_01_iris_pipeline-3.py
[2026-08-31T08:05:49.594+0000] {logging_mixin.py:190} INFO - [2026-08-31T08:05:49.594+0000] {dag.py:3239} INFO - Sync 1 DAGs
[2026-08-31T08:05:49.606+0000] {logging_mixin.py:190} INFO - [2026-08-31T08:05:49.606+0000] {dag.py:4180} INFO - Setting next_dagrun for iris_pipeline_dag to None, run_after=None
[2026-08-31T08:05:49.627+0000] {processor.py:208} INFO - Processing /opt/airflow/dags/ml_01_iris_pipeline-3.py took 0.084 seconds
[2026-08-31T08:06:19.688+0000] {processor.py:186} INFO - Started process (PID=376) to work on /opt/airflow/dags/ml_01_iris_pipeline-3.py
[2026-08-31T08:06:19.689+0000] {processor.py:914} INFO - Processing file /opt/airflow/dags/ml_01_iris_pipeline-3.py for tasks to queue
[2026-08-31T08:06:19.691+0000] {logging_mixin.py:190} INFO - [2026-08-31T08:06:19.691+0000] {dagbag.py:588} INFO - Filling up the DagBag from /opt/airflow/dags/ml_01_iris_pipeline-3.py
[2026-08-31T08:06:19.709+0000] {processor.py:925} INFO - DAG(s) 'iris_pipeline_dag' retrieved from /opt/airflow/dags/ml_01_iris_pipeline-3.py
[2026-08-31T08:06:19.737+0000] {logging_mixin.py:190} INFO - [2026-08-31T08:06:19.737+0000] {dag.py:3239} INFO - Sync 1 DAGs
[2026-08-31T08:06:19.749+0000] {logging_mixin.py:190} INFO - [2026-08-31T08:06:19.749+0000] {dag.py:4180} INFO - Setting next_dagrun for iris_pipeline_dag to None, run_after=None
[2026-08-31T08:06:19.770+0000] {processor.py:208} INFO - Processing /opt/airflow/dags/ml_01_iris_pipeline-3.py took 0.088 seconds
[2026-08-31T08:06:50.060+0000] {processor.py:186} INFO - Started process (PID=390) to work on /opt/airflow/dags/ml_01_iris_pipeline-3.py
[2026-08-31T08:06:50.062+0000] {processor.py:914} INFO - Processing file /opt/airflow/dags/ml_01_iris_pipeline-3.py for tasks to queue
[2026-08-31T08:06:50.064+0000] {logging_mixin.py:190} INFO - [2026-08-31T08:06:50.064+0000] {dagbag.py:588} INFO - Filling up the DagBag from /opt/airflow/dags/ml_01_iris_pipeline-3.py
[2026-08-31T08:06:50.088+0000] {processor.py:925} INFO - DAG(s) 'iris_pipeline_dag' retrieved from /opt/airflow/dags/ml_01_iris_pipeline-3.py
[2026-08-31T08:06:50.117+0000] {logging_mixin.py:190} INFO - [2026-08-31T08:06:50.117+0000] {dag.py:3239} INFO - Sync 1 DAGs
[2026-08-31T08:06:50.129+0000] {logging_mixin.py:190} INFO - [2026-08-31T08:06:50.129+0000] {dag.py:4180} INFO - Setting next_dagrun for iris_pipeline_dag to None, run_after=None
[2026-08-31T08:06:50.150+0000] {processor.py:208} INFO - Processing /opt/airflow/dags/ml_01_iris_pipeline-3.py took 0.096 seconds
[2026-08-31T08:07:20.345+0000] {processor.py:186} INFO - Started process (PID=404) to work on /opt/airflow/dags/ml_01_iris_pipeline-3.py
[2026-08-31T08:07:20.347+0000] {processor.py:914} INFO - Processing file /opt/airflow/dags/ml_01_iris_pipeline-3.py for tasks to queue
[2026-08-31T08:07:20.352+0000] {logging_mixin.py:190} INFO - [2026-08-31T08:07:20.351+0000] {dagbag.py:588} INFO - Filling up the DagBag from /opt/airflow/dags/ml_01_iris_pipeline-3.py
[2026-08-31T08:07:20.387+0000] {processor.py:925} INFO - DAG(s) 'iris_pipeline_dag' retrieved from /opt/airflow/dags/ml_01_iris_pipeline-3.py
[2026-08-31T08:07:20.429+0000] {logging_mixin.py:190} INFO - [2026-08-31T08:07:20.429+0000] {dag.py:3239} INFO - Sync 1 DAGs
[2026-08-31T08:07:20.454+0000] {logging_mixin.py:190} INFO - [2026-08-31T08:07:20.454+0000] {dag.py:4180} INFO - Setting next_dagrun for iris_pipeline_dag to None, run_after=None
[2026-08-31T08:07:20.482+0000] {processor.py:208} INFO - Processing /opt/airflow/dags/ml_01_iris_pipeline-3.py took 0.147 seconds
[2026-08-31T08:07:50.638+0000] {processor.py:186} INFO - Started process (PID=418) to work on /opt/airflow/dags/ml_01_iris_pipeline-3.py
[2026-08-31T08:07:50.639+0000] {processor.py:914} INFO - Processing file /opt/airflow/dags/ml_01_iris_pipeline-3.py for tasks to queue
[2026-08-31T08:07:50.641+0000] {logging_mixin.py:190} INFO - [2026-08-31T08:07:50.641+0000] {dagbag.py:588} INFO - Filling up the DagBag from /opt/airflow/dags/ml_01_iris_pipeline-3.py
[2026-08-31T08:07:50.665+0000] {processor.py:925} INFO - DAG(s) 'iris_pipeline_dag' retrieved from /opt/airflow/dags/ml_01_iris_pipeline-3.py
[2026-08-31T08:07:50.695+0000] {logging_mixin.py:190} INFO - [2026-08-31T08:07:50.695+0000] {dag.py:3239} INFO - Sync 1 DAGs
[2026-08-31T08:07:50.711+0000] {logging_mixin.py:190} INFO - [2026-08-31T08:07:50.711+0000] {dag.py:4180} INFO - Setting next_dagrun for iris_pipeline_dag to None, run_after=None
[2026-08-31T08:07:50.733+0000] {processor.py:208} INFO - Processing /opt/airflow/dags/ml_01_iris_pipeline-3.py took 0.100 seconds
[2026-08-31T08:08:20.899+0000] {processor.py:186} INFO - Started process (PID=432) to work on /opt/airflow/dags/ml_01_iris_pipeline-3.py
[2026-08-31T08:08:20.901+0000] {processor.py:914} INFO - Processing file /opt/airflow/dags/ml_01_iris_pipeline-3.py for tasks to queue
[2026-08-31T08:08:20.904+0000] {logging_mixin.py:190} INFO - [2026-08-31T08:08:20.903+0000] {dagbag.py:588} INFO - Filling up the DagBag from /opt/airflow/dags/ml_01_iris_pipeline-3.py
[2026-08-31T08:08:20.922+0000] {processor.py:925} INFO - DAG(s) 'iris_pipeline_dag' retrieved from /opt/airflow/dags/ml_01_iris_pipeline-3.py
[2026-08-31T08:08:20.949+0000] {logging_mixin.py:190} INFO - [2026-08-31T08:08:20.949+0000] {dag.py:3239} INFO - Sync 1 DAGs
[2026-08-31T08:08:20.961+0000] {logging_mixin.py:190} INFO - [2026-08-31T08:08:20.961+0000] {dag.py:4180} INFO - Setting next_dagrun for iris_pipeline_dag to None, run_after=None
[2026-08-31T08:08:20.981+0000] {processor.py:208} INFO - Processing /opt/airflow/dags/ml_01_iris_pipeline-3.py took 0.088 seconds
[2026-08-31T08:08:51.202+0000] {processor.py:186} INFO - Started process (PID=446) to work on /opt/airflow/dags/ml_01_iris_pipeline-3.py
[2026-08-31T08:08:51.203+0000] {processor.py:914} INFO - Processing file /opt/airflow/dags/ml_01_iris_pipeline-3.py for tasks to queue
[2026-08-31T08:08:51.206+0000] {logging_mixin.py:190} INFO - [2026-08-31T08:08:51.205+0000] {dagbag.py:588} INFO - Filling up the DagBag from /opt/airflow/dags/ml_01_iris_pipeline-3.py
[2026-08-31T08:08:51.230+0000] {processor.py:925} INFO - DAG(s) 'iris_pipeline_dag' retrieved from /opt/airflow/dags/ml_01_iris_pipeline-3.py
[2026-08-31T08:08:51.257+0000] {logging_mixin.py:190} INFO - [2026-08-31T08:08:51.257+0000] {dag.py:3239} INFO - Sync 1 DAGs
[2026-08-31T08:08:51.272+0000] {logging_mixin.py:190} INFO - [2026-08-31T08:08:51.272+0000] {dag.py:4180} INFO - Setting next_dagrun for iris_pipeline_dag to None, run_after=None
[2026-08-31T08:08:51.298+0000] {processor.py:208} INFO - Processing /opt/airflow/dags/ml_01_iris_pipeline-3.py took 0.102 seconds
[2026-08-31T08:09:21.465+0000] {processor.py:186} INFO - Started process (PID=460) to work on /opt/airflow/dags/ml_01_iris_pipeline-3.py
[2026-08-31T08:09:21.466+0000] {processor.py:914} INFO - Processing file /opt/airflow/dags/ml_01_iris_pipeline-3.py for tasks to queue
[2026-08-31T08:09:21.468+0000] {logging_mixin.py:190} INFO - [2026-08-31T08:09:21.467+0000] {dagbag.py:588} INFO - Filling up the DagBag from /opt/airflow/dags/ml_01_iris_pipeline-3.py
[2026-08-31T08:09:21.487+0000] {processor.py:925} INFO - DAG(s) 'iris_pipeline_dag' retrieved from /opt/airflow/dags/ml_01_iris_pipeline-3.py
[2026-08-31T08:09:21.515+0000] {logging_mixin.py:190} INFO - [2026-08-31T08:09:21.514+0000] {dag.py:3239} INFO - Sync 1 DAGs
[2026-08-31T08:09:21.526+0000] {logging_mixin.py:190} INFO - [2026-08-31T08:09:21.526+0000] {dag.py:4180} INFO - Setting next_dagrun for iris_pipeline_dag to None, run_after=None
[2026-08-31T08:09:21.547+0000] {processor.py:208} INFO - Processing /opt/airflow/dags/ml_01_iris_pipeline-3.py took 0.088 seconds
[2026-08-31T08:09:51.648+0000] {processor.py:186} INFO - Started process (PID=474) to work on /opt/airflow/dags/ml_01_iris_pipeline-3.py
[2026-08-31T08:09:51.649+0000] {processor.py:914} INFO - Processing file /opt/airflow/dags/ml_01_iris_pipeline-3.py for tasks to queue
[2026-08-31T08:09:51.652+0000] {logging_mixin.py:190} INFO - [2026-08-31T08:09:51.651+0000] {dagbag.py:588} INFO - Filling up the DagBag from /opt/airflow/dags/ml_01_iris_pipeline-3.py
[2026-08-31T08:09:51.691+0000] {processor.py:925} INFO - DAG(s) 'iris_pipeline_dag' retrieved from /opt/airflow/dags/ml_01_iris_pipeline-3.py
[2026-08-31T08:09:51.733+0000] {logging_mixin.py:190} INFO - [2026-08-31T08:09:51.733+0000] {dag.py:3239} INFO - Sync 1 DAGs
[2026-08-31T08:09:51.752+0000] {logging_mixin.py:190} INFO - [2026-08-31T08:09:51.752+0000] {dag.py:4180} INFO - Setting next_dagrun for iris_pipeline_dag to None, run_after=None
[2026-08-31T08:09:51.776+0000] {processor.py:208} INFO - Processing /opt/airflow/dags/ml_01_iris_pipeline-3.py took 0.132 seconds
[2026-08-31T08:10:22.501+0000] {processor.py:186} INFO - Started process (PID=488) to work on /opt/airflow/dags/ml_01_iris_pipeline-3.py
[2026-08-31T08:10:22.503+0000] {processor.py:914} INFO - Processing file /opt/airflow/dags/ml_01_iris_pipeline-3.py for tasks to queue
[2026-08-31T08:10:22.505+0000] {logging_mixin.py:190} INFO - [2026-08-31T08:10:22.505+0000] {dagbag.py:588} INFO - Filling up the DagBag from /opt/airflow/dags/ml_01_iris_pipeline-3.py
[2026-08-31T08:10:22.539+0000] {processor.py:925} INFO - DAG(s) 'iris_pipeline_dag' retrieved from /opt/airflow/dags/ml_01_iris_pipeline-3.py
[2026-08-31T08:10:22.565+0000] {logging_mixin.py:190} INFO - [2026-08-31T08:10:22.564+0000] {dag.py:3239} INFO - Sync 1 DAGs
[2026-08-31T08:10:22.576+0000] {logging_mixin.py:190} INFO - [2026-08-31T08:10:22.576+0000] {dag.py:4180} INFO - Setting next_dagrun for iris_pipeline_dag to None, run_after=None
[2026-08-31T08:10:22.595+0000] {processor.py:208} INFO - Processing /opt/airflow/dags/ml_01_iris_pipeline-3.py took 0.106 seconds
[2026-08-31T08:10:52.739+0000] {processor.py:186} INFO - Started process (PID=502) to work on /opt/airflow/dags/ml_01_iris_pipeline-3.py
[2026-08-31T08:10:52.740+0000] {processor.py:914} INFO - Processing file /opt/airflow/dags/ml_01_iris_pipeline-3.py for tasks to queue
[2026-08-31T08:10:52.743+0000] {logging_mixin.py:190} INFO - [2026-08-31T08:10:52.742+0000] {dagbag.py:588} INFO - Filling up the DagBag from /opt/airflow/dags/ml_01_iris_pipeline-3.py
[2026-08-31T08:10:52.771+0000] {processor.py:925} INFO - DAG(s) 'iris_pipeline_dag' retrieved from /opt/airflow/dags/ml_01_iris_pipeline-3.py
[2026-08-31T08:10:52.803+0000] {logging_mixin.py:190} INFO - [2026-08-31T08:10:52.803+0000] {dag.py:3239} INFO - Sync 1 DAGs
[2026-08-31T08:10:52.821+0000] {logging_mixin.py:190} INFO - [2026-08-31T08:10:52.821+0000] {dag.py:4180} INFO - Setting next_dagrun for iris_pipeline_dag to None, run_after=None
[2026-08-31T08:10:52.840+0000] {processor.py:208} INFO - Processing /opt/airflow/dags/ml_01_iris_pipeline-3.py took 0.113 seconds
[2026-08-31T08:11:22.938+0000] {processor.py:186} INFO - Started process (PID=516) to work on /opt/airflow/dags/ml_01_iris_pipeline-3.py
[2026-08-31T08:11:22.940+0000] {processor.py:914} INFO - Processing file /opt/airflow/dags/ml_01_iris_pipeline-3.py for tasks to queue
[2026-08-31T08:11:22.947+0000] {logging_mixin.py:190} INFO - [2026-08-31T08:11:22.947+0000] {dagbag.py:588} INFO - Filling up the DagBag from /opt/airflow/dags/ml_01_iris_pipeline-3.py
[2026-08-31T08:11:22.981+0000] {processor.py:925} INFO - DAG(s) 'iris_pipeline_dag' retrieved from /opt/airflow/dags/ml_01_iris_pipeline-3.py
[2026-08-31T08:11:23.022+0000] {logging_mixin.py:190} INFO - [2026-08-31T08:11:23.022+0000] {dag.py:3239} INFO - Sync 1 DAGs
[2026-08-31T08:11:23.038+0000] {logging_mixin.py:190} INFO - [2026-08-31T08:11:23.038+0000] {dag.py:4180} INFO - Setting next_dagrun for iris_pipeline_dag to None, run_after=None
[2026-08-31T08:11:23.055+0000] {processor.py:208} INFO - Processing /opt/airflow/dags/ml_01_iris_pipeline-3.py took 0.122 seconds
[2026-08-31T08:11:53.323+0000] {processor.py:186} INFO - Started process (PID=530) to work on /opt/airflow/dags/ml_01_iris_pipeline-3.py
[2026-08-31T08:11:53.324+0000] {processor.py:914} INFO - Processing file /opt/airflow/dags/ml_01_iris_pipeline-3.py for tasks to queue
[2026-08-31T08:11:53.329+0000] {logging_mixin.py:190} INFO - [2026-08-31T08:11:53.328+0000] {dagbag.py:588} INFO - Filling up the DagBag from /opt/airflow/dags/ml_01_iris_pipeline-3.py
[2026-08-31T08:11:53.357+0000] {processor.py:925} INFO - DAG(s) 'iris_pipeline_dag' retrieved from /opt/airflow/dags/ml_01_iris_pipeline-3.py
[2026-08-31T08:11:53.384+0000] {logging_mixin.py:190} INFO - [2026-08-31T08:11:53.384+0000] {dag.py:3239} INFO - Sync 1 DAGs
[2026-08-31T08:11:53.398+0000] {logging_mixin.py:190} INFO - [2026-08-31T08:11:53.398+0000] {dag.py:4180} INFO - Setting next_dagrun for iris_pipeline_dag to None, run_after=None
[2026-08-31T08:11:53.423+0000] {processor.py:208} INFO - Processing /opt/airflow/dags/ml_01_iris_pipeline-3.py took 0.109 seconds
[2026-08-31T08:12:23.500+0000] {processor.py:186} INFO - Started process (PID=544) to work on /opt/airflow/dags/ml_01_iris_pipeline-3.py
[2026-08-31T08:12:23.501+0000] {processor.py:914} INFO - Processing file /opt/airflow/dags/ml_01_iris_pipeline-3.py for tasks to queue
[2026-08-31T08:12:23.503+0000] {logging_mixin.py:190} INFO - [2026-08-31T08:12:23.503+0000] {dagbag.py:588} INFO - Filling up the DagBag from /opt/airflow/dags/ml_01_iris_pipeline-3.py
[2026-08-31T08:12:23.537+0000] {processor.py:925} INFO - DAG(s) 'iris_pipeline_dag' retrieved from /opt/airflow/dags/ml_01_iris_pipeline-3.py
[2026-08-31T08:12:23.571+0000] {logging_mixin.py:190} INFO - [2026-08-31T08:12:23.571+0000] {dag.py:3239} INFO - Sync 1 DAGs
[2026-08-31T08:12:23.587+0000] {logging_mixin.py:190} INFO - [2026-08-31T08:12:23.587+0000] {dag.py:4180} INFO - Setting next_dagrun for iris_pipeline_dag to None, run_after=None
[2026-08-31T08:12:23.602+0000] {processor.py:208} INFO - Processing /opt/airflow/dags/ml_01_iris_pipeline-3.py took 0.107 seconds
[2026-08-31T08:12:53.866+0000] {processor.py:186} INFO - Started process (PID=558) to work on /opt/airflow/dags/ml_01_iris_pipeline-3.py
[2026-08-31T08:12:53.869+0000] {processor.py:914} INFO - Processing file /opt/airflow/dags/ml_01_iris_pipeline-3.py for tasks to queue
[2026-08-31T08:12:53.874+0000] {logging_mixin.py:190} INFO - [2026-08-31T08:12:53.873+0000] {dagbag.py:588} INFO - Filling up the DagBag from /opt/airflow/dags/ml_01_iris_pipeline-3.py
[2026-08-31T08:12:53.902+0000] {processor.py:925} INFO - DAG(s) 'iris_pipeline_dag' retrieved from /opt/airflow/dags/ml_01_iris_pipeline-3.py
[2026-08-31T08:12:53.929+0000] {logging_mixin.py:190} INFO - [2026-08-31T08:12:53.929+0000] {dag.py:3239} INFO - Sync 1 DAGs
[2026-08-31T08:12:53.942+0000] {logging_mixin.py:190} INFO - [2026-08-31T08:12:53.942+0000] {dag.py:4180} INFO - Setting next_dagrun for iris_pipeline_dag to None, run_after=None
[2026-08-31T08:12:53.960+0000] {processor.py:208} INFO - Processing /opt/airflow/dags/ml_01_iris_pipeline-3.py took 0.104 seconds
[2026-08-31T08:13:24.011+0000] {processor.py:186} INFO - Started process (PID=572) to work on /opt/airflow/dags/ml_01_iris_pipeline-3.py
[2026-08-31T08:13:24.017+0000] {processor.py:914} INFO - Processing file /opt/airflow/dags/ml_01_iris_pipeline-3.py for tasks to queue
[2026-08-31T08:13:24.022+0000] {logging_mixin.py:190} INFO - [2026-08-31T08:13:24.022+0000] {dagbag.py:588} INFO - Filling up the DagBag from /opt/airflow/dags/ml_01_iris_pipeline-3.py
[2026-08-31T08:13:24.046+0000] {processor.py:925} INFO - DAG(s) 'iris_pipeline_dag' retrieved from /opt/airflow/dags/ml_01_iris_pipeline-3.py
[2026-08-31T08:13:24.078+0000] {logging_mixin.py:190} INFO - [2026-08-31T08:13:24.077+0000] {dag.py:3239} INFO - Sync 1 DAGs
[2026-08-31T08:13:24.090+0000] {logging_mixin.py:190} INFO - [2026-08-31T08:13:24.090+0000] {dag.py:4180} INFO - Setting next_dagrun for iris_pipeline_dag to None, run_after=None
[2026-08-31T08:13:24.115+0000] {processor.py:208} INFO - Processing /opt/airflow/dags/ml_01_iris_pipeline-3.py took 0.111 seconds
[2026-08-31T08:13:54.874+0000] {processor.py:186} INFO - Started process (PID=586) to work on /opt/airflow/dags/ml_01_iris_pipeline-3.py
[2026-08-31T08:13:54.877+0000] {processor.py:914} INFO - Processing file /opt/airflow/dags/ml_01_iris_pipeline-3.py for tasks to queue
[2026-08-31T08:13:54.884+0000] {logging_mixin.py:190} INFO - [2026-08-31T08:13:54.884+0000] {dagbag.py:588} INFO - Filling up the DagBag from /opt/airflow/dags/ml_01_iris_pipeline-3.py
[2026-08-31T08:13:54.935+0000] {processor.py:925} INFO - DAG(s) 'iris_pipeline_dag' retrieved from /opt/airflow/dags/ml_01_iris_pipeline-3.py
[2026-08-31T08:13:54.983+0000] {logging_mixin.py:190} INFO - [2026-08-31T08:13:54.983+0000] {dag.py:3239} INFO - Sync 1 DAGs
[2026-08-31T08:13:55.002+0000] {logging_mixin.py:190} INFO - [2026-08-31T08:13:55.001+0000] {dag.py:4180} INFO - Setting next_dagrun for iris_pipeline_dag to None, run_after=None
[2026-08-31T08:13:55.050+0000] {processor.py:208} INFO - Processing /opt/airflow/dags/ml_01_iris_pipeline-3.py took 0.191 seconds
[2026-08-31T08:14:25.431+0000] {processor.py:186} INFO - Started process (PID=600) to work on /opt/airflow/dags/ml_01_iris_pipeline-3.py
[2026-08-31T08:14:25.432+0000] {processor.py:914} INFO - Processing file /opt/airflow/dags/ml_01_iris_pipeline-3.py for tasks to queue
[2026-08-31T08:14:25.435+0000] {logging_mixin.py:190} INFO - [2026-08-31T08:14:25.434+0000] {dagbag.py:588} INFO - Filling up the DagBag from /opt/airflow/dags/ml_01_iris_pipeline-3.py
[2026-08-31T08:14:25.458+0000] {processor.py:925} INFO - DAG(s) 'iris_pipeline_dag' retrieved from /opt/airflow/dags/ml_01_iris_pipeline-3.py
[2026-08-31T08:14:25.486+0000] {logging_mixin.py:190} INFO - [2026-08-31T08:14:25.485+0000] {dag.py:3239} INFO - Sync 1 DAGs
[2026-08-31T08:14:25.497+0000] {logging_mixin.py:190} INFO - [2026-08-31T08:14:25.497+0000] {dag.py:4180} INFO - Setting next_dagrun for iris_pipeline_dag to None, run_after=None
[2026-08-31T08:14:25.514+0000] {processor.py:208} INFO - Processing /opt/airflow/dags/ml_01_iris_pipeline-3.py took 0.088 seconds
[2026-08-31T08:14:55.575+0000] {processor.py:186} INFO - Started process (PID=614) to work on /opt/airflow/dags/ml_01_iris_pipeline-3.py
[2026-08-31T08:14:55.576+0000] {processor.py:914} INFO - Processing file /opt/airflow/dags/ml_01_iris_pipeline-3.py for tasks to queue
[2026-08-31T08:14:55.578+0000] {logging_mixin.py:190} INFO - [2026-08-31T08:14:55.578+0000] {dagbag.py:588} INFO - Filling up the DagBag from /opt/airflow/dags/ml_01_iris_pipeline-3.py
[2026-08-31T08:14:55.594+0000] {processor.py:925} INFO - DAG(s) 'iris_pipeline_dag' retrieved from /opt/airflow/dags/ml_01_iris_pipeline-3.py
[2026-08-31T08:14:55.618+0000] {logging_mixin.py:190} INFO - [2026-08-31T08:14:55.618+0000] {dag.py:3239} INFO - Sync 1 DAGs
[2026-08-31T08:14:55.628+0000] {logging_mixin.py:190} INFO - [2026-08-31T08:14:55.628+0000] {dag.py:4180} INFO - Setting next_dagrun for iris_pipeline_dag to None, run_after=None
[2026-08-31T08:14:55.648+0000] {processor.py:208} INFO - Processing /opt/airflow/dags/ml_01_iris_pipeline-3.py took 0.081 seconds
[2026-08-31T08:15:25.893+0000] {processor.py:186} INFO - Started process (PID=628) to work on /opt/airflow/dags/ml_01_iris_pipeline-3.py
[2026-08-31T08:15:25.895+0000] {processor.py:914} INFO - Processing file /opt/airflow/dags/ml_01_iris_pipeline-3.py for tasks to queue
[2026-08-31T08:15:25.897+0000] {logging_mixin.py:190} INFO - [2026-08-31T08:15:25.897+0000] {dagbag.py:588} INFO - Filling up the DagBag from /opt/airflow/dags/ml_01_iris_pipeline-3.py
[2026-08-31T08:15:25.912+0000] {processor.py:925} INFO - DAG(s) 'iris_pipeline_dag' retrieved from /opt/airflow/dags/ml_01_iris_pipeline-3.py
[2026-08-31T08:15:25.937+0000] {logging_mixin.py:190} INFO - [2026-08-31T08:15:25.937+0000] {dag.py:3239} INFO - Sync 1 DAGs
[2026-08-31T08:15:25.950+0000] {logging_mixin.py:190} INFO - [2026-08-31T08:15:25.950+0000] {dag.py:4180} INFO - Setting next_dagrun for iris_pipeline_dag to None, run_after=None
[2026-08-31T08:15:25.975+0000] {processor.py:208} INFO - Processing /opt/airflow/dags/ml_01_iris_pipeline-3.py took 0.087 seconds
[2026-08-31T08:15:56.190+0000] {processor.py:186} INFO - Started process (PID=642) to work on /opt/airflow/dags/ml_01_iris_pipeline-3.py
[2026-08-31T08:15:56.193+0000] {processor.py:914} INFO - Processing file /opt/airflow/dags/ml_01_iris_pipeline-3.py for tasks to queue
[2026-08-31T08:15:56.198+0000] {logging_mixin.py:190} INFO - [2026-08-31T08:15:56.197+0000] {dagbag.py:588} INFO - Filling up the DagBag from /opt/airflow/dags/ml_01_iris_pipeline-3.py
[2026-08-31T08:15:56.234+0000] {processor.py:925} INFO - DAG(s) 'iris_pipeline_dag' retrieved from /opt/airflow/dags/ml_01_iris_pipeline-3.py
[2026-08-31T08:15:56.260+0000] {logging_mixin.py:190} INFO - [2026-08-31T08:15:56.260+0000] {dag.py:3239} INFO - Sync 1 DAGs
[2026-08-31T08:15:56.272+0000] {logging_mixin.py:190} INFO - [2026-08-31T08:15:56.272+0000] {dag.py:4180} INFO - Setting next_dagrun for iris_pipeline_dag to None, run_after=None
[2026-08-31T08:15:56.295+0000] {processor.py:208} INFO - Processing /opt/airflow/dags/ml_01_iris_pipeline-3.py took 0.117 seconds
[2026-08-31T08:16:26.917+0000] {processor.py:186} INFO - Started process (PID=656) to work on /opt/airflow/dags/ml_01_iris_pipeline-3.py
[2026-08-31T08:16:26.918+0000] {processor.py:914} INFO - Processing file /opt/airflow/dags/ml_01_iris_pipeline-3.py for tasks to queue
[2026-08-31T08:16:26.920+0000] {logging_mixin.py:190} INFO - [2026-08-31T08:16:26.920+0000] {dagbag.py:588} INFO - Filling up the DagBag from /opt/airflow/dags/ml_01_iris_pipeline-3.py
[2026-08-31T08:16:26.941+0000] {processor.py:925} INFO - DAG(s) 'iris_pipeline_dag' retrieved from /opt/airflow/dags/ml_01_iris_pipeline-3.py
[2026-08-31T08:16:26.988+0000] {logging_mixin.py:190} INFO - [2026-08-31T08:16:26.988+0000] {dag.py:3239} INFO - Sync 1 DAGs
[2026-08-31T08:16:26.999+0000] {logging_mixin.py:190} INFO - [2026-08-31T08:16:26.999+0000] {dag.py:4180} INFO - Setting next_dagrun for iris_pipeline_dag to None, run_after=None
[2026-08-31T08:16:27.017+0000] {processor.py:208} INFO - Processing /opt/airflow/dags/ml_01_iris_pipeline-3.py took 0.107 seconds
[2026-08-31T08:16:57.185+0000] {processor.py:186} INFO - Started process (PID=670) to work on /opt/airflow/dags/ml_01_iris_pipeline-3.py
[2026-08-31T08:16:57.187+0000] {processor.py:914} INFO - Processing file /opt/airflow/dags/ml_01_iris_pipeline-3.py for tasks to queue
[2026-08-31T08:16:57.189+0000] {logging_mixin.py:190} INFO - [2026-08-31T08:16:57.189+0000] {dagbag.py:588} INFO - Filling up the DagBag from /opt/airflow/dags/ml_01_iris_pipeline-3.py
[2026-08-31T08:16:57.209+0000] {processor.py:925} INFO - DAG(s) 'iris_pipeline_dag' retrieved from /opt/airflow/dags/ml_01_iris_pipeline-3.py
[2026-08-31T08:16:57.237+0000] {logging_mixin.py:190} INFO - [2026-08-31T08:16:57.236+0000] {dag.py:3239} INFO - Sync 1 DAGs
[2026-08-31T08:16:57.248+0000] {logging_mixin.py:190} INFO - [2026-08-31T08:16:57.247+0000] {dag.py:4180} INFO - Setting next_dagrun for iris_pipeline_dag to None, run_after=None
[2026-08-31T08:16:57.264+0000] {processor.py:208} INFO - Processing /opt/airflow/dags/ml_01_iris_pipeline-3.py took 0.086 seconds
[2026-08-31T08:17:27.517+0000] {processor.py:186} INFO - Started process (PID=684) to work on /opt/airflow/dags/ml_01_iris_pipeline-3.py
[2026-08-31T08:17:27.518+0000] {processor.py:914} INFO - Processing file /opt/airflow/dags/ml_01_iris_pipeline-3.py for tasks to queue
[2026-08-31T08:17:27.521+0000] {logging_mixin.py:190} INFO - [2026-08-31T08:17:27.520+0000] {dagbag.py:588} INFO - Filling up the DagBag from /opt/airflow/dags/ml_01_iris_pipeline-3.py
[2026-08-31T08:17:27.545+0000] {processor.py:925} INFO - DAG(s) 'iris_pipeline_dag' retrieved from /opt/airflow/dags/ml_01_iris_pipeline-3.py
[2026-08-31T08:17:27.569+0000] {logging_mixin.py:190} INFO - [2026-08-31T08:17:27.568+0000] {dag.py:3239} INFO - Sync 1 DAGs
[2026-08-31T08:17:27.580+0000] {logging_mixin.py:190} INFO - [2026-08-31T08:17:27.579+0000] {dag.py:4180} INFO - Setting next_dagrun for iris_pipeline_dag to None, run_after=None
[2026-08-31T08:17:27.596+0000] {processor.py:208} INFO - Processing /opt/airflow/dags/ml_01_iris_pipeline-3.py took 0.084 seconds
[2026-08-31T08:17:57.704+0000] {processor.py:186} INFO - Started process (PID=698) to work on /opt/airflow/dags/ml_01_iris_pipeline-3.py
[2026-08-31T08:17:57.705+0000] {processor.py:914} INFO - Processing file /opt/airflow/dags/ml_01_iris_pipeline-3.py for tasks to queue
[2026-08-31T08:17:57.707+0000] {logging_mixin.py:190} INFO - [2026-08-31T08:17:57.707+0000] {dagbag.py:588} INFO - Filling up the DagBag from /opt/airflow/dags/ml_01_iris_pipeline-3.py
[2026-08-31T08:17:57.733+0000] {processor.py:925} INFO - DAG(s) 'iris_pipeline_dag' retrieved from /opt/airflow/dags/ml_01_iris_pipeline-3.py
[2026-08-31T08:17:57.757+0000] {logging_mixin.py:190} INFO - [2026-08-31T08:17:57.757+0000] {dag.py:3239} INFO - Sync 1 DAGs
[2026-08-31T08:17:57.769+0000] {logging_mixin.py:190} INFO - [2026-08-31T08:17:57.768+0000] {dag.py:4180} INFO - Setting next_dagrun for iris_pipeline_dag to None, run_after=None
[2026-08-31T08:17:57.783+0000] {processor.py:208} INFO - Processing /opt/airflow/dags/ml_01_iris_pipeline-3.py took 0.084 seconds
[2026-08-31T08:18:27.954+0000] {processor.py:186} INFO - Started process (PID=712) to work on /opt/airflow/dags/ml_01_iris_pipeline-3.py
[2026-08-31T08:18:27.955+0000] {processor.py:914} INFO - Processing file /opt/airflow/dags/ml_01_iris_pipeline-3.py for tasks to queue
[2026-08-31T08:18:27.957+0000] {logging_mixin.py:190} INFO - [2026-08-31T08:18:27.957+0000] {dagbag.py:588} INFO - Filling up the DagBag from /opt/airflow/dags/ml_01_iris_pipeline-3.py
[2026-08-31T08:18:27.972+0000] {processor.py:925} INFO - DAG(s) 'iris_pipeline_dag' retrieved from /opt/airflow/dags/ml_01_iris_pipeline-3.py
[2026-08-31T08:18:27.994+0000] {logging_mixin.py:190} INFO - [2026-08-31T08:18:27.994+0000] {dag.py:3239} INFO - Sync 1 DAGs
[2026-08-31T08:18:28.006+0000] {logging_mixin.py:190} INFO - [2026-08-31T08:18:28.005+0000] {dag.py:4180} INFO - Setting next_dagrun for iris_pipeline_dag to None, run_after=None
[2026-08-31T08:18:28.027+0000] {processor.py:208} INFO - Processing /opt/airflow/dags/ml_01_iris_pipeline-3.py took 0.077 seconds
[2026-08-31T08:18:58.072+0000] {processor.py:186} INFO - Started process (PID=726) to work on /opt/airflow/dags/ml_01_iris_pipeline-3.py
[2026-08-31T08:18:58.073+0000] {processor.py:914} INFO - Processing file /opt/airflow/dags/ml_01_iris_pipeline-3.py for tasks to queue
[2026-08-31T08:18:58.075+0000] {logging_mixin.py:190} INFO - [2026-08-31T08:18:58.075+0000] {dagbag.py:588} INFO - Filling up the DagBag from /opt/airflow/dags/ml_01_iris_pipeline-3.py
[2026-08-31T08:18:58.089+0000] {processor.py:925} INFO - DAG(s) 'iris_pipeline_dag' retrieved from /opt/airflow/dags/ml_01_iris_pipeline-3.py
[2026-08-31T08:18:58.113+0000] {logging_mixin.py:190} INFO - [2026-08-31T08:18:58.113+0000] {dag.py:3239} INFO - Sync 1 DAGs
[2026-08-31T08:18:58.126+0000] {logging_mixin.py:190} INFO - [2026-08-31T08:18:58.126+0000] {dag.py:4180} INFO - Setting next_dagrun for iris_pipeline_dag to None, run_after=None
[2026-08-31T08:18:58.148+0000] {processor.py:208} INFO - Processing /opt/airflow/dags/ml_01_iris_pipeline-3.py took 0.082 seconds
[2026-08-31T08:19:28.264+0000] {processor.py:186} INFO - Started process (PID=740) to work on /opt/airflow/dags/ml_01_iris_pipeline-3.py
[2026-08-31T08:19:28.265+0000] {processor.py:914} INFO - Processing file /opt/airflow/dags/ml_01_iris_pipeline-3.py for tasks to queue
[2026-08-31T08:19:28.267+0000] {logging_mixin.py:190} INFO - [2026-08-31T08:19:28.267+0000] {dagbag.py:588} INFO - Filling up the DagBag from /opt/airflow/dags/ml_01_iris_pipeline-3.py
[2026-08-31T08:19:28.281+0000] {processor.py:925} INFO - DAG(s) 'iris_pipeline_dag' retrieved from /opt/airflow/dags/ml_01_iris_pipeline-3.py
[2026-08-31T08:19:28.303+0000] {logging_mixin.py:190} INFO - [2026-08-31T08:19:28.303+0000] {dag.py:3239} INFO - Sync 1 DAGs
[2026-08-31T08:19:28.317+0000] {logging_mixin.py:190} INFO - [2026-08-31T08:19:28.317+0000] {dag.py:4180} INFO - Setting next_dagrun for iris_pipeline_dag to None, run_after=None
[2026-08-31T08:19:28.339+0000] {processor.py:208} INFO - Processing /opt/airflow/dags/ml_01_iris_pipeline-3.py took 0.079 seconds
[2026-08-31T08:19:58.606+0000] {processor.py:186} INFO - Started process (PID=754) to work on /opt/airflow/dags/ml_01_iris_pipeline-3.py
[2026-08-31T08:19:58.607+0000] {processor.py:914} INFO - Processing file /opt/airflow/dags/ml_01_iris_pipeline-3.py for tasks to queue
[2026-08-31T08:19:58.610+0000] {logging_mixin.py:190} INFO - [2026-08-31T08:19:58.609+0000] {dagbag.py:588} INFO - Filling up the DagBag from /opt/airflow/dags/ml_01_iris_pipeline-3.py
[2026-08-31T08:19:58.627+0000] {processor.py:925} INFO - DAG(s) 'iris_pipeline_dag' retrieved from /opt/airflow/dags/ml_01_iris_pipeline-3.py
[2026-08-31T08:19:58.648+0000] {logging_mixin.py:190} INFO - [2026-08-31T08:19:58.648+0000] {dag.py:3239} INFO - Sync 1 DAGs
[2026-08-31T08:19:58.658+0000] {logging_mixin.py:190} INFO - [2026-08-31T08:19:58.658+0000] {dag.py:4180} INFO - Setting next_dagrun for iris_pipeline_dag to None, run_after=None
[2026-08-31T08:19:58.675+0000] {processor.py:208} INFO - Processing /opt/airflow/dags/ml_01_iris_pipeline-3.py took 0.074 seconds
[2026-08-31T08:20:29.020+0000] {processor.py:186} INFO - Started process (PID=768) to work on /opt/airflow/dags/ml_01_iris_pipeline-3.py
[2026-08-31T08:20:29.021+0000] {processor.py:914} INFO - Processing file /opt/airflow/dags/ml_01_iris_pipeline-3.py for tasks to queue
[2026-08-31T08:20:29.023+0000] {logging_mixin.py:190} INFO - [2026-08-31T08:20:29.023+0000] {dagbag.py:588} INFO - Filling up the DagBag from /opt/airflow/dags/ml_01_iris_pipeline-3.py
[2026-08-31T08:20:29.047+0000] {processor.py:925} INFO - DAG(s) 'iris_pipeline_dag' retrieved from /opt/airflow/dags/ml_01_iris_pipeline-3.py
[2026-08-31T08:20:29.073+0000] {logging_mixin.py:190} INFO - [2026-08-31T08:20:29.073+0000] {dag.py:3239} INFO - Sync 1 DAGs
[2026-08-31T08:20:29.086+0000] {logging_mixin.py:190} INFO - [2026-08-31T08:20:29.086+0000] {dag.py:4180} INFO - Setting next_dagrun for iris_pipeline_dag to None, run_after=None
[2026-08-31T08:20:29.110+0000] {processor.py:208} INFO - Processing /opt/airflow/dags/ml_01_iris_pipeline-3.py took 0.096 seconds
[2026-08-31T08:20:59.893+0000] {processor.py:186} INFO - Started process (PID=781) to work on /opt/airflow/dags/ml_01_iris_pipeline-3.py
[2026-08-31T08:20:59.894+0000] {processor.py:914} INFO - Processing file /opt/airflow/dags/ml_01_iris_pipeline-3.py for tasks to queue
[2026-08-31T08:20:59.896+0000] {logging_mixin.py:190} INFO - [2026-08-31T08:20:59.896+0000] {dagbag.py:588} INFO - Filling up the DagBag from /opt/airflow/dags/ml_01_iris_pipeline-3.py
[2026-08-31T08:20:59.920+0000] {processor.py:925} INFO - DAG(s) 'iris_pipeline_dag' retrieved from /opt/airflow/dags/ml_01_iris_pipeline-3.py
[2026-08-31T08:20:59.954+0000] {logging_mixin.py:190} INFO - [2026-08-31T08:20:59.953+0000] {dag.py:3239} INFO - Sync 1 DAGs
[2026-08-31T08:20:59.972+0000] {logging_mixin.py:190} INFO - [2026-08-31T08:20:59.971+0000] {dag.py:4180} INFO - Setting next_dagrun for iris_pipeline_dag to None, run_after=None
[2026-08-31T08:21:00.000+0000] {processor.py:208} INFO - Processing /opt/airflow/dags/ml_01_iris_pipeline-3.py took 0.113 seconds
[2026-08-31T08:21:30.177+0000] {processor.py:186} INFO - Started process (PID=795) to work on /opt/airflow/dags/ml_01_iris_pipeline-3.py
[2026-08-31T08:21:30.178+0000] {processor.py:914} INFO - Processing file /opt/airflow/dags/ml_01_iris_pipeline-3.py for tasks to queue
[2026-08-31T08:21:30.181+0000] {logging_mixin.py:190} INFO - [2026-08-31T08:21:30.181+0000] {dagbag.py:588} INFO - Filling up the DagBag from /opt/airflow/dags/ml_01_iris_pipeline-3.py
[2026-08-31T08:21:30.198+0000] {processor.py:925} INFO - DAG(s) 'iris_pipeline_dag' retrieved from /opt/airflow/dags/ml_01_iris_pipeline-3.py
[2026-08-31T08:21:30.225+0000] {logging_mixin.py:190} INFO - [2026-08-31T08:21:30.224+0000] {dag.py:3239} INFO - Sync 1 DAGs
[2026-08-31T08:21:30.237+0000] {logging_mixin.py:190} INFO - [2026-08-31T08:21:30.237+0000] {dag.py:4180} INFO - Setting next_dagrun for iris_pipeline_dag to None, run_after=None
[2026-08-31T08:21:30.259+0000] {processor.py:208} INFO - Processing /opt/airflow/dags/ml_01_iris_pipeline-3.py took 0.087 seconds
[2026-08-31T08:22:00.388+0000] {processor.py:186} INFO - Started process (PID=809) to work on /opt/airflow/dags/ml_01_iris_pipeline-3.py
[2026-08-31T08:22:00.389+0000] {processor.py:914} INFO - Processing file /opt/airflow/dags/ml_01_iris_pipeline-3.py for tasks to queue
[2026-08-31T08:22:00.391+0000] {logging_mixin.py:190} INFO - [2026-08-31T08:22:00.391+0000] {dagbag.py:588} INFO - Filling up the DagBag from /opt/airflow/dags/ml_01_iris_pipeline-3.py
[2026-08-31T08:22:00.407+0000] {processor.py:925} INFO - DAG(s) 'iris_pipeline_dag' retrieved from /opt/airflow/dags/ml_01_iris_pipeline-3.py
[2026-08-31T08:22:00.435+0000] {logging_mixin.py:190} INFO - [2026-08-31T08:22:00.435+0000] {dag.py:3239} INFO - Sync 1 DAGs
[2026-08-31T08:22:00.449+0000] {logging_mixin.py:190} INFO - [2026-08-31T08:22:00.449+0000] {dag.py:4180} INFO - Setting next_dagrun for iris_pipeline_dag to None, run_after=None
[2026-08-31T08:22:00.473+0000] {processor.py:208} INFO - Processing /opt/airflow/dags/ml_01_iris_pipeline-3.py took 0.091 seconds
[2026-08-31T08:22:30.649+0000] {processor.py:186} INFO - Started process (PID=823) to work on /opt/airflow/dags/ml_01_iris_pipeline-3.py
[2026-08-31T08:22:30.650+0000] {processor.py:914} INFO - Processing file /opt/airflow/dags/ml_01_iris_pipeline-3.py for tasks to queue
[2026-08-31T08:22:30.652+0000] {logging_mixin.py:190} INFO - [2026-08-31T08:22:30.652+0000] {dagbag.py:588} INFO - Filling up the DagBag from /opt/airflow/dags/ml_01_iris_pipeline-3.py
[2026-08-31T08:22:30.674+0000] {processor.py:925} INFO - DAG(s) 'iris_pipeline_dag' retrieved from /opt/airflow/dags/ml_01_iris_pipeline-3.py
[2026-08-31T08:22:30.701+0000] {logging_mixin.py:190} INFO - [2026-08-31T08:22:30.700+0000] {dag.py:3239} INFO - Sync 1 DAGs
[2026-08-31T08:22:30.712+0000] {logging_mixin.py:190} INFO - [2026-08-31T08:22:30.712+0000] {dag.py:4180} INFO - Setting next_dagrun for iris_pipeline_dag to None, run_after=None
[2026-08-31T08:22:30.736+0000] {processor.py:208} INFO - Processing /opt/airflow/dags/ml_01_iris_pipeline-3.py took 0.092 seconds
[2026-08-31T08:23:01.238+0000] {processor.py:186} INFO - Started process (PID=837) to work on /opt/airflow/dags/ml_01_iris_pipeline-3.py
[2026-08-31T08:23:01.240+0000] {processor.py:914} INFO - Processing file /opt/airflow/dags/ml_01_iris_pipeline-3.py for tasks to queue
[2026-08-31T08:23:01.245+0000] {logging_mixin.py:190} INFO - [2026-08-31T08:23:01.244+0000] {dagbag.py:588} INFO - Filling up the DagBag from /opt/airflow/dags/ml_01_iris_pipeline-3.py
[2026-08-31T08:23:01.274+0000] {processor.py:925} INFO - DAG(s) 'iris_pipeline_dag' retrieved from /opt/airflow/dags/ml_01_iris_pipeline-3.py
[2026-08-31T08:23:01.301+0000] {logging_mixin.py:190} INFO - [2026-08-31T08:23:01.301+0000] {dag.py:3239} INFO - Sync 1 DAGs
[2026-08-31T08:23:01.313+0000] {logging_mixin.py:190} INFO - [2026-08-31T08:23:01.312+0000] {dag.py:4180} INFO - Setting next_dagrun for iris_pipeline_dag to None, run_after=None
[2026-08-31T08:23:01.329+0000] {processor.py:208} INFO - Processing /opt/airflow/dags/ml_01_iris_pipeline-3.py took 0.097 seconds
[2026-08-31T08:23:31.406+0000] {processor.py:186} INFO - Started process (PID=851) to work on /opt/airflow/dags/ml_01_iris_pipeline-3.py
[2026-08-31T08:23:31.407+0000] {processor.py:914} INFO - Processing file /opt/airflow/dags/ml_01_iris_pipeline-3.py for tasks to queue
[2026-08-31T08:23:31.410+0000] {logging_mixin.py:190} INFO - [2026-08-31T08:23:31.409+0000] {dagbag.py:588} INFO - Filling up the DagBag from /opt/airflow/dags/ml_01_iris_pipeline-3.py
[2026-08-31T08:23:31.434+0000] {processor.py:925} INFO - DAG(s) 'iris_pipeline_dag' retrieved from /opt/airflow/dags/ml_01_iris_pipeline-3.py
[2026-08-31T08:23:31.462+0000] {logging_mixin.py:190} INFO - [2026-08-31T08:23:31.462+0000] {dag.py:3239} INFO - Sync 1 DAGs
[2026-08-31T08:23:31.475+0000] {logging_mixin.py:190} INFO - [2026-08-31T08:23:31.475+0000] {dag.py:4180} INFO - Setting next_dagrun for iris_pipeline_dag to None, run_after=None
[2026-08-31T08:23:31.497+0000] {processor.py:208} INFO - Processing /opt/airflow/dags/ml_01_iris_pipeline-3.py took 0.096 seconds
[2026-08-31T08:24:01.580+0000] {processor.py:186} INFO - Started process (PID=866) to work on /opt/airflow/dags/ml_01_iris_pipeline-3.py
[2026-08-31T08:24:01.580+0000] {processor.py:914} INFO - Processing file /opt/airflow/dags/ml_01_iris_pipeline-3.py for tasks to queue
[2026-08-31T08:24:01.583+0000] {logging_mixin.py:190} INFO - [2026-08-31T08:24:01.582+0000] {dagbag.py:588} INFO - Filling up the DagBag from /opt/airflow/dags/ml_01_iris_pipeline-3.py
[2026-08-31T08:24:01.598+0000] {processor.py:925} INFO - DAG(s) 'iris_pipeline_dag' retrieved from /opt/airflow/dags/ml_01_iris_pipeline-3.py
[2026-08-31T08:24:01.623+0000] {logging_mixin.py:190} INFO - [2026-08-31T08:24:01.622+0000] {dag.py:3239} INFO - Sync 1 DAGs
[2026-08-31T08:24:01.634+0000] {logging_mixin.py:190} INFO - [2026-08-31T08:24:01.634+0000] {dag.py:4180} INFO - Setting next_dagrun for iris_pipeline_dag to None, run_after=None
[2026-08-31T08:24:01.651+0000] {processor.py:208} INFO - Processing /opt/airflow/dags/ml_01_iris_pipeline-3.py took 0.076 seconds
[2026-08-31T08:24:31.841+0000] {processor.py:186} INFO - Started process (PID=880) to work on /opt/airflow/dags/ml_01_iris_pipeline-3.py
[2026-08-31T08:24:31.842+0000] {processor.py:914} INFO - Processing file /opt/airflow/dags/ml_01_iris_pipeline-3.py for tasks to queue
[2026-08-31T08:24:31.844+0000] {logging_mixin.py:190} INFO - [2026-08-31T08:24:31.844+0000] {dagbag.py:588} INFO - Filling up the DagBag from /opt/airflow/dags/ml_01_iris_pipeline-3.py
[2026-08-31T08:24:31.862+0000] {processor.py:925} INFO - DAG(s) 'iris_pipeline_dag' retrieved from /opt/airflow/dags/ml_01_iris_pipeline-3.py
[2026-08-31T08:24:31.888+0000] {logging_mixin.py:190} INFO - [2026-08-31T08:24:31.888+0000] {dag.py:3239} INFO - Sync 1 DAGs
[2026-08-31T08:24:31.900+0000] {logging_mixin.py:190} INFO - [2026-08-31T08:24:31.900+0000] {dag.py:4180} INFO - Setting next_dagrun for iris_pipeline_dag to None, run_after=None
[2026-08-31T08:24:31.920+0000] {processor.py:208} INFO - Processing /opt/airflow/dags/ml_01_iris_pipeline-3.py took 0.085 seconds
[2026-08-31T08:25:02.273+0000] {processor.py:186} INFO - Started process (PID=894) to work on /opt/airflow/dags/ml_01_iris_pipeline-3.py
[2026-08-31T08:25:02.274+0000] {processor.py:914} INFO - Processing file /opt/airflow/dags/ml_01_iris_pipeline-3.py for tasks to queue
[2026-08-31T08:25:02.277+0000] {logging_mixin.py:190} INFO - [2026-08-31T08:25:02.277+0000] {dagbag.py:588} INFO - Filling up the DagBag from /opt/airflow/dags/ml_01_iris_pipeline-3.py
[2026-08-31T08:25:02.302+0000] {processor.py:925} INFO - DAG(s) 'iris_pipeline_dag' retrieved from /opt/airflow/dags/ml_01_iris_pipeline-3.py
[2026-08-31T08:25:02.329+0000] {logging_mixin.py:190} INFO - [2026-08-31T08:25:02.328+0000] {dag.py:3239} INFO - Sync 1 DAGs
[2026-08-31T08:25:02.350+0000] {logging_mixin.py:190} INFO - [2026-08-31T08:25:02.350+0000] {dag.py:4180} INFO - Setting next_dagrun for iris_pipeline_dag to None, run_after=None
[2026-08-31T08:25:02.375+0000] {processor.py:208} INFO - Processing /opt/airflow/dags/ml_01_iris_pipeline-3.py took 0.108 seconds
[2026-08-31T08:25:32.588+0000] {processor.py:186} INFO - Started process (PID=908) to work on /opt/airflow/dags/ml_01_iris_pipeline-3.py
[2026-08-31T08:25:32.590+0000] {processor.py:914} INFO - Processing file /opt/airflow/dags/ml_01_iris_pipeline-3.py for tasks to queue
[2026-08-31T08:25:32.595+0000] {logging_mixin.py:190} INFO - [2026-08-31T08:25:32.595+0000] {dagbag.py:588} INFO - Filling up the DagBag from /opt/airflow/dags/ml_01_iris_pipeline-3.py
[2026-08-31T08:25:32.631+0000] {processor.py:925} INFO - DAG(s) 'iris_pipeline_dag' retrieved from /opt/airflow/dags/ml_01_iris_pipeline-3.py
[2026-08-31T08:25:32.665+0000] {logging_mixin.py:190} INFO - [2026-08-31T08:25:32.665+0000] {dag.py:3239} INFO - Sync 1 DAGs
[2026-08-31T08:25:32.682+0000] {logging_mixin.py:190} INFO - [2026-08-31T08:25:32.681+0000] {dag.py:4180} INFO - Setting next_dagrun for iris_pipeline_dag to None, run_after=None
[2026-08-31T08:25:32.712+0000] {processor.py:208} INFO - Processing /opt/airflow/dags/ml_01_iris_pipeline-3.py took 0.134 seconds
[2026-08-31T08:26:02.804+0000] {processor.py:186} INFO - Started process (PID=922) to work on /opt/airflow/dags/ml_01_iris_pipeline-3.py
[2026-08-31T08:26:02.805+0000] {processor.py:914} INFO - Processing file /opt/airflow/dags/ml_01_iris_pipeline-3.py for tasks to queue
[2026-08-31T08:26:02.807+0000] {logging_mixin.py:190} INFO - [2026-08-31T08:26:02.807+0000] {dagbag.py:588} INFO - Filling up the DagBag from /opt/airflow/dags/ml_01_iris_pipeline-3.py
[2026-08-31T08:26:02.832+0000] {processor.py:925} INFO - DAG(s) 'iris_pipeline_dag' retrieved from /opt/airflow/dags/ml_01_iris_pipeline-3.py
[2026-08-31T08:26:02.860+0000] {logging_mixin.py:190} INFO - [2026-08-31T08:26:02.860+0000] {dag.py:3239} INFO - Sync 1 DAGs
[2026-08-31T08:26:02.870+0000] {logging_mixin.py:190} INFO - [2026-08-31T08:26:02.870+0000] {dag.py:4180} INFO - Setting next_dagrun for iris_pipeline_dag to None, run_after=None
[2026-08-31T08:26:02.898+0000] {processor.py:208} INFO - Processing /opt/airflow/dags/ml_01_iris_pipeline-3.py took 0.100 seconds
[2026-08-31T08:26:33.086+0000] {processor.py:186} INFO - Started process (PID=936) to work on /opt/airflow/dags/ml_01_iris_pipeline-3.py
[2026-08-31T08:26:33.087+0000] {processor.py:914} INFO - Processing file /opt/airflow/dags/ml_01_iris_pipeline-3.py for tasks to queue
[2026-08-31T08:26:33.089+0000] {logging_mixin.py:190} INFO - [2026-08-31T08:26:33.089+0000] {dagbag.py:588} INFO - Filling up the DagBag from /opt/airflow/dags/ml_01_iris_pipeline-3.py
[2026-08-31T08:26:33.104+0000] {processor.py:925} INFO - DAG(s) 'iris_pipeline_dag' retrieved from /opt/airflow/dags/ml_01_iris_pipeline-3.py
[2026-08-31T08:26:33.129+0000] {logging_mixin.py:190} INFO - [2026-08-31T08:26:33.129+0000] {dag.py:3239} INFO - Sync 1 DAGs
[2026-08-31T08:26:33.140+0000] {logging_mixin.py:190} INFO - [2026-08-31T08:26:33.139+0000] {dag.py:4180} INFO - Setting next_dagrun for iris_pipeline_dag to None, run_after=None
[2026-08-31T08:26:33.161+0000] {processor.py:208} INFO - Processing /opt/airflow/dags/ml_01_iris_pipeline-3.py took 0.080 seconds
[2026-08-31T08:27:04.095+0000] {processor.py:186} INFO - Started process (PID=950) to work on /opt/airflow/dags/ml_01_iris_pipeline-3.py
[2026-08-31T08:27:04.101+0000] {processor.py:914} INFO - Processing file /opt/airflow/dags/ml_01_iris_pipeline-3.py for tasks to queue
[2026-08-31T08:27:04.113+0000] {logging_mixin.py:190} INFO - [2026-08-31T08:27:04.111+0000] {dagbag.py:588} INFO - Filling up the DagBag from /opt/airflow/dags/ml_01_iris_pipeline-3.py
[2026-08-31T08:27:04.205+0000] {processor.py:925} INFO - DAG(s) 'iris_pipeline_dag' retrieved from /opt/airflow/dags/ml_01_iris_pipeline-3.py
[2026-08-31T08:27:04.259+0000] {logging_mixin.py:190} INFO - [2026-08-31T08:27:04.259+0000] {dag.py:3239} INFO - Sync 1 DAGs
[2026-08-31T08:27:04.281+0000] {logging_mixin.py:190} INFO - [2026-08-31T08:27:04.281+0000] {dag.py:4180} INFO - Setting next_dagrun for iris_pipeline_dag to None, run_after=None
[2026-08-31T08:27:04.307+0000] {processor.py:208} INFO - Processing /opt/airflow/dags/ml_01_iris_pipeline-3.py took 0.241 seconds
[2026-08-31T08:27:34.375+0000] {processor.py:186} INFO - Started process (PID=964) to work on /opt/airflow/dags/ml_01_iris_pipeline-3.py
[2026-08-31T08:27:34.376+0000] {processor.py:914} INFO - Processing file /opt/airflow/dags/ml_01_iris_pipeline-3.py for tasks to queue
[2026-08-31T08:27:34.379+0000] {logging_mixin.py:190} INFO - [2026-08-31T08:27:34.379+0000] {dagbag.py:588} INFO - Filling up the DagBag from /opt/airflow/dags/ml_01_iris_pipeline-3.py
[2026-08-31T08:27:34.396+0000] {processor.py:925} INFO - DAG(s) 'iris_pipeline_dag' retrieved from /opt/airflow/dags/ml_01_iris_pipeline-3.py
[2026-08-31T08:27:34.422+0000] {logging_mixin.py:190} INFO - [2026-08-31T08:27:34.422+0000] {dag.py:3239} INFO - Sync 1 DAGs
[2026-08-31T08:27:34.434+0000] {logging_mixin.py:190} INFO - [2026-08-31T08:27:34.434+0000] {dag.py:4180} INFO - Setting next_dagrun for iris_pipeline_dag to None, run_after=None
[2026-08-31T08:27:34.457+0000] {processor.py:208} INFO - Processing /opt/airflow/dags/ml_01_iris_pipeline-3.py took 0.088 seconds
[2026-08-31T08:28:04.551+0000] {processor.py:186} INFO - Started process (PID=978) to work on /opt/airflow/dags/ml_01_iris_pipeline-3.py
[2026-08-31T08:28:04.552+0000] {processor.py:914} INFO - Processing file /opt/airflow/dags/ml_01_iris_pipeline-3.py for tasks to queue
[2026-08-31T08:28:04.555+0000] {logging_mixin.py:190} INFO - [2026-08-31T08:28:04.555+0000] {dagbag.py:588} INFO - Filling up the DagBag from /opt/airflow/dags/ml_01_iris_pipeline-3.py
[2026-08-31T08:28:04.575+0000] {processor.py:925} INFO - DAG(s) 'iris_pipeline_dag' retrieved from /opt/airflow/dags/ml_01_iris_pipeline-3.py
[2026-08-31T08:28:04.600+0000] {logging_mixin.py:190} INFO - [2026-08-31T08:28:04.600+0000] {dag.py:3239} INFO - Sync 1 DAGs
[2026-08-31T08:28:04.611+0000] {logging_mixin.py:190} INFO - [2026-08-31T08:28:04.611+0000] {dag.py:4180} INFO - Setting next_dagrun for iris_pipeline_dag to None, run_after=None
[2026-08-31T08:28:04.633+0000] {processor.py:208} INFO - Processing /opt/airflow/dags/ml_01_iris_pipeline-3.py took 0.088 seconds
[2026-08-31T08:28:34.835+0000] {processor.py:186} INFO - Started process (PID=992) to work on /opt/airflow/dags/ml_01_iris_pipeline-3.py
[2026-08-31T08:28:34.838+0000] {processor.py:914} INFO - Processing file /opt/airflow/dags/ml_01_iris_pipeline-3.py for tasks to queue
[2026-08-31T08:28:34.840+0000] {logging_mixin.py:190} INFO - [2026-08-31T08:28:34.840+0000] {dagbag.py:588} INFO - Filling up the DagBag from /opt/airflow/dags/ml_01_iris_pipeline-3.py
[2026-08-31T08:28:34.858+0000] {processor.py:925} INFO - DAG(s) 'iris_pipeline_dag' retrieved from /opt/airflow/dags/ml_01_iris_pipeline-3.py
[2026-08-31T08:28:34.886+0000] {logging_mixin.py:190} INFO - [2026-08-31T08:28:34.886+0000] {dag.py:3239} INFO - Sync 1 DAGs
[2026-08-31T08:28:34.898+0000] {logging_mixin.py:190} INFO - [2026-08-31T08:28:34.898+0000] {dag.py:4180} INFO - Setting next_dagrun for iris_pipeline_dag to None, run_after=None
[2026-08-31T08:28:34.921+0000] {processor.py:208} INFO - Processing /opt/airflow/dags/ml_01_iris_pipeline-3.py took 0.091 seconds
[2026-08-31T08:29:05.029+0000] {processor.py:186} INFO - Started process (PID=1006) to work on /opt/airflow/dags/ml_01_iris_pipeline-3.py
[2026-08-31T08:29:05.030+0000] {processor.py:914} INFO - Processing file /opt/airflow/dags/ml_01_iris_pipeline-3.py for tasks to queue
[2026-08-31T08:29:05.033+0000] {logging_mixin.py:190} INFO - [2026-08-31T08:29:05.033+0000] {dagbag.py:588} INFO - Filling up the DagBag from /opt/airflow/dags/ml_01_iris_pipeline-3.py
[2026-08-31T08:29:05.055+0000] {processor.py:925} INFO - DAG(s) 'iris_pipeline_dag' retrieved from /opt/airflow/dags/ml_01_iris_pipeline-3.py
[2026-08-31T08:29:05.082+0000] {logging_mixin.py:190} INFO - [2026-08-31T08:29:05.081+0000] {dag.py:3239} INFO - Sync 1 DAGs
[2026-08-31T08:29:05.094+0000] {logging_mixin.py:190} INFO - [2026-08-31T08:29:05.094+0000] {dag.py:4180} INFO - Setting next_dagrun for iris_pipeline_dag to None, run_after=None
[2026-08-31T08:29:05.115+0000] {processor.py:208} INFO - Processing /opt/airflow/dags/ml_01_iris_pipeline-3.py took 0.091 seconds
[2026-08-31T08:29:35.507+0000] {processor.py:186} INFO - Started process (PID=1026) to work on /opt/airflow/dags/ml_01_iris_pipeline-3.py
[2026-08-31T08:29:35.509+0000] {processor.py:914} INFO - Processing file /opt/airflow/dags/ml_01_iris_pipeline-3.py for tasks to queue
[2026-08-31T08:29:35.515+0000] {logging_mixin.py:190} INFO - [2026-08-31T08:29:35.514+0000] {dagbag.py:588} INFO - Filling up the DagBag from /opt/airflow/dags/ml_01_iris_pipeline-3.py
[2026-08-31T08:29:35.547+0000] {processor.py:925} INFO - DAG(s) 'iris_pipeline_dag' retrieved from /opt/airflow/dags/ml_01_iris_pipeline-3.py
[2026-08-31T08:29:35.575+0000] {logging_mixin.py:190} INFO - [2026-08-31T08:29:35.575+0000] {dag.py:3239} INFO - Sync 1 DAGs
[2026-08-31T08:29:35.588+0000] {logging_mixin.py:190} INFO - [2026-08-31T08:29:35.588+0000] {dag.py:4180} INFO - Setting next_dagrun for iris_pipeline_dag to None, run_after=None
[2026-08-31T08:29:35.616+0000] {processor.py:208} INFO - Processing /opt/airflow/dags/ml_01_iris_pipeline-3.py took 0.117 seconds
[2026-08-31T08:30:06.434+0000] {processor.py:186} INFO - Started process (PID=1040) to work on /opt/airflow/dags/ml_01_iris_pipeline-3.py
[2026-08-31T08:30:06.436+0000] {processor.py:914} INFO - Processing file /opt/airflow/dags/ml_01_iris_pipeline-3.py for tasks to queue
[2026-08-31T08:30:06.438+0000] {logging_mixin.py:190} INFO - [2026-08-31T08:30:06.438+0000] {dagbag.py:588} INFO - Filling up the DagBag from /opt/airflow/dags/ml_01_iris_pipeline-3.py
[2026-08-31T08:30:06.499+0000] {processor.py:925} INFO - DAG(s) 'iris_pipeline_dag' retrieved from /opt/airflow/dags/ml_01_iris_pipeline-3.py
[2026-08-31T08:30:06.538+0000] {logging_mixin.py:190} INFO - [2026-08-31T08:30:06.538+0000] {dag.py:3239} INFO - Sync 1 DAGs
[2026-08-31T08:30:06.550+0000] {logging_mixin.py:190} INFO - [2026-08-31T08:30:06.550+0000] {dag.py:4180} INFO - Setting next_dagrun for iris_pipeline_dag to None, run_after=None
[2026-08-31T08:30:06.571+0000] {processor.py:208} INFO - Processing /opt/airflow/dags/ml_01_iris_pipeline-3.py took 0.143 seconds
[2026-08-31T08:30:36.813+0000] {processor.py:186} INFO - Started process (PID=1054) to work on /opt/airflow/dags/ml_01_iris_pipeline-3.py
[2026-08-31T08:30:36.815+0000] {processor.py:914} INFO - Processing file /opt/airflow/dags/ml_01_iris_pipeline-3.py for tasks to queue
[2026-08-31T08:30:36.820+0000] {logging_mixin.py:190} INFO - [2026-08-31T08:30:36.819+0000] {dagbag.py:588} INFO - Filling up the DagBag from /opt/airflow/dags/ml_01_iris_pipeline-3.py
[2026-08-31T08:30:36.847+0000] {processor.py:925} INFO - DAG(s) 'iris_pipeline_dag' retrieved from /opt/airflow/dags/ml_01_iris_pipeline-3.py
[2026-08-31T08:30:36.878+0000] {logging_mixin.py:190} INFO - [2026-08-31T08:30:36.877+0000] {dag.py:3239} INFO - Sync 1 DAGs
[2026-08-31T08:30:36.889+0000] {logging_mixin.py:190} INFO - [2026-08-31T08:30:36.889+0000] {dag.py:4180} INFO - Setting next_dagrun for iris_pipeline_dag to None, run_after=None
[2026-08-31T08:30:36.912+0000] {processor.py:208} INFO - Processing /opt/airflow/dags/ml_01_iris_pipeline-3.py took 0.107 seconds
[2026-08-31T08:31:07.787+0000] {processor.py:186} INFO - Started process (PID=1068) to work on /opt/airflow/dags/ml_01_iris_pipeline-3.py
[2026-08-31T08:31:07.789+0000] {processor.py:914} INFO - Processing file /opt/airflow/dags/ml_01_iris_pipeline-3.py for tasks to queue
[2026-08-31T08:31:07.791+0000] {logging_mixin.py:190} INFO - [2026-08-31T08:31:07.791+0000] {dagbag.py:588} INFO - Filling up the DagBag from /opt/airflow/dags/ml_01_iris_pipeline-3.py
[2026-08-31T08:31:07.813+0000] {processor.py:925} INFO - DAG(s) 'iris_pipeline_dag' retrieved from /opt/airflow/dags/ml_01_iris_pipeline-3.py
[2026-08-31T08:31:07.839+0000] {logging_mixin.py:190} INFO - [2026-08-31T08:31:07.839+0000] {dag.py:3239} INFO - Sync 1 DAGs
[2026-08-31T08:31:07.853+0000] {logging_mixin.py:190} INFO - [2026-08-31T08:31:07.852+0000] {dag.py:4180} INFO - Setting next_dagrun for iris_pipeline_dag to None, run_after=None
[2026-08-31T08:31:07.884+0000] {processor.py:208} INFO - Processing /opt/airflow/dags/ml_01_iris_pipeline-3.py took 0.103 seconds
[2026-08-31T08:31:38.070+0000] {processor.py:186} INFO - Started process (PID=1082) to work on /opt/airflow/dags/ml_01_iris_pipeline-3.py
[2026-08-31T08:31:38.071+0000] {processor.py:914} INFO - Processing file /opt/airflow/dags/ml_01_iris_pipeline-3.py for tasks to queue
[2026-08-31T08:31:38.074+0000] {logging_mixin.py:190} INFO - [2026-08-31T08:31:38.073+0000] {dagbag.py:588} INFO - Filling up the DagBag from /opt/airflow/dags/ml_01_iris_pipeline-3.py
[2026-08-31T08:31:38.100+0000] {processor.py:925} INFO - DAG(s) 'iris_pipeline_dag' retrieved from /opt/airflow/dags/ml_01_iris_pipeline-3.py
[2026-08-31T08:31:38.126+0000] {logging_mixin.py:190} INFO - [2026-08-31T08:31:38.126+0000] {dag.py:3239} INFO - Sync 1 DAGs
[2026-08-31T08:31:38.138+0000] {logging_mixin.py:190} INFO - [2026-08-31T08:31:38.138+0000] {dag.py:4180} INFO - Setting next_dagrun for iris_pipeline_dag to None, run_after=None
[2026-08-31T08:31:38.159+0000] {processor.py:208} INFO - Processing /opt/airflow/dags/ml_01_iris_pipeline-3.py took 0.099 seconds
[2026-08-31T08:32:09.053+0000] {processor.py:186} INFO - Started process (PID=1096) to work on /opt/airflow/dags/ml_01_iris_pipeline-3.py
[2026-08-31T08:32:09.054+0000] {processor.py:914} INFO - Processing file /opt/airflow/dags/ml_01_iris_pipeline-3.py for tasks to queue
[2026-08-31T08:32:09.057+0000] {logging_mixin.py:190} INFO - [2026-08-31T08:32:09.057+0000] {dagbag.py:588} INFO - Filling up the DagBag from /opt/airflow/dags/ml_01_iris_pipeline-3.py
[2026-08-31T08:32:09.082+0000] {processor.py:925} INFO - DAG(s) 'iris_pipeline_dag' retrieved from /opt/airflow/dags/ml_01_iris_pipeline-3.py
[2026-08-31T08:32:09.111+0000] {logging_mixin.py:190} INFO - [2026-08-31T08:32:09.111+0000] {dag.py:3239} INFO - Sync 1 DAGs
[2026-08-31T08:32:09.125+0000] {logging_mixin.py:190} INFO - [2026-08-31T08:32:09.124+0000] {dag.py:4180} INFO - Setting next_dagrun for iris_pipeline_dag to None, run_after=None
[2026-08-31T08:32:09.144+0000] {processor.py:208} INFO - Processing /opt/airflow/dags/ml_01_iris_pipeline-3.py took 0.098 seconds
[2026-08-31T08:32:39.284+0000] {processor.py:186} INFO - Started process (PID=1110) to work on /opt/airflow/dags/ml_01_iris_pipeline-3.py
[2026-08-31T08:32:39.285+0000] {processor.py:914} INFO - Processing file /opt/airflow/dags/ml_01_iris_pipeline-3.py for tasks to queue
[2026-08-31T08:32:39.287+0000] {logging_mixin.py:190} INFO - [2026-08-31T08:32:39.287+0000] {dagbag.py:588} INFO - Filling up the DagBag from /opt/airflow/dags/ml_01_iris_pipeline-3.py
[2026-08-31T08:32:39.303+0000] {processor.py:925} INFO - DAG(s) 'iris_pipeline_dag' retrieved from /opt/airflow/dags/ml_01_iris_pipeline-3.py
[2026-08-31T08:32:39.329+0000] {logging_mixin.py:190} INFO - [2026-08-31T08:32:39.329+0000] {dag.py:3239} INFO - Sync 1 DAGs
[2026-08-31T08:32:39.341+0000] {logging_mixin.py:190} INFO - [2026-08-31T08:32:39.340+0000] {dag.py:4180} INFO - Setting next_dagrun for iris_pipeline_dag to None, run_after=None
[2026-08-31T08:32:39.361+0000] {processor.py:208} INFO - Processing /opt/airflow/dags/ml_01_iris_pipeline-3.py took 0.082 seconds
[2026-08-31T08:33:09.515+0000] {processor.py:186} INFO - Started process (PID=1124) to work on /opt/airflow/dags/ml_01_iris_pipeline-3.py
[2026-08-31T08:33:09.522+0000] {processor.py:914} INFO - Processing file /opt/airflow/dags/ml_01_iris_pipeline-3.py for tasks to queue
[2026-08-31T08:33:09.533+0000] {logging_mixin.py:190} INFO - [2026-08-31T08:33:09.533+0000] {dagbag.py:588} INFO - Filling up the DagBag from /opt/airflow/dags/ml_01_iris_pipeline-3.py
[2026-08-31T08:33:09.548+0000] {processor.py:925} INFO - DAG(s) 'iris_pipeline_dag' retrieved from /opt/airflow/dags/ml_01_iris_pipeline-3.py
[2026-08-31T08:33:09.573+0000] {logging_mixin.py:190} INFO - [2026-08-31T08:33:09.573+0000] {dag.py:3239} INFO - Sync 1 DAGs
[2026-08-31T08:33:09.586+0000] {logging_mixin.py:190} INFO - [2026-08-31T08:33:09.585+0000] {dag.py:4180} INFO - Setting next_dagrun for iris_pipeline_dag to None, run_after=None
[2026-08-31T08:33:09.610+0000] {processor.py:208} INFO - Processing /opt/airflow/dags/ml_01_iris_pipeline-3.py took 0.100 seconds
[2026-08-31T08:33:39.842+0000] {processor.py:186} INFO - Started process (PID=1138) to work on /opt/airflow/dags/ml_01_iris_pipeline-3.py
[2026-08-31T08:33:39.843+0000] {processor.py:914} INFO - Processing file /opt/airflow/dags/ml_01_iris_pipeline-3.py for tasks to queue
[2026-08-31T08:33:39.845+0000] {logging_mixin.py:190} INFO - [2026-08-31T08:33:39.845+0000] {dagbag.py:588} INFO - Filling up the DagBag from /opt/airflow/dags/ml_01_iris_pipeline-3.py
[2026-08-31T08:33:39.860+0000] {processor.py:925} INFO - DAG(s) 'iris_pipeline_dag' retrieved from /opt/airflow/dags/ml_01_iris_pipeline-3.py
[2026-08-31T08:33:39.883+0000] {logging_mixin.py:190} INFO - [2026-08-31T08:33:39.882+0000] {dag.py:3239} INFO - Sync 1 DAGs
[2026-08-31T08:33:39.894+0000] {logging_mixin.py:190} INFO - [2026-08-31T08:33:39.894+0000] {dag.py:4180} INFO - Setting next_dagrun for iris_pipeline_dag to None, run_after=None
[2026-08-31T08:33:39.915+0000] {processor.py:208} INFO - Processing /opt/airflow/dags/ml_01_iris_pipeline-3.py took 0.077 seconds
[2026-08-31T08:34:09.969+0000] {processor.py:186} INFO - Started process (PID=1152) to work on /opt/airflow/dags/ml_01_iris_pipeline-3.py
[2026-08-31T08:34:09.970+0000] {processor.py:914} INFO - Processing file /opt/airflow/dags/ml_01_iris_pipeline-3.py for tasks to queue
[2026-08-31T08:34:09.973+0000] {logging_mixin.py:190} INFO - [2026-08-31T08:34:09.973+0000] {dagbag.py:588} INFO - Filling up the DagBag from /opt/airflow/dags/ml_01_iris_pipeline-3.py
[2026-08-31T08:34:09.997+0000] {processor.py:925} INFO - DAG(s) 'iris_pipeline_dag' retrieved from /opt/airflow/dags/ml_01_iris_pipeline-3.py
[2026-08-31T08:34:10.031+0000] {logging_mixin.py:190} INFO - [2026-08-31T08:34:10.031+0000] {dag.py:3239} INFO - Sync 1 DAGs
[2026-08-31T08:34:10.044+0000] {logging_mixin.py:190} INFO - [2026-08-31T08:34:10.044+0000] {dag.py:4180} INFO - Setting next_dagrun for iris_pipeline_dag to None, run_after=None
[2026-08-31T08:34:10.066+0000] {processor.py:208} INFO - Processing /opt/airflow/dags/ml_01_iris_pipeline-3.py took 0.104 seconds
[2026-08-31T08:34:40.312+0000] {processor.py:186} INFO - Started process (PID=1166) to work on /opt/airflow/dags/ml_01_iris_pipeline-3.py
[2026-08-31T08:34:40.313+0000] {processor.py:914} INFO - Processing file /opt/airflow/dags/ml_01_iris_pipeline-3.py for tasks to queue
[2026-08-31T08:34:40.315+0000] {logging_mixin.py:190} INFO - [2026-08-31T08:34:40.315+0000] {dagbag.py:588} INFO - Filling up the DagBag from /opt/airflow/dags/ml_01_iris_pipeline-3.py
[2026-08-31T08:34:40.356+0000] {processor.py:925} INFO - DAG(s) 'iris_pipeline_dag' retrieved from /opt/airflow/dags/ml_01_iris_pipeline-3.py
[2026-08-31T08:34:40.383+0000] {logging_mixin.py:190} INFO - [2026-08-31T08:34:40.383+0000] {dag.py:3239} INFO - Sync 1 DAGs
[2026-08-31T08:34:40.395+0000] {logging_mixin.py:190} INFO - [2026-08-31T08:34:40.395+0000] {dag.py:4180} INFO - Setting next_dagrun for iris_pipeline_dag to None, run_after=None
[2026-08-31T08:34:40.417+0000] {processor.py:208} INFO - Processing /opt/airflow/dags/ml_01_iris_pipeline-3.py took 0.111 seconds
[2026-08-31T08:35:10.894+0000] {processor.py:186} INFO - Started process (PID=1180) to work on /opt/airflow/dags/ml_01_iris_pipeline-3.py
[2026-08-31T08:35:10.895+0000] {processor.py:914} INFO - Processing file /opt/airflow/dags/ml_01_iris_pipeline-3.py for tasks to queue
[2026-08-31T08:35:10.898+0000] {logging_mixin.py:190} INFO - [2026-08-31T08:35:10.898+0000] {dagbag.py:588} INFO - Filling up the DagBag from /opt/airflow/dags/ml_01_iris_pipeline-3.py
[2026-08-31T08:35:10.939+0000] {processor.py:925} INFO - DAG(s) 'iris_pipeline_dag' retrieved from /opt/airflow/dags/ml_01_iris_pipeline-3.py
[2026-08-31T08:35:10.977+0000] {logging_mixin.py:190} INFO - [2026-08-31T08:35:10.977+0000] {dag.py:3239} INFO - Sync 1 DAGs
[2026-08-31T08:35:10.989+0000] {logging_mixin.py:190} INFO - [2026-08-31T08:35:10.989+0000] {dag.py:4180} INFO - Setting next_dagrun for iris_pipeline_dag to None, run_after=None
[2026-08-31T08:35:11.007+0000] {processor.py:208} INFO - Processing /opt/airflow/dags/ml_01_iris_pipeline-3.py took 0.122 seconds
[2026-08-31T08:35:41.252+0000] {processor.py:186} INFO - Started process (PID=1194) to work on /opt/airflow/dags/ml_01_iris_pipeline-3.py
[2026-08-31T08:35:41.253+0000] {processor.py:914} INFO - Processing file /opt/airflow/dags/ml_01_iris_pipeline-3.py for tasks to queue
[2026-08-31T08:35:41.256+0000] {logging_mixin.py:190} INFO - [2026-08-31T08:35:41.255+0000] {dagbag.py:588} INFO - Filling up the DagBag from /opt/airflow/dags/ml_01_iris_pipeline-3.py
[2026-08-31T08:35:41.276+0000] {processor.py:925} INFO - DAG(s) 'iris_pipeline_dag' retrieved from /opt/airflow/dags/ml_01_iris_pipeline-3.py
[2026-08-31T08:35:41.302+0000] {logging_mixin.py:190} INFO - [2026-08-31T08:35:41.302+0000] {dag.py:3239} INFO - Sync 1 DAGs
[2026-08-31T08:35:41.314+0000] {logging_mixin.py:190} INFO - [2026-08-31T08:35:41.314+0000] {dag.py:4180} INFO - Setting next_dagrun for iris_pipeline_dag to None, run_after=None
[2026-08-31T08:35:41.336+0000] {processor.py:208} INFO - Processing /opt/airflow/dags/ml_01_iris_pipeline-3.py took 0.089 seconds
[2026-08-31T08:36:11.584+0000] {processor.py:186} INFO - Started process (PID=1208) to work on /opt/airflow/dags/ml_01_iris_pipeline-3.py
[2026-08-31T08:36:11.588+0000] {processor.py:914} INFO - Processing file /opt/airflow/dags/ml_01_iris_pipeline-3.py for tasks to queue
[2026-08-31T08:36:11.592+0000] {logging_mixin.py:190} INFO - [2026-08-31T08:36:11.591+0000] {dagbag.py:588} INFO - Filling up the DagBag from /opt/airflow/dags/ml_01_iris_pipeline-3.py
[2026-08-31T08:36:11.632+0000] {processor.py:925} INFO - DAG(s) 'iris_pipeline_dag' retrieved from /opt/airflow/dags/ml_01_iris_pipeline-3.py
[2026-08-31T08:36:11.663+0000] {logging_mixin.py:190} INFO - [2026-08-31T08:36:11.662+0000] {dag.py:3239} INFO - Sync 1 DAGs
[2026-08-31T08:36:11.675+0000] {logging_mixin.py:190} INFO - [2026-08-31T08:36:11.675+0000] {dag.py:4180} INFO - Setting next_dagrun for iris_pipeline_dag to None, run_after=None
[2026-08-31T08:36:11.696+0000] {processor.py:208} INFO - Processing /opt/airflow/dags/ml_01_iris_pipeline-3.py took 0.117 seconds
[2026-08-31T08:36:42.002+0000] {processor.py:186} INFO - Started process (PID=1222) to work on /opt/airflow/dags/ml_01_iris_pipeline-3.py
[2026-08-31T08:36:42.003+0000] {processor.py:914} INFO - Processing file /opt/airflow/dags/ml_01_iris_pipeline-3.py for tasks to queue
[2026-08-31T08:36:42.006+0000] {logging_mixin.py:190} INFO - [2026-08-31T08:36:42.005+0000] {dagbag.py:588} INFO - Filling up the DagBag from /opt/airflow/dags/ml_01_iris_pipeline-3.py
[2026-08-31T08:36:42.023+0000] {processor.py:925} INFO - DAG(s) 'iris_pipeline_dag' retrieved from /opt/airflow/dags/ml_01_iris_pipeline-3.py
[2026-08-31T08:36:42.049+0000] {logging_mixin.py:190} INFO - [2026-08-31T08:36:42.049+0000] {dag.py:3239} INFO - Sync 1 DAGs
[2026-08-31T08:36:42.061+0000] {logging_mixin.py:190} INFO - [2026-08-31T08:36:42.060+0000] {dag.py:4180} INFO - Setting next_dagrun for iris_pipeline_dag to None, run_after=None
[2026-08-31T08:36:42.078+0000] {processor.py:208} INFO - Processing /opt/airflow/dags/ml_01_iris_pipeline-3.py took 0.081 seconds
[2026-08-31T08:37:12.442+0000] {processor.py:186} INFO - Started process (PID=1236) to work on /opt/airflow/dags/ml_01_iris_pipeline-3.py
[2026-08-31T08:37:12.443+0000] {processor.py:914} INFO - Processing file /opt/airflow/dags/ml_01_iris_pipeline-3.py for tasks to queue
[2026-08-31T08:37:12.446+0000] {logging_mixin.py:190} INFO - [2026-08-31T08:37:12.445+0000] {dagbag.py:588} INFO - Filling up the DagBag from /opt/airflow/dags/ml_01_iris_pipeline-3.py
[2026-08-31T08:37:12.468+0000] {processor.py:925} INFO - DAG(s) 'iris_pipeline_dag' retrieved from /opt/airflow/dags/ml_01_iris_pipeline-3.py
[2026-08-31T08:37:12.491+0000] {logging_mixin.py:190} INFO - [2026-08-31T08:37:12.491+0000] {dag.py:3239} INFO - Sync 1 DAGs
[2026-08-31T08:37:12.502+0000] {logging_mixin.py:190} INFO - [2026-08-31T08:37:12.502+0000] {dag.py:4180} INFO - Setting next_dagrun for iris_pipeline_dag to None, run_after=None
[2026-08-31T08:37:12.522+0000] {processor.py:208} INFO - Processing /opt/airflow/dags/ml_01_iris_pipeline-3.py took 0.088 seconds
[2026-08-31T08:37:43.217+0000] {processor.py:186} INFO - Started process (PID=1250) to work on /opt/airflow/dags/ml_01_iris_pipeline-3.py
[2026-08-31T08:37:43.218+0000] {processor.py:914} INFO - Processing file /opt/airflow/dags/ml_01_iris_pipeline-3.py for tasks to queue
[2026-08-31T08:37:43.221+0000] {logging_mixin.py:190} INFO - [2026-08-31T08:37:43.221+0000] {dagbag.py:588} INFO - Filling up the DagBag from /opt/airflow/dags/ml_01_iris_pipeline-3.py
[2026-08-31T08:37:43.255+0000] {processor.py:925} INFO - DAG(s) 'iris_pipeline_dag' retrieved from /opt/airflow/dags/ml_01_iris_pipeline-3.py
[2026-08-31T08:37:43.294+0000] {logging_mixin.py:190} INFO - [2026-08-31T08:37:43.293+0000] {dag.py:3239} INFO - Sync 1 DAGs
[2026-08-31T08:37:43.311+0000] {logging_mixin.py:190} INFO - [2026-08-31T08:37:43.310+0000] {dag.py:4180} INFO - Setting next_dagrun for iris_pipeline_dag to None, run_after=None
[2026-08-31T08:37:43.341+0000] {processor.py:208} INFO - Processing /opt/airflow/dags/ml_01_iris_pipeline-3.py took 0.135 seconds
[2026-08-31T08:38:13.624+0000] {processor.py:186} INFO - Started process (PID=1264) to work on /opt/airflow/dags/ml_01_iris_pipeline-3.py
[2026-08-31T08:38:13.625+0000] {processor.py:914} INFO - Processing file /opt/airflow/dags/ml_01_iris_pipeline-3.py for tasks to queue
[2026-08-31T08:38:13.629+0000] {logging_mixin.py:190} INFO - [2026-08-31T08:38:13.628+0000] {dagbag.py:588} INFO - Filling up the DagBag from /opt/airflow/dags/ml_01_iris_pipeline-3.py
[2026-08-31T08:38:13.663+0000] {processor.py:925} INFO - DAG(s) 'iris_pipeline_dag' retrieved from /opt/airflow/dags/ml_01_iris_pipeline-3.py
[2026-08-31T08:38:13.698+0000] {logging_mixin.py:190} INFO - [2026-08-31T08:38:13.698+0000] {dag.py:3239} INFO - Sync 1 DAGs
[2026-08-31T08:38:13.711+0000] {logging_mixin.py:190} INFO - [2026-08-31T08:38:13.711+0000] {dag.py:4180} INFO - Setting next_dagrun for iris_pipeline_dag to None, run_after=None
[2026-08-31T08:38:13.732+0000] {processor.py:208} INFO - Processing /opt/airflow/dags/ml_01_iris_pipeline-3.py took 0.118 seconds
[2026-08-31T08:38:43.926+0000] {processor.py:186} INFO - Started process (PID=1278) to work on /opt/airflow/dags/ml_01_iris_pipeline-3.py
[2026-08-31T08:38:43.927+0000] {processor.py:914} INFO - Processing file /opt/airflow/dags/ml_01_iris_pipeline-3.py for tasks to queue
[2026-08-31T08:38:43.929+0000] {logging_mixin.py:190} INFO - [2026-08-31T08:38:43.929+0000] {dagbag.py:588} INFO - Filling up the DagBag from /opt/airflow/dags/ml_01_iris_pipeline-3.py
[2026-08-31T08:38:43.944+0000] {processor.py:925} INFO - DAG(s) 'iris_pipeline_dag' retrieved from /opt/airflow/dags/ml_01_iris_pipeline-3.py
[2026-08-31T08:38:43.971+0000] {logging_mixin.py:190} INFO - [2026-08-31T08:38:43.971+0000] {dag.py:3239} INFO - Sync 1 DAGs
[2026-08-31T08:38:43.983+0000] {logging_mixin.py:190} INFO - [2026-08-31T08:38:43.983+0000] {dag.py:4180} INFO - Setting next_dagrun for iris_pipeline_dag to None, run_after=None
[2026-08-31T08:38:44.004+0000] {processor.py:208} INFO - Processing /opt/airflow/dags/ml_01_iris_pipeline-3.py took 0.082 seconds
[2026-08-31T08:39:14.173+0000] {processor.py:186} INFO - Started process (PID=1293) to work on /opt/airflow/dags/ml_01_iris_pipeline-3.py
[2026-08-31T08:39:14.174+0000] {processor.py:914} INFO - Processing file /opt/airflow/dags/ml_01_iris_pipeline-3.py for tasks to queue
[2026-08-31T08:39:14.176+0000] {logging_mixin.py:190} INFO - [2026-08-31T08:39:14.176+0000] {dagbag.py:588} INFO - Filling up the DagBag from /opt/airflow/dags/ml_01_iris_pipeline-3.py
[2026-08-31T08:39:14.191+0000] {processor.py:925} INFO - DAG(s) 'iris_pipeline_dag' retrieved from /opt/airflow/dags/ml_01_iris_pipeline-3.py
[2026-08-31T08:39:14.215+0000] {logging_mixin.py:190} INFO - [2026-08-31T08:39:14.214+0000] {dag.py:3239} INFO - Sync 1 DAGs
[2026-08-31T08:39:14.229+0000] {logging_mixin.py:190} INFO - [2026-08-31T08:39:14.229+0000] {dag.py:4180} INFO - Setting next_dagrun for iris_pipeline_dag to None, run_after=None
[2026-08-31T08:39:14.252+0000] {processor.py:208} INFO - Processing /opt/airflow/dags/ml_01_iris_pipeline-3.py took 0.084 seconds
[2026-08-31T08:39:44.937+0000] {processor.py:186} INFO - Started process (PID=1307) to work on /opt/airflow/dags/ml_01_iris_pipeline-3.py
[2026-08-31T08:39:44.938+0000] {processor.py:914} INFO - Processing file /opt/airflow/dags/ml_01_iris_pipeline-3.py for tasks to queue
[2026-08-31T08:39:44.940+0000] {logging_mixin.py:190} INFO - [2026-08-31T08:39:44.940+0000] {dagbag.py:588} INFO - Filling up the DagBag from /opt/airflow/dags/ml_01_iris_pipeline-3.py
[2026-08-31T08:39:44.956+0000] {processor.py:925} INFO - DAG(s) 'iris_pipeline_dag' retrieved from /opt/airflow/dags/ml_01_iris_pipeline-3.py
[2026-08-31T08:39:44.981+0000] {logging_mixin.py:190} INFO - [2026-08-31T08:39:44.981+0000] {dag.py:3239} INFO - Sync 1 DAGs
[2026-08-31T08:39:44.993+0000] {logging_mixin.py:190} INFO - [2026-08-31T08:39:44.993+0000] {dag.py:4180} INFO - Setting next_dagrun for iris_pipeline_dag to None, run_after=None
[2026-08-31T08:39:45.013+0000] {processor.py:208} INFO - Processing /opt/airflow/dags/ml_01_iris_pipeline-3.py took 0.081 seconds
[2026-08-31T08:40:15.079+0000] {processor.py:186} INFO - Started process (PID=1321) to work on /opt/airflow/dags/ml_01_iris_pipeline-3.py
[2026-08-31T08:40:15.081+0000] {processor.py:914} INFO - Processing file /opt/airflow/dags/ml_01_iris_pipeline-3.py for tasks to queue
[2026-08-31T08:40:15.083+0000] {logging_mixin.py:190} INFO - [2026-08-31T08:40:15.083+0000] {dagbag.py:588} INFO - Filling up the DagBag from /opt/airflow/dags/ml_01_iris_pipeline-3.py
[2026-08-31T08:40:15.108+0000] {processor.py:925} INFO - DAG(s) 'iris_pipeline_dag' retrieved from /opt/airflow/dags/ml_01_iris_pipeline-3.py
[2026-08-31T08:40:15.132+0000] {logging_mixin.py:190} INFO - [2026-08-31T08:40:15.132+0000] {dag.py:3239} INFO - Sync 1 DAGs
[2026-08-31T08:40:15.143+0000] {logging_mixin.py:190} INFO - [2026-08-31T08:40:15.143+0000] {dag.py:4180} INFO - Setting next_dagrun for iris_pipeline_dag to None, run_after=None
[2026-08-31T08:40:15.165+0000] {processor.py:208} INFO - Processing /opt/airflow/dags/ml_01_iris_pipeline-3.py took 0.091 seconds
[2026-08-31T08:40:45.290+0000] {processor.py:186} INFO - Started process (PID=1335) to work on /opt/airflow/dags/ml_01_iris_pipeline-3.py
[2026-08-31T08:40:45.292+0000] {processor.py:914} INFO - Processing file /opt/airflow/dags/ml_01_iris_pipeline-3.py for tasks to queue
[2026-08-31T08:40:45.295+0000] {logging_mixin.py:190} INFO - [2026-08-31T08:40:45.295+0000] {dagbag.py:588} INFO - Filling up the DagBag from /opt/airflow/dags/ml_01_iris_pipeline-3.py
[2026-08-31T08:40:45.312+0000] {processor.py:925} INFO - DAG(s) 'iris_pipeline_dag' retrieved from /opt/airflow/dags/ml_01_iris_pipeline-3.py
[2026-08-31T08:40:45.337+0000] {logging_mixin.py:190} INFO - [2026-08-31T08:40:45.337+0000] {dag.py:3239} INFO - Sync 1 DAGs
[2026-08-31T08:40:45.349+0000] {logging_mixin.py:190} INFO - [2026-08-31T08:40:45.348+0000] {dag.py:4180} INFO - Setting next_dagrun for iris_pipeline_dag to None, run_after=None
[2026-08-31T08:40:45.377+0000] {processor.py:208} INFO - Processing /opt/airflow/dags/ml_01_iris_pipeline-3.py took 0.092 seconds
[2026-08-31T08:41:16.226+0000] {processor.py:186} INFO - Started process (PID=1349) to work on /opt/airflow/dags/ml_01_iris_pipeline-3.py
[2026-08-31T08:41:16.227+0000] {processor.py:914} INFO - Processing file /opt/airflow/dags/ml_01_iris_pipeline-3.py for tasks to queue
[2026-08-31T08:41:16.231+0000] {logging_mixin.py:190} INFO - [2026-08-31T08:41:16.230+0000] {dagbag.py:588} INFO - Filling up the DagBag from /opt/airflow/dags/ml_01_iris_pipeline-3.py
[2026-08-31T08:41:16.331+0000] {processor.py:925} INFO - DAG(s) 'iris_pipeline_dag' retrieved from /opt/airflow/dags/ml_01_iris_pipeline-3.py
[2026-08-31T08:41:16.384+0000] {logging_mixin.py:190} INFO - [2026-08-31T08:41:16.384+0000] {dag.py:3239} INFO - Sync 1 DAGs
[2026-08-31T08:41:16.415+0000] {logging_mixin.py:190} INFO - [2026-08-31T08:41:16.415+0000] {dag.py:4180} INFO - Setting next_dagrun for iris_pipeline_dag to None, run_after=None
[2026-08-31T08:41:16.450+0000] {processor.py:208} INFO - Processing /opt/airflow/dags/ml_01_iris_pipeline-3.py took 0.230 seconds
[2026-08-31T08:41:46.670+0000] {processor.py:186} INFO - Started process (PID=1363) to work on /opt/airflow/dags/ml_01_iris_pipeline-3.py
[2026-08-31T08:41:46.671+0000] {processor.py:914} INFO - Processing file /opt/airflow/dags/ml_01_iris_pipeline-3.py for tasks to queue
[2026-08-31T08:41:46.674+0000] {logging_mixin.py:190} INFO - [2026-08-31T08:41:46.674+0000] {dagbag.py:588} INFO - Filling up the DagBag from /opt/airflow/dags/ml_01_iris_pipeline-3.py
[2026-08-31T08:41:46.698+0000] {processor.py:925} INFO - DAG(s) 'iris_pipeline_dag' retrieved from /opt/airflow/dags/ml_01_iris_pipeline-3.py
[2026-08-31T08:41:46.723+0000] {logging_mixin.py:190} INFO - [2026-08-31T08:41:46.723+0000] {dag.py:3239} INFO - Sync 1 DAGs
[2026-08-31T08:41:46.736+0000] {logging_mixin.py:190} INFO - [2026-08-31T08:41:46.736+0000] {dag.py:4180} INFO - Setting next_dagrun for iris_pipeline_dag to None, run_after=None
[2026-08-31T08:41:46.758+0000] {processor.py:208} INFO - Processing /opt/airflow/dags/ml_01_iris_pipeline-3.py took 0.098 seconds
[2026-08-31T08:42:16.861+0000] {processor.py:186} INFO - Started process (PID=1377) to work on /opt/airflow/dags/ml_01_iris_pipeline-3.py
[2026-08-31T08:42:16.862+0000] {processor.py:914} INFO - Processing file /opt/airflow/dags/ml_01_iris_pipeline-3.py for tasks to queue
[2026-08-31T08:42:16.864+0000] {logging_mixin.py:190} INFO - [2026-08-31T08:42:16.864+0000] {dagbag.py:588} INFO - Filling up the DagBag from /opt/airflow/dags/ml_01_iris_pipeline-3.py
[2026-08-31T08:42:16.879+0000] {processor.py:925} INFO - DAG(s) 'iris_pipeline_dag' retrieved from /opt/airflow/dags/ml_01_iris_pipeline-3.py
[2026-08-31T08:42:16.903+0000] {logging_mixin.py:190} INFO - [2026-08-31T08:42:16.903+0000] {dag.py:3239} INFO - Sync 1 DAGs
[2026-08-31T08:42:16.914+0000] {logging_mixin.py:190} INFO - [2026-08-31T08:42:16.914+0000] {dag.py:4180} INFO - Setting next_dagrun for iris_pipeline_dag to None, run_after=None
[2026-08-31T08:42:16.938+0000] {processor.py:208} INFO - Processing /opt/airflow/dags/ml_01_iris_pipeline-3.py took 0.083 seconds
[2026-08-31T08:42:47.049+0000] {processor.py:186} INFO - Started process (PID=1391) to work on /opt/airflow/dags/ml_01_iris_pipeline-3.py
[2026-08-31T08:42:47.050+0000] {processor.py:914} INFO - Processing file /opt/airflow/dags/ml_01_iris_pipeline-3.py for tasks to queue
[2026-08-31T08:42:47.053+0000] {logging_mixin.py:190} INFO - [2026-08-31T08:42:47.052+0000] {dagbag.py:588} INFO - Filling up the DagBag from /opt/airflow/dags/ml_01_iris_pipeline-3.py
[2026-08-31T08:42:47.068+0000] {processor.py:925} INFO - DAG(s) 'iris_pipeline_dag' retrieved from /opt/airflow/dags/ml_01_iris_pipeline-3.py
[2026-08-31T08:42:47.090+0000] {logging_mixin.py:190} INFO - [2026-08-31T08:42:47.090+0000] {dag.py:3239} INFO - Sync 1 DAGs
[2026-08-31T08:42:47.100+0000] {logging_mixin.py:190} INFO - [2026-08-31T08:42:47.100+0000] {dag.py:4180} INFO - Setting next_dagrun for iris_pipeline_dag to None, run_after=None
[2026-08-31T08:42:47.119+0000] {processor.py:208} INFO - Processing /opt/airflow/dags/ml_01_iris_pipeline-3.py took 0.075 seconds
[2026-08-31T08:43:17.850+0000] {processor.py:186} INFO - Started process (PID=1405) to work on /opt/airflow/dags/ml_01_iris_pipeline-3.py
[2026-08-31T08:43:17.851+0000] {processor.py:914} INFO - Processing file /opt/airflow/dags/ml_01_iris_pipeline-3.py for tasks to queue
[2026-08-31T08:43:17.854+0000] {logging_mixin.py:190} INFO - [2026-08-31T08:43:17.853+0000] {dagbag.py:588} INFO - Filling up the DagBag from /opt/airflow/dags/ml_01_iris_pipeline-3.py
[2026-08-31T08:43:17.877+0000] {processor.py:925} INFO - DAG(s) 'iris_pipeline_dag' retrieved from /opt/airflow/dags/ml_01_iris_pipeline-3.py
[2026-08-31T08:43:17.903+0000] {logging_mixin.py:190} INFO - [2026-08-31T08:43:17.903+0000] {dag.py:3239} INFO - Sync 1 DAGs
[2026-08-31T08:43:17.916+0000] {logging_mixin.py:190} INFO - [2026-08-31T08:43:17.916+0000] {dag.py:4180} INFO - Setting next_dagrun for iris_pipeline_dag to None, run_after=None
[2026-08-31T08:43:17.937+0000] {processor.py:208} INFO - Processing /opt/airflow/dags/ml_01_iris_pipeline-3.py took 0.093 seconds
[2026-08-31T08:43:48.121+0000] {processor.py:186} INFO - Started process (PID=1419) to work on /opt/airflow/dags/ml_01_iris_pipeline-3.py
[2026-08-31T08:43:48.122+0000] {processor.py:914} INFO - Processing file /opt/airflow/dags/ml_01_iris_pipeline-3.py for tasks to queue
[2026-08-31T08:43:48.124+0000] {logging_mixin.py:190} INFO - [2026-08-31T08:43:48.124+0000] {dagbag.py:588} INFO - Filling up the DagBag from /opt/airflow/dags/ml_01_iris_pipeline-3.py
[2026-08-31T08:43:48.141+0000] {processor.py:925} INFO - DAG(s) 'iris_pipeline_dag' retrieved from /opt/airflow/dags/ml_01_iris_pipeline-3.py
[2026-08-31T08:43:48.167+0000] {logging_mixin.py:190} INFO - [2026-08-31T08:43:48.167+0000] {dag.py:3239} INFO - Sync 1 DAGs
[2026-08-31T08:43:48.179+0000] {logging_mixin.py:190} INFO - [2026-08-31T08:43:48.179+0000] {dag.py:4180} INFO - Setting next_dagrun for iris_pipeline_dag to None, run_after=None
[2026-08-31T08:43:48.198+0000] {processor.py:208} INFO - Processing /opt/airflow/dags/ml_01_iris_pipeline-3.py took 0.081 seconds
[2026-08-31T08:44:18.312+0000] {processor.py:186} INFO - Started process (PID=1433) to work on /opt/airflow/dags/ml_01_iris_pipeline-3.py
[2026-08-31T08:44:18.313+0000] {processor.py:914} INFO - Processing file /opt/airflow/dags/ml_01_iris_pipeline-3.py for tasks to queue
[2026-08-31T08:44:18.315+0000] {logging_mixin.py:190} INFO - [2026-08-31T08:44:18.315+0000] {dagbag.py:588} INFO - Filling up the DagBag from /opt/airflow/dags/ml_01_iris_pipeline-3.py
[2026-08-31T08:44:18.334+0000] {processor.py:925} INFO - DAG(s) 'iris_pipeline_dag' retrieved from /opt/airflow/dags/ml_01_iris_pipeline-3.py
[2026-08-31T08:44:18.361+0000] {logging_mixin.py:190} INFO - [2026-08-31T08:44:18.361+0000] {dag.py:3239} INFO - Sync 1 DAGs
[2026-08-31T08:44:18.373+0000] {logging_mixin.py:190} INFO - [2026-08-31T08:44:18.373+0000] {dag.py:4180} INFO - Setting next_dagrun for iris_pipeline_dag to None, run_after=None
[2026-08-31T08:44:18.395+0000] {processor.py:208} INFO - Processing /opt/airflow/dags/ml_01_iris_pipeline-3.py took 0.089 seconds
[2026-08-31T08:44:48.762+0000] {processor.py:186} INFO - Started process (PID=1447) to work on /opt/airflow/dags/ml_01_iris_pipeline-3.py
[2026-08-31T08:44:48.763+0000] {processor.py:914} INFO - Processing file /opt/airflow/dags/ml_01_iris_pipeline-3.py for tasks to queue
[2026-08-31T08:44:48.766+0000] {logging_mixin.py:190} INFO - [2026-08-31T08:44:48.766+0000] {dagbag.py:588} INFO - Filling up the DagBag from /opt/airflow/dags/ml_01_iris_pipeline-3.py
[2026-08-31T08:44:48.785+0000] {processor.py:925} INFO - DAG(s) 'iris_pipeline_dag' retrieved from /opt/airflow/dags/ml_01_iris_pipeline-3.py
[2026-08-31T08:44:48.811+0000] {logging_mixin.py:190} INFO - [2026-08-31T08:44:48.811+0000] {dag.py:3239} INFO - Sync 1 DAGs
[2026-08-31T08:44:48.824+0000] {logging_mixin.py:190} INFO - [2026-08-31T08:44:48.823+0000] {dag.py:4180} INFO - Setting next_dagrun for iris_pipeline_dag to None, run_after=None
[2026-08-31T08:44:48.843+0000] {processor.py:208} INFO - Processing /opt/airflow/dags/ml_01_iris_pipeline-3.py took 0.086 seconds
[2026-08-31T08:45:19.089+0000] {processor.py:186} INFO - Started process (PID=1461) to work on /opt/airflow/dags/ml_01_iris_pipeline-3.py
[2026-08-31T08:45:19.091+0000] {processor.py:914} INFO - Processing file /opt/airflow/dags/ml_01_iris_pipeline-3.py for tasks to queue
[2026-08-31T08:45:19.093+0000] {logging_mixin.py:190} INFO - [2026-08-31T08:45:19.093+0000] {dagbag.py:588} INFO - Filling up the DagBag from /opt/airflow/dags/ml_01_iris_pipeline-3.py
[2026-08-31T08:45:19.132+0000] {processor.py:925} INFO - DAG(s) 'iris_pipeline_dag' retrieved from /opt/airflow/dags/ml_01_iris_pipeline-3.py
[2026-08-31T08:45:19.157+0000] {logging_mixin.py:190} INFO - [2026-08-31T08:45:19.157+0000] {dag.py:3239} INFO - Sync 1 DAGs
[2026-08-31T08:45:19.169+0000] {logging_mixin.py:190} INFO - [2026-08-31T08:45:19.169+0000] {dag.py:4180} INFO - Setting next_dagrun for iris_pipeline_dag to None, run_after=None
[2026-08-31T08:45:19.191+0000] {processor.py:208} INFO - Processing /opt/airflow/dags/ml_01_iris_pipeline-3.py took 0.112 seconds
