[2026-08-31T07:56:10.180+0000] {processor.py:186} INFO - Started process (PID=95) to work on /opt/airflow/dags/ml_02_weather_pipeline.py
[2026-08-31T07:56:10.182+0000] {processor.py:914} INFO - Processing file /opt/airflow/dags/ml_02_weather_pipeline.py for tasks to queue
[2026-08-31T07:56:10.188+0000] {logging_mixin.py:190} INFO - [2026-08-31T07:56:10.187+0000] {dagbag.py:588} INFO - Filling up the DagBag from /opt/airflow/dags/ml_02_weather_pipeline.py
[2026-08-31T07:56:12.888+0000] {processor.py:925} INFO - DAG(s) 'weather_pipeline_dag' retrieved from /opt/airflow/dags/ml_02_weather_pipeline.py
[2026-08-31T07:56:13.007+0000] {logging_mixin.py:190} INFO - [2026-08-31T07:56:13.006+0000] {override.py:1911} INFO - Created Permission View: can read on DAG:weather_pipeline_dag
[2026-08-31T07:56:13.019+0000] {logging_mixin.py:190} INFO - [2026-08-31T07:56:13.018+0000] {override.py:1911} INFO - Created Permission View: can delete on DAG:weather_pipeline_dag
[2026-08-31T07:56:13.027+0000] {logging_mixin.py:190} INFO - [2026-08-31T07:56:13.027+0000] {override.py:1911} INFO - Created Permission View: can edit on DAG:weather_pipeline_dag
[2026-08-31T07:56:13.037+0000] {logging_mixin.py:190} INFO - [2026-08-31T07:56:13.037+0000] {override.py:1911} INFO - Created Permission View: menu access on DAG Run:weather_pipeline_dag
[2026-08-31T07:56:13.045+0000] {logging_mixin.py:190} INFO - [2026-08-31T07:56:13.045+0000] {override.py:1911} INFO - Created Permission View: can read on DAG Run:weather_pipeline_dag
[2026-08-31T07:56:13.053+0000] {logging_mixin.py:190} INFO - [2026-08-31T07:56:13.053+0000] {override.py:1911} INFO - Created Permission View: can delete on DAG Run:weather_pipeline_dag
[2026-08-31T07:56:13.061+0000] {logging_mixin.py:190} INFO - [2026-08-31T07:56:13.061+0000] {override.py:1911} INFO - Created Permission View: can create on DAG Run:weather_pipeline_dag
[2026-08-31T07:56:13.063+0000] {logging_mixin.py:190} INFO - [2026-08-31T07:56:13.062+0000] {dag.py:3239} INFO - Sync 1 DAGs
[2026-08-31T07:56:13.075+0000] {logging_mixin.py:190} INFO - [2026-08-31T07:56:13.075+0000] {dag.py:3262} INFO - Creating ORM DAG for weather_pipeline_dag
[2026-08-31T07:56:13.076+0000] {logging_mixin.py:190} INFO - [2026-08-31T07:56:13.076+0000] {dag.py:4180} INFO - Setting next_dagrun for weather_pipeline_dag to None, run_after=None
[2026-08-31T07:56:13.101+0000] {processor.py:208} INFO - Processing /opt/airflow/dags/ml_02_weather_pipeline.py took 2.937 seconds
[2026-08-31T07:56:43.269+0000] {processor.py:186} INFO - Started process (PID=114) to work on /opt/airflow/dags/ml_02_weather_pipeline.py
[2026-08-31T07:56:43.270+0000] {processor.py:914} INFO - Processing file /opt/airflow/dags/ml_02_weather_pipeline.py for tasks to queue
[2026-08-31T07:56:43.273+0000] {logging_mixin.py:190} INFO - [2026-08-31T07:56:43.273+0000] {dagbag.py:588} INFO - Filling up the DagBag from /opt/airflow/dags/ml_02_weather_pipeline.py
[2026-08-31T07:56:43.886+0000] {processor.py:925} INFO - DAG(s) 'weather_pipeline_dag' retrieved from /opt/airflow/dags/ml_02_weather_pipeline.py
[2026-08-31T07:56:43.925+0000] {logging_mixin.py:190} INFO - [2026-08-31T07:56:43.925+0000] {dag.py:3239} INFO - Sync 1 DAGs
[2026-08-31T07:56:43.943+0000] {logging_mixin.py:190} INFO - [2026-08-31T07:56:43.943+0000] {dag.py:4180} INFO - Setting next_dagrun for weather_pipeline_dag to None, run_after=None
[2026-08-31T07:56:43.972+0000] {processor.py:208} INFO - Processing /opt/airflow/dags/ml_02_weather_pipeline.py took 0.715 seconds
[2026-08-31T07:57:14.249+0000] {processor.py:186} INFO - Started process (PID=128) to work on /opt/airflow/dags/ml_02_weather_pipeline.py
[2026-08-31T07:57:14.250+0000] {processor.py:914} INFO - Processing file /opt/airflow/dags/ml_02_weather_pipeline.py for tasks to queue
[2026-08-31T07:57:14.252+0000] {logging_mixin.py:190} INFO - [2026-08-31T07:57:14.252+0000] {dagbag.py:588} INFO - Filling up the DagBag from /opt/airflow/dags/ml_02_weather_pipeline.py
[2026-08-31T07:57:14.703+0000] {processor.py:925} INFO - DAG(s) 'weather_pipeline_dag' retrieved from /opt/airflow/dags/ml_02_weather_pipeline.py
[2026-08-31T07:57:14.724+0000] {logging_mixin.py:190} INFO - [2026-08-31T07:57:14.724+0000] {dag.py:3239} INFO - Sync 1 DAGs
[2026-08-31T07:57:14.733+0000] {logging_mixin.py:190} INFO - [2026-08-31T07:57:14.733+0000] {dag.py:4180} INFO - Setting next_dagrun for weather_pipeline_dag to None, run_after=None
[2026-08-31T07:57:14.747+0000] {processor.py:208} INFO - Processing /opt/airflow/dags/ml_02_weather_pipeline.py took 0.504 seconds
[2026-08-31T07:57:44.904+0000] {processor.py:186} INFO - Started process (PID=143) to work on /opt/airflow/dags/ml_02_weather_pipeline.py
[2026-08-31T07:57:44.905+0000] {processor.py:914} INFO - Processing file /opt/airflow/dags/ml_02_weather_pipeline.py for tasks to queue
[2026-08-31T07:57:44.907+0000] {logging_mixin.py:190} INFO - [2026-08-31T07:57:44.907+0000] {dagbag.py:588} INFO - Filling up the DagBag from /opt/airflow/dags/ml_02_weather_pipeline.py
[2026-08-31T07:57:45.363+0000] {processor.py:925} INFO - DAG(s) 'weather_pipeline_dag' retrieved from /opt/airflow/dags/ml_02_weather_pipeline.py
[2026-08-31T07:57:45.385+0000] {logging_mixin.py:190} INFO - [2026-08-31T07:57:45.384+0000] {dag.py:3239} INFO - Sync 1 DAGs
[2026-08-31T07:57:45.394+0000] {logging_mixin.py:190} INFO - [2026-08-31T07:57:45.394+0000] {dag.py:4180} INFO - Setting next_dagrun for weather_pipeline_dag to None, run_after=None
[2026-08-31T07:57:45.417+0000] {processor.py:208} INFO - Processing /opt/airflow/dags/ml_02_weather_pipeline.py took 0.520 seconds
[2026-08-31T07:58:16.445+0000] {processor.py:186} INFO - Started process (PID=157) to work on /opt/airflow/dags/ml_02_weather_pipeline.py
[2026-08-31T07:58:16.446+0000] {processor.py:914} INFO - Processing file /opt/airflow/dags/ml_02_weather_pipeline.py for tasks to queue
[2026-08-31T07:58:16.449+0000] {logging_mixin.py:190} INFO - [2026-08-31T07:58:16.448+0000] {dagbag.py:588} INFO - Filling up the DagBag from /opt/airflow/dags/ml_02_weather_pipeline.py
[2026-08-31T07:58:17.020+0000] {processor.py:925} INFO - DAG(s) 'weather_pipeline_dag' retrieved from /opt/airflow/dags/ml_02_weather_pipeline.py
[2026-08-31T07:58:17.042+0000] {logging_mixin.py:190} INFO - [2026-08-31T07:58:17.041+0000] {dag.py:3239} INFO - Sync 1 DAGs
[2026-08-31T07:58:17.052+0000] {logging_mixin.py:190} INFO - [2026-08-31T07:58:17.052+0000] {dag.py:4180} INFO - Setting next_dagrun for weather_pipeline_dag to None, run_after=None
[2026-08-31T07:58:17.068+0000] {processor.py:208} INFO - Processing /opt/airflow/dags/ml_02_weather_pipeline.py took 0.628 seconds
[2026-08-31T07:58:47.553+0000] {processor.py:186} INFO - Started process (PID=171) to work on /opt/airflow/dags/ml_02_weather_pipeline.py
[2026-08-31T07:58:47.554+0000] {processor.py:914} INFO - Processing file /opt/airflow/dags/ml_02_weather_pipeline.py for tasks to queue
[2026-08-31T07:58:47.558+0000] {logging_mixin.py:190} INFO - [2026-08-31T07:58:47.557+0000] {dagbag.py:588} INFO - Filling up the DagBag from /opt/airflow/dags/ml_02_weather_pipeline.py
[2026-08-31T07:58:48.000+0000] {processor.py:925} INFO - DAG(s) 'weather_pipeline_dag' retrieved from /opt/airflow/dags/ml_02_weather_pipeline.py
[2026-08-31T07:58:48.020+0000] {logging_mixin.py:190} INFO - [2026-08-31T07:58:48.019+0000] {dag.py:3239} INFO - Sync 1 DAGs
[2026-08-31T07:58:48.028+0000] {logging_mixin.py:190} INFO - [2026-08-31T07:58:48.028+0000] {dag.py:4180} INFO - Setting next_dagrun for weather_pipeline_dag to None, run_after=None
[2026-08-31T07:58:48.043+0000] {processor.py:208} INFO - Processing /opt/airflow/dags/ml_02_weather_pipeline.py took 0.495 seconds
[2026-08-31T07:59:18.136+0000] {processor.py:186} INFO - Started process (PID=185) to work on /opt/airflow/dags/ml_02_weather_pipeline.py
[2026-08-31T07:59:18.137+0000] {processor.py:914} INFO - Processing file /opt/airflow/dags/ml_02_weather_pipeline.py for tasks to queue
[2026-08-31T07:59:18.140+0000] {logging_mixin.py:190} INFO - [2026-08-31T07:59:18.140+0000] {dagbag.py:588} INFO - Filling up the DagBag from /opt/airflow/dags/ml_02_weather_pipeline.py
[2026-08-31T07:59:18.396+0000] {processor.py:925} INFO - DAG(s) 'weather_pipeline_dag' retrieved from /opt/airflow/dags/ml_02_weather_pipeline.py
[2026-08-31T07:59:18.420+0000] {logging_mixin.py:190} INFO - [2026-08-31T07:59:18.420+0000] {dag.py:3239} INFO - Sync 1 DAGs
[2026-08-31T07:59:18.432+0000] {logging_mixin.py:190} INFO - [2026-08-31T07:59:18.432+0000] {dag.py:4180} INFO - Setting next_dagrun for weather_pipeline_dag to None, run_after=None
[2026-08-31T07:59:18.461+0000] {processor.py:208} INFO - Processing /opt/airflow/dags/ml_02_weather_pipeline.py took 0.331 seconds
[2026-08-31T07:59:49.275+0000] {processor.py:186} INFO - Started process (PID=199) to work on /opt/airflow/dags/ml_02_weather_pipeline.py
[2026-08-31T07:59:49.277+0000] {processor.py:914} INFO - Processing file /opt/airflow/dags/ml_02_weather_pipeline.py for tasks to queue
[2026-08-31T07:59:49.279+0000] {logging_mixin.py:190} INFO - [2026-08-31T07:59:49.279+0000] {dagbag.py:588} INFO - Filling up the DagBag from /opt/airflow/dags/ml_02_weather_pipeline.py
[2026-08-31T07:59:49.501+0000] {processor.py:925} INFO - DAG(s) 'weather_pipeline_dag' retrieved from /opt/airflow/dags/ml_02_weather_pipeline.py
[2026-08-31T07:59:49.530+0000] {logging_mixin.py:190} INFO - [2026-08-31T07:59:49.530+0000] {dag.py:3239} INFO - Sync 1 DAGs
[2026-08-31T07:59:49.542+0000] {logging_mixin.py:190} INFO - [2026-08-31T07:59:49.542+0000] {dag.py:4180} INFO - Setting next_dagrun for weather_pipeline_dag to None, run_after=None
[2026-08-31T07:59:49.559+0000] {processor.py:208} INFO - Processing /opt/airflow/dags/ml_02_weather_pipeline.py took 0.288 seconds
[2026-08-31T08:00:20.451+0000] {processor.py:186} INFO - Started process (PID=213) to work on /opt/airflow/dags/ml_02_weather_pipeline.py
[2026-08-31T08:00:20.452+0000] {processor.py:914} INFO - Processing file /opt/airflow/dags/ml_02_weather_pipeline.py for tasks to queue
[2026-08-31T08:00:20.454+0000] {logging_mixin.py:190} INFO - [2026-08-31T08:00:20.454+0000] {dagbag.py:588} INFO - Filling up the DagBag from /opt/airflow/dags/ml_02_weather_pipeline.py
[2026-08-31T08:00:20.690+0000] {processor.py:925} INFO - DAG(s) 'weather_pipeline_dag' retrieved from /opt/airflow/dags/ml_02_weather_pipeline.py
[2026-08-31T08:00:20.715+0000] {logging_mixin.py:190} INFO - [2026-08-31T08:00:20.714+0000] {dag.py:3239} INFO - Sync 1 DAGs
[2026-08-31T08:00:20.727+0000] {logging_mixin.py:190} INFO - [2026-08-31T08:00:20.727+0000] {dag.py:4180} INFO - Setting next_dagrun for weather_pipeline_dag to None, run_after=None
[2026-08-31T08:00:20.745+0000] {processor.py:208} INFO - Processing /opt/airflow/dags/ml_02_weather_pipeline.py took 0.299 seconds
[2026-08-31T08:00:50.977+0000] {processor.py:186} INFO - Started process (PID=227) to work on /opt/airflow/dags/ml_02_weather_pipeline.py
[2026-08-31T08:00:50.979+0000] {processor.py:914} INFO - Processing file /opt/airflow/dags/ml_02_weather_pipeline.py for tasks to queue
[2026-08-31T08:00:50.981+0000] {logging_mixin.py:190} INFO - [2026-08-31T08:00:50.981+0000] {dagbag.py:588} INFO - Filling up the DagBag from /opt/airflow/dags/ml_02_weather_pipeline.py
[2026-08-31T08:00:51.223+0000] {processor.py:925} INFO - DAG(s) 'weather_pipeline_dag' retrieved from /opt/airflow/dags/ml_02_weather_pipeline.py
[2026-08-31T08:00:51.247+0000] {logging_mixin.py:190} INFO - [2026-08-31T08:00:51.247+0000] {dag.py:3239} INFO - Sync 1 DAGs
[2026-08-31T08:00:51.261+0000] {logging_mixin.py:190} INFO - [2026-08-31T08:00:51.261+0000] {dag.py:4180} INFO - Setting next_dagrun for weather_pipeline_dag to None, run_after=None
[2026-08-31T08:00:51.420+0000] {processor.py:208} INFO - Processing /opt/airflow/dags/ml_02_weather_pipeline.py took 0.450 seconds
[2026-08-31T08:01:22.350+0000] {processor.py:186} INFO - Started process (PID=241) to work on /opt/airflow/dags/ml_02_weather_pipeline.py
[2026-08-31T08:01:22.351+0000] {processor.py:914} INFO - Processing file /opt/airflow/dags/ml_02_weather_pipeline.py for tasks to queue
[2026-08-31T08:01:22.354+0000] {logging_mixin.py:190} INFO - [2026-08-31T08:01:22.354+0000] {dagbag.py:588} INFO - Filling up the DagBag from /opt/airflow/dags/ml_02_weather_pipeline.py
[2026-08-31T08:01:22.598+0000] {processor.py:925} INFO - DAG(s) 'weather_pipeline_dag' retrieved from /opt/airflow/dags/ml_02_weather_pipeline.py
[2026-08-31T08:01:22.622+0000] {logging_mixin.py:190} INFO - [2026-08-31T08:01:22.622+0000] {dag.py:3239} INFO - Sync 1 DAGs
[2026-08-31T08:01:22.632+0000] {logging_mixin.py:190} INFO - [2026-08-31T08:01:22.632+0000] {dag.py:4180} INFO - Setting next_dagrun for weather_pipeline_dag to None, run_after=None
[2026-08-31T08:01:22.649+0000] {processor.py:208} INFO - Processing /opt/airflow/dags/ml_02_weather_pipeline.py took 0.307 seconds
[2026-08-31T08:01:52.839+0000] {processor.py:186} INFO - Started process (PID=255) to work on /opt/airflow/dags/ml_02_weather_pipeline.py
[2026-08-31T08:01:52.842+0000] {processor.py:914} INFO - Processing file /opt/airflow/dags/ml_02_weather_pipeline.py for tasks to queue
[2026-08-31T08:01:52.848+0000] {logging_mixin.py:190} INFO - [2026-08-31T08:01:52.847+0000] {dagbag.py:588} INFO - Filling up the DagBag from /opt/airflow/dags/ml_02_weather_pipeline.py
[2026-08-31T08:01:53.363+0000] {processor.py:925} INFO - DAG(s) 'weather_pipeline_dag' retrieved from /opt/airflow/dags/ml_02_weather_pipeline.py
[2026-08-31T08:01:53.424+0000] {logging_mixin.py:190} INFO - [2026-08-31T08:01:53.423+0000] {dag.py:3239} INFO - Sync 1 DAGs
[2026-08-31T08:01:53.471+0000] {logging_mixin.py:190} INFO - [2026-08-31T08:01:53.471+0000] {dag.py:4180} INFO - Setting next_dagrun for weather_pipeline_dag to None, run_after=None
[2026-08-31T08:01:53.497+0000] {processor.py:208} INFO - Processing /opt/airflow/dags/ml_02_weather_pipeline.py took 0.674 seconds
[2026-08-31T08:02:23.688+0000] {processor.py:186} INFO - Started process (PID=269) to work on /opt/airflow/dags/ml_02_weather_pipeline.py
[2026-08-31T08:02:23.689+0000] {processor.py:914} INFO - Processing file /opt/airflow/dags/ml_02_weather_pipeline.py for tasks to queue
[2026-08-31T08:02:23.691+0000] {logging_mixin.py:190} INFO - [2026-08-31T08:02:23.691+0000] {dagbag.py:588} INFO - Filling up the DagBag from /opt/airflow/dags/ml_02_weather_pipeline.py
[2026-08-31T08:02:23.922+0000] {processor.py:925} INFO - DAG(s) 'weather_pipeline_dag' retrieved from /opt/airflow/dags/ml_02_weather_pipeline.py
[2026-08-31T08:02:23.944+0000] {logging_mixin.py:190} INFO - [2026-08-31T08:02:23.943+0000] {dag.py:3239} INFO - Sync 1 DAGs
[2026-08-31T08:02:23.954+0000] {logging_mixin.py:190} INFO - [2026-08-31T08:02:23.954+0000] {dag.py:4180} INFO - Setting next_dagrun for weather_pipeline_dag to None, run_after=None
[2026-08-31T08:02:23.972+0000] {processor.py:208} INFO - Processing /opt/airflow/dags/ml_02_weather_pipeline.py took 0.290 seconds
[2026-08-31T08:02:54.549+0000] {processor.py:186} INFO - Started process (PID=283) to work on /opt/airflow/dags/ml_02_weather_pipeline.py
[2026-08-31T08:02:54.550+0000] {processor.py:914} INFO - Processing file /opt/airflow/dags/ml_02_weather_pipeline.py for tasks to queue
[2026-08-31T08:02:54.554+0000] {logging_mixin.py:190} INFO - [2026-08-31T08:02:54.553+0000] {dagbag.py:588} INFO - Filling up the DagBag from /opt/airflow/dags/ml_02_weather_pipeline.py
[2026-08-31T08:02:54.961+0000] {processor.py:925} INFO - DAG(s) 'weather_pipeline_dag' retrieved from /opt/airflow/dags/ml_02_weather_pipeline.py
[2026-08-31T08:02:54.991+0000] {logging_mixin.py:190} INFO - [2026-08-31T08:02:54.991+0000] {dag.py:3239} INFO - Sync 1 DAGs
[2026-08-31T08:02:55.004+0000] {logging_mixin.py:190} INFO - [2026-08-31T08:02:55.004+0000] {dag.py:4180} INFO - Setting next_dagrun for weather_pipeline_dag to None, run_after=None
[2026-08-31T08:02:55.027+0000] {processor.py:208} INFO - Processing /opt/airflow/dags/ml_02_weather_pipeline.py took 0.488 seconds
[2026-08-31T08:03:25.914+0000] {processor.py:186} INFO - Started process (PID=297) to work on /opt/airflow/dags/ml_02_weather_pipeline.py
[2026-08-31T08:03:25.915+0000] {processor.py:914} INFO - Processing file /opt/airflow/dags/ml_02_weather_pipeline.py for tasks to queue
[2026-08-31T08:03:25.918+0000] {logging_mixin.py:190} INFO - [2026-08-31T08:03:25.917+0000] {dagbag.py:588} INFO - Filling up the DagBag from /opt/airflow/dags/ml_02_weather_pipeline.py
[2026-08-31T08:03:26.167+0000] {processor.py:925} INFO - DAG(s) 'weather_pipeline_dag' retrieved from /opt/airflow/dags/ml_02_weather_pipeline.py
[2026-08-31T08:03:26.191+0000] {logging_mixin.py:190} INFO - [2026-08-31T08:03:26.191+0000] {dag.py:3239} INFO - Sync 1 DAGs
[2026-08-31T08:03:26.205+0000] {logging_mixin.py:190} INFO - [2026-08-31T08:03:26.204+0000] {dag.py:4180} INFO - Setting next_dagrun for weather_pipeline_dag to None, run_after=None
[2026-08-31T08:03:26.223+0000] {processor.py:208} INFO - Processing /opt/airflow/dags/ml_02_weather_pipeline.py took 0.314 seconds
[2026-08-31T08:03:57.149+0000] {processor.py:186} INFO - Started process (PID=311) to work on /opt/airflow/dags/ml_02_weather_pipeline.py
[2026-08-31T08:03:57.151+0000] {processor.py:914} INFO - Processing file /opt/airflow/dags/ml_02_weather_pipeline.py for tasks to queue
[2026-08-31T08:03:57.154+0000] {logging_mixin.py:190} INFO - [2026-08-31T08:03:57.153+0000] {dagbag.py:588} INFO - Filling up the DagBag from /opt/airflow/dags/ml_02_weather_pipeline.py
[2026-08-31T08:03:57.485+0000] {processor.py:925} INFO - DAG(s) 'weather_pipeline_dag' retrieved from /opt/airflow/dags/ml_02_weather_pipeline.py
[2026-08-31T08:03:57.516+0000] {logging_mixin.py:190} INFO - [2026-08-31T08:03:57.515+0000] {dag.py:3239} INFO - Sync 1 DAGs
[2026-08-31T08:03:57.541+0000] {logging_mixin.py:190} INFO - [2026-08-31T08:03:57.541+0000] {dag.py:4180} INFO - Setting next_dagrun for weather_pipeline_dag to None, run_after=None
[2026-08-31T08:03:57.566+0000] {processor.py:208} INFO - Processing /opt/airflow/dags/ml_02_weather_pipeline.py took 0.422 seconds
[2026-08-31T08:04:28.467+0000] {processor.py:186} INFO - Started process (PID=325) to work on /opt/airflow/dags/ml_02_weather_pipeline.py
[2026-08-31T08:04:28.468+0000] {processor.py:914} INFO - Processing file /opt/airflow/dags/ml_02_weather_pipeline.py for tasks to queue
[2026-08-31T08:04:28.470+0000] {logging_mixin.py:190} INFO - [2026-08-31T08:04:28.470+0000] {dagbag.py:588} INFO - Filling up the DagBag from /opt/airflow/dags/ml_02_weather_pipeline.py
[2026-08-31T08:04:28.715+0000] {processor.py:925} INFO - DAG(s) 'weather_pipeline_dag' retrieved from /opt/airflow/dags/ml_02_weather_pipeline.py
[2026-08-31T08:04:28.741+0000] {logging_mixin.py:190} INFO - [2026-08-31T08:04:28.741+0000] {dag.py:3239} INFO - Sync 1 DAGs
[2026-08-31T08:04:28.755+0000] {logging_mixin.py:190} INFO - [2026-08-31T08:04:28.755+0000] {dag.py:4180} INFO - Setting next_dagrun for weather_pipeline_dag to None, run_after=None
[2026-08-31T08:04:28.781+0000] {processor.py:208} INFO - Processing /opt/airflow/dags/ml_02_weather_pipeline.py took 0.320 seconds
[2026-08-31T08:04:58.880+0000] {processor.py:186} INFO - Started process (PID=339) to work on /opt/airflow/dags/ml_02_weather_pipeline.py
[2026-08-31T08:04:58.881+0000] {processor.py:914} INFO - Processing file /opt/airflow/dags/ml_02_weather_pipeline.py for tasks to queue
[2026-08-31T08:04:58.883+0000] {logging_mixin.py:190} INFO - [2026-08-31T08:04:58.883+0000] {dagbag.py:588} INFO - Filling up the DagBag from /opt/airflow/dags/ml_02_weather_pipeline.py
[2026-08-31T08:04:59.121+0000] {processor.py:925} INFO - DAG(s) 'weather_pipeline_dag' retrieved from /opt/airflow/dags/ml_02_weather_pipeline.py
[2026-08-31T08:04:59.152+0000] {logging_mixin.py:190} INFO - [2026-08-31T08:04:59.152+0000] {dag.py:3239} INFO - Sync 1 DAGs
[2026-08-31T08:04:59.166+0000] {logging_mixin.py:190} INFO - [2026-08-31T08:04:59.166+0000] {dag.py:4180} INFO - Setting next_dagrun for weather_pipeline_dag to None, run_after=None
[2026-08-31T08:04:59.189+0000] {processor.py:208} INFO - Processing /opt/airflow/dags/ml_02_weather_pipeline.py took 0.314 seconds
[2026-08-31T08:05:30.125+0000] {processor.py:186} INFO - Started process (PID=353) to work on /opt/airflow/dags/ml_02_weather_pipeline.py
[2026-08-31T08:05:30.126+0000] {processor.py:914} INFO - Processing file /opt/airflow/dags/ml_02_weather_pipeline.py for tasks to queue
[2026-08-31T08:05:30.128+0000] {logging_mixin.py:190} INFO - [2026-08-31T08:05:30.128+0000] {dagbag.py:588} INFO - Filling up the DagBag from /opt/airflow/dags/ml_02_weather_pipeline.py
[2026-08-31T08:05:30.378+0000] {processor.py:925} INFO - DAG(s) 'weather_pipeline_dag' retrieved from /opt/airflow/dags/ml_02_weather_pipeline.py
[2026-08-31T08:05:30.403+0000] {logging_mixin.py:190} INFO - [2026-08-31T08:05:30.403+0000] {dag.py:3239} INFO - Sync 1 DAGs
[2026-08-31T08:05:30.416+0000] {logging_mixin.py:190} INFO - [2026-08-31T08:05:30.416+0000] {dag.py:4180} INFO - Setting next_dagrun for weather_pipeline_dag to None, run_after=None
[2026-08-31T08:05:30.433+0000] {processor.py:208} INFO - Processing /opt/airflow/dags/ml_02_weather_pipeline.py took 0.313 seconds
[2026-08-31T08:06:01.101+0000] {processor.py:186} INFO - Started process (PID=367) to work on /opt/airflow/dags/ml_02_weather_pipeline.py
[2026-08-31T08:06:01.101+0000] {processor.py:914} INFO - Processing file /opt/airflow/dags/ml_02_weather_pipeline.py for tasks to queue
[2026-08-31T08:06:01.104+0000] {logging_mixin.py:190} INFO - [2026-08-31T08:06:01.103+0000] {dagbag.py:588} INFO - Filling up the DagBag from /opt/airflow/dags/ml_02_weather_pipeline.py
[2026-08-31T08:06:01.349+0000] {processor.py:925} INFO - DAG(s) 'weather_pipeline_dag' retrieved from /opt/airflow/dags/ml_02_weather_pipeline.py
[2026-08-31T08:06:01.371+0000] {logging_mixin.py:190} INFO - [2026-08-31T08:06:01.371+0000] {dag.py:3239} INFO - Sync 1 DAGs
[2026-08-31T08:06:01.381+0000] {logging_mixin.py:190} INFO - [2026-08-31T08:06:01.381+0000] {dag.py:4180} INFO - Setting next_dagrun for weather_pipeline_dag to None, run_after=None
[2026-08-31T08:06:01.403+0000] {processor.py:208} INFO - Processing /opt/airflow/dags/ml_02_weather_pipeline.py took 0.307 seconds
[2026-08-31T08:06:32.313+0000] {processor.py:186} INFO - Started process (PID=388) to work on /opt/airflow/dags/ml_02_weather_pipeline.py
[2026-08-31T08:06:32.314+0000] {processor.py:914} INFO - Processing file /opt/airflow/dags/ml_02_weather_pipeline.py for tasks to queue
[2026-08-31T08:06:32.317+0000] {logging_mixin.py:190} INFO - [2026-08-31T08:06:32.316+0000] {dagbag.py:588} INFO - Filling up the DagBag from /opt/airflow/dags/ml_02_weather_pipeline.py
[2026-08-31T08:06:32.553+0000] {processor.py:925} INFO - DAG(s) 'weather_pipeline_dag' retrieved from /opt/airflow/dags/ml_02_weather_pipeline.py
[2026-08-31T08:06:32.578+0000] {logging_mixin.py:190} INFO - [2026-08-31T08:06:32.578+0000] {dag.py:3239} INFO - Sync 1 DAGs
[2026-08-31T08:06:32.588+0000] {logging_mixin.py:190} INFO - [2026-08-31T08:06:32.588+0000] {dag.py:4180} INFO - Setting next_dagrun for weather_pipeline_dag to None, run_after=None
[2026-08-31T08:06:32.610+0000] {processor.py:208} INFO - Processing /opt/airflow/dags/ml_02_weather_pipeline.py took 0.303 seconds
[2026-08-31T08:07:03.570+0000] {processor.py:186} INFO - Started process (PID=402) to work on /opt/airflow/dags/ml_02_weather_pipeline.py
[2026-08-31T08:07:03.571+0000] {processor.py:914} INFO - Processing file /opt/airflow/dags/ml_02_weather_pipeline.py for tasks to queue
[2026-08-31T08:07:03.574+0000] {logging_mixin.py:190} INFO - [2026-08-31T08:07:03.573+0000] {dagbag.py:588} INFO - Filling up the DagBag from /opt/airflow/dags/ml_02_weather_pipeline.py
[2026-08-31T08:07:03.819+0000] {processor.py:925} INFO - DAG(s) 'weather_pipeline_dag' retrieved from /opt/airflow/dags/ml_02_weather_pipeline.py
[2026-08-31T08:07:03.841+0000] {logging_mixin.py:190} INFO - [2026-08-31T08:07:03.840+0000] {dag.py:3239} INFO - Sync 1 DAGs
[2026-08-31T08:07:03.853+0000] {logging_mixin.py:190} INFO - [2026-08-31T08:07:03.852+0000] {dag.py:4180} INFO - Setting next_dagrun for weather_pipeline_dag to None, run_after=None
[2026-08-31T08:07:03.876+0000] {processor.py:208} INFO - Processing /opt/airflow/dags/ml_02_weather_pipeline.py took 0.310 seconds
[2026-08-31T08:07:34.865+0000] {processor.py:186} INFO - Started process (PID=416) to work on /opt/airflow/dags/ml_02_weather_pipeline.py
[2026-08-31T08:07:34.867+0000] {processor.py:914} INFO - Processing file /opt/airflow/dags/ml_02_weather_pipeline.py for tasks to queue
[2026-08-31T08:07:34.871+0000] {logging_mixin.py:190} INFO - [2026-08-31T08:07:34.871+0000] {dagbag.py:588} INFO - Filling up the DagBag from /opt/airflow/dags/ml_02_weather_pipeline.py
[2026-08-31T08:07:35.113+0000] {processor.py:925} INFO - DAG(s) 'weather_pipeline_dag' retrieved from /opt/airflow/dags/ml_02_weather_pipeline.py
[2026-08-31T08:07:35.139+0000] {logging_mixin.py:190} INFO - [2026-08-31T08:07:35.138+0000] {dag.py:3239} INFO - Sync 1 DAGs
[2026-08-31T08:07:35.150+0000] {logging_mixin.py:190} INFO - [2026-08-31T08:07:35.150+0000] {dag.py:4180} INFO - Setting next_dagrun for weather_pipeline_dag to None, run_after=None
[2026-08-31T08:07:35.166+0000] {processor.py:208} INFO - Processing /opt/airflow/dags/ml_02_weather_pipeline.py took 0.312 seconds
[2026-08-31T08:08:05.254+0000] {processor.py:186} INFO - Started process (PID=430) to work on /opt/airflow/dags/ml_02_weather_pipeline.py
[2026-08-31T08:08:05.255+0000] {processor.py:914} INFO - Processing file /opt/airflow/dags/ml_02_weather_pipeline.py for tasks to queue
[2026-08-31T08:08:05.257+0000] {logging_mixin.py:190} INFO - [2026-08-31T08:08:05.256+0000] {dagbag.py:588} INFO - Filling up the DagBag from /opt/airflow/dags/ml_02_weather_pipeline.py
[2026-08-31T08:08:05.491+0000] {processor.py:925} INFO - DAG(s) 'weather_pipeline_dag' retrieved from /opt/airflow/dags/ml_02_weather_pipeline.py
[2026-08-31T08:08:05.515+0000] {logging_mixin.py:190} INFO - [2026-08-31T08:08:05.515+0000] {dag.py:3239} INFO - Sync 1 DAGs
[2026-08-31T08:08:05.527+0000] {logging_mixin.py:190} INFO - [2026-08-31T08:08:05.527+0000] {dag.py:4180} INFO - Setting next_dagrun for weather_pipeline_dag to None, run_after=None
[2026-08-31T08:08:05.548+0000] {processor.py:208} INFO - Processing /opt/airflow/dags/ml_02_weather_pipeline.py took 0.300 seconds
[2026-08-31T08:08:35.608+0000] {processor.py:186} INFO - Started process (PID=444) to work on /opt/airflow/dags/ml_02_weather_pipeline.py
[2026-08-31T08:08:35.610+0000] {processor.py:914} INFO - Processing file /opt/airflow/dags/ml_02_weather_pipeline.py for tasks to queue
[2026-08-31T08:08:35.612+0000] {logging_mixin.py:190} INFO - [2026-08-31T08:08:35.612+0000] {dagbag.py:588} INFO - Filling up the DagBag from /opt/airflow/dags/ml_02_weather_pipeline.py
[2026-08-31T08:08:35.840+0000] {processor.py:925} INFO - DAG(s) 'weather_pipeline_dag' retrieved from /opt/airflow/dags/ml_02_weather_pipeline.py
[2026-08-31T08:08:35.881+0000] {logging_mixin.py:190} INFO - [2026-08-31T08:08:35.881+0000] {dag.py:3239} INFO - Sync 1 DAGs
[2026-08-31T08:08:35.892+0000] {logging_mixin.py:190} INFO - [2026-08-31T08:08:35.892+0000] {dag.py:4180} INFO - Setting next_dagrun for weather_pipeline_dag to None, run_after=None
[2026-08-31T08:08:35.908+0000] {processor.py:208} INFO - Processing /opt/airflow/dags/ml_02_weather_pipeline.py took 0.305 seconds
[2026-08-31T08:09:06.832+0000] {processor.py:186} INFO - Started process (PID=458) to work on /opt/airflow/dags/ml_02_weather_pipeline.py
[2026-08-31T08:09:06.833+0000] {processor.py:914} INFO - Processing file /opt/airflow/dags/ml_02_weather_pipeline.py for tasks to queue
[2026-08-31T08:09:06.835+0000] {logging_mixin.py:190} INFO - [2026-08-31T08:09:06.834+0000] {dagbag.py:588} INFO - Filling up the DagBag from /opt/airflow/dags/ml_02_weather_pipeline.py
[2026-08-31T08:09:07.118+0000] {processor.py:925} INFO - DAG(s) 'weather_pipeline_dag' retrieved from /opt/airflow/dags/ml_02_weather_pipeline.py
[2026-08-31T08:09:07.143+0000] {logging_mixin.py:190} INFO - [2026-08-31T08:09:07.142+0000] {dag.py:3239} INFO - Sync 1 DAGs
[2026-08-31T08:09:07.156+0000] {logging_mixin.py:190} INFO - [2026-08-31T08:09:07.156+0000] {dag.py:4180} INFO - Setting next_dagrun for weather_pipeline_dag to None, run_after=None
[2026-08-31T08:09:07.180+0000] {processor.py:208} INFO - Processing /opt/airflow/dags/ml_02_weather_pipeline.py took 0.353 seconds
[2026-08-31T08:09:37.277+0000] {processor.py:186} INFO - Started process (PID=472) to work on /opt/airflow/dags/ml_02_weather_pipeline.py
[2026-08-31T08:09:37.278+0000] {processor.py:914} INFO - Processing file /opt/airflow/dags/ml_02_weather_pipeline.py for tasks to queue
[2026-08-31T08:09:37.280+0000] {logging_mixin.py:190} INFO - [2026-08-31T08:09:37.280+0000] {dagbag.py:588} INFO - Filling up the DagBag from /opt/airflow/dags/ml_02_weather_pipeline.py
[2026-08-31T08:09:37.519+0000] {processor.py:925} INFO - DAG(s) 'weather_pipeline_dag' retrieved from /opt/airflow/dags/ml_02_weather_pipeline.py
[2026-08-31T08:09:37.544+0000] {logging_mixin.py:190} INFO - [2026-08-31T08:09:37.544+0000] {dag.py:3239} INFO - Sync 1 DAGs
[2026-08-31T08:09:37.557+0000] {logging_mixin.py:190} INFO - [2026-08-31T08:09:37.557+0000] {dag.py:4180} INFO - Setting next_dagrun for weather_pipeline_dag to None, run_after=None
[2026-08-31T08:09:37.583+0000] {processor.py:208} INFO - Processing /opt/airflow/dags/ml_02_weather_pipeline.py took 0.311 seconds
[2026-08-31T08:10:08.186+0000] {processor.py:186} INFO - Started process (PID=486) to work on /opt/airflow/dags/ml_02_weather_pipeline.py
[2026-08-31T08:10:08.187+0000] {processor.py:914} INFO - Processing file /opt/airflow/dags/ml_02_weather_pipeline.py for tasks to queue
[2026-08-31T08:10:08.189+0000] {logging_mixin.py:190} INFO - [2026-08-31T08:10:08.189+0000] {dagbag.py:588} INFO - Filling up the DagBag from /opt/airflow/dags/ml_02_weather_pipeline.py
[2026-08-31T08:10:08.431+0000] {processor.py:925} INFO - DAG(s) 'weather_pipeline_dag' retrieved from /opt/airflow/dags/ml_02_weather_pipeline.py
[2026-08-31T08:10:08.455+0000] {logging_mixin.py:190} INFO - [2026-08-31T08:10:08.455+0000] {dag.py:3239} INFO - Sync 1 DAGs
[2026-08-31T08:10:08.468+0000] {logging_mixin.py:190} INFO - [2026-08-31T08:10:08.468+0000] {dag.py:4180} INFO - Setting next_dagrun for weather_pipeline_dag to None, run_after=None
[2026-08-31T08:10:08.494+0000] {processor.py:208} INFO - Processing /opt/airflow/dags/ml_02_weather_pipeline.py took 0.312 seconds
[2026-08-31T08:10:39.043+0000] {processor.py:186} INFO - Started process (PID=500) to work on /opt/airflow/dags/ml_02_weather_pipeline.py
[2026-08-31T08:10:39.044+0000] {processor.py:914} INFO - Processing file /opt/airflow/dags/ml_02_weather_pipeline.py for tasks to queue
[2026-08-31T08:10:39.047+0000] {logging_mixin.py:190} INFO - [2026-08-31T08:10:39.046+0000] {dagbag.py:588} INFO - Filling up the DagBag from /opt/airflow/dags/ml_02_weather_pipeline.py
[2026-08-31T08:10:39.330+0000] {processor.py:925} INFO - DAG(s) 'weather_pipeline_dag' retrieved from /opt/airflow/dags/ml_02_weather_pipeline.py
[2026-08-31T08:10:39.361+0000] {logging_mixin.py:190} INFO - [2026-08-31T08:10:39.360+0000] {dag.py:3239} INFO - Sync 1 DAGs
[2026-08-31T08:10:39.375+0000] {logging_mixin.py:190} INFO - [2026-08-31T08:10:39.375+0000] {dag.py:4180} INFO - Setting next_dagrun for weather_pipeline_dag to None, run_after=None
[2026-08-31T08:10:39.393+0000] {processor.py:208} INFO - Processing /opt/airflow/dags/ml_02_weather_pipeline.py took 0.355 seconds
[2026-08-31T08:11:09.518+0000] {processor.py:186} INFO - Started process (PID=514) to work on /opt/airflow/dags/ml_02_weather_pipeline.py
[2026-08-31T08:11:09.519+0000] {processor.py:914} INFO - Processing file /opt/airflow/dags/ml_02_weather_pipeline.py for tasks to queue
[2026-08-31T08:11:09.522+0000] {logging_mixin.py:190} INFO - [2026-08-31T08:11:09.521+0000] {dagbag.py:588} INFO - Filling up the DagBag from /opt/airflow/dags/ml_02_weather_pipeline.py
[2026-08-31T08:11:09.761+0000] {processor.py:925} INFO - DAG(s) 'weather_pipeline_dag' retrieved from /opt/airflow/dags/ml_02_weather_pipeline.py
[2026-08-31T08:11:09.784+0000] {logging_mixin.py:190} INFO - [2026-08-31T08:11:09.784+0000] {dag.py:3239} INFO - Sync 1 DAGs
[2026-08-31T08:11:09.797+0000] {logging_mixin.py:190} INFO - [2026-08-31T08:11:09.797+0000] {dag.py:4180} INFO - Setting next_dagrun for weather_pipeline_dag to None, run_after=None
[2026-08-31T08:11:09.818+0000] {processor.py:208} INFO - Processing /opt/airflow/dags/ml_02_weather_pipeline.py took 0.305 seconds
[2026-08-31T08:11:40.586+0000] {processor.py:186} INFO - Started process (PID=528) to work on /opt/airflow/dags/ml_02_weather_pipeline.py
[2026-08-31T08:11:40.588+0000] {processor.py:914} INFO - Processing file /opt/airflow/dags/ml_02_weather_pipeline.py for tasks to queue
[2026-08-31T08:11:40.590+0000] {logging_mixin.py:190} INFO - [2026-08-31T08:11:40.590+0000] {dagbag.py:588} INFO - Filling up the DagBag from /opt/airflow/dags/ml_02_weather_pipeline.py
[2026-08-31T08:11:40.876+0000] {processor.py:925} INFO - DAG(s) 'weather_pipeline_dag' retrieved from /opt/airflow/dags/ml_02_weather_pipeline.py
[2026-08-31T08:11:40.903+0000] {logging_mixin.py:190} INFO - [2026-08-31T08:11:40.902+0000] {dag.py:3239} INFO - Sync 1 DAGs
[2026-08-31T08:11:40.914+0000] {logging_mixin.py:190} INFO - [2026-08-31T08:11:40.913+0000] {dag.py:4180} INFO - Setting next_dagrun for weather_pipeline_dag to None, run_after=None
[2026-08-31T08:11:40.937+0000] {processor.py:208} INFO - Processing /opt/airflow/dags/ml_02_weather_pipeline.py took 0.355 seconds
[2026-08-31T08:12:11.853+0000] {processor.py:186} INFO - Started process (PID=542) to work on /opt/airflow/dags/ml_02_weather_pipeline.py
[2026-08-31T08:12:11.854+0000] {processor.py:914} INFO - Processing file /opt/airflow/dags/ml_02_weather_pipeline.py for tasks to queue
[2026-08-31T08:12:11.857+0000] {logging_mixin.py:190} INFO - [2026-08-31T08:12:11.857+0000] {dagbag.py:588} INFO - Filling up the DagBag from /opt/airflow/dags/ml_02_weather_pipeline.py
[2026-08-31T08:12:12.174+0000] {processor.py:925} INFO - DAG(s) 'weather_pipeline_dag' retrieved from /opt/airflow/dags/ml_02_weather_pipeline.py
[2026-08-31T08:12:12.206+0000] {logging_mixin.py:190} INFO - [2026-08-31T08:12:12.206+0000] {dag.py:3239} INFO - Sync 1 DAGs
[2026-08-31T08:12:12.223+0000] {logging_mixin.py:190} INFO - [2026-08-31T08:12:12.222+0000] {dag.py:4180} INFO - Setting next_dagrun for weather_pipeline_dag to None, run_after=None
[2026-08-31T08:12:12.248+0000] {processor.py:208} INFO - Processing /opt/airflow/dags/ml_02_weather_pipeline.py took 0.402 seconds
[2026-08-31T08:12:43.121+0000] {processor.py:186} INFO - Started process (PID=556) to work on /opt/airflow/dags/ml_02_weather_pipeline.py
[2026-08-31T08:12:43.123+0000] {processor.py:914} INFO - Processing file /opt/airflow/dags/ml_02_weather_pipeline.py for tasks to queue
[2026-08-31T08:12:43.126+0000] {logging_mixin.py:190} INFO - [2026-08-31T08:12:43.125+0000] {dagbag.py:588} INFO - Filling up the DagBag from /opt/airflow/dags/ml_02_weather_pipeline.py
[2026-08-31T08:12:43.388+0000] {processor.py:925} INFO - DAG(s) 'weather_pipeline_dag' retrieved from /opt/airflow/dags/ml_02_weather_pipeline.py
[2026-08-31T08:12:43.412+0000] {logging_mixin.py:190} INFO - [2026-08-31T08:12:43.412+0000] {dag.py:3239} INFO - Sync 1 DAGs
[2026-08-31T08:12:43.425+0000] {logging_mixin.py:190} INFO - [2026-08-31T08:12:43.425+0000] {dag.py:4180} INFO - Setting next_dagrun for weather_pipeline_dag to None, run_after=None
[2026-08-31T08:12:43.449+0000] {processor.py:208} INFO - Processing /opt/airflow/dags/ml_02_weather_pipeline.py took 0.334 seconds
[2026-08-31T08:13:14.387+0000] {processor.py:186} INFO - Started process (PID=570) to work on /opt/airflow/dags/ml_02_weather_pipeline.py
[2026-08-31T08:13:14.389+0000] {processor.py:914} INFO - Processing file /opt/airflow/dags/ml_02_weather_pipeline.py for tasks to queue
[2026-08-31T08:13:14.392+0000] {logging_mixin.py:190} INFO - [2026-08-31T08:13:14.392+0000] {dagbag.py:588} INFO - Filling up the DagBag from /opt/airflow/dags/ml_02_weather_pipeline.py
[2026-08-31T08:13:14.663+0000] {processor.py:925} INFO - DAG(s) 'weather_pipeline_dag' retrieved from /opt/airflow/dags/ml_02_weather_pipeline.py
[2026-08-31T08:13:14.697+0000] {logging_mixin.py:190} INFO - [2026-08-31T08:13:14.697+0000] {dag.py:3239} INFO - Sync 1 DAGs
[2026-08-31T08:13:14.723+0000] {logging_mixin.py:190} INFO - [2026-08-31T08:13:14.723+0000] {dag.py:4180} INFO - Setting next_dagrun for weather_pipeline_dag to None, run_after=None
[2026-08-31T08:13:14.751+0000] {processor.py:208} INFO - Processing /opt/airflow/dags/ml_02_weather_pipeline.py took 0.369 seconds
[2026-08-31T08:13:45.588+0000] {processor.py:186} INFO - Started process (PID=584) to work on /opt/airflow/dags/ml_02_weather_pipeline.py
[2026-08-31T08:13:45.589+0000] {processor.py:914} INFO - Processing file /opt/airflow/dags/ml_02_weather_pipeline.py for tasks to queue
[2026-08-31T08:13:45.591+0000] {logging_mixin.py:190} INFO - [2026-08-31T08:13:45.591+0000] {dagbag.py:588} INFO - Filling up the DagBag from /opt/airflow/dags/ml_02_weather_pipeline.py
[2026-08-31T08:13:45.808+0000] {processor.py:925} INFO - DAG(s) 'weather_pipeline_dag' retrieved from /opt/airflow/dags/ml_02_weather_pipeline.py
[2026-08-31T08:13:45.827+0000] {logging_mixin.py:190} INFO - [2026-08-31T08:13:45.827+0000] {dag.py:3239} INFO - Sync 1 DAGs
[2026-08-31T08:13:45.836+0000] {logging_mixin.py:190} INFO - [2026-08-31T08:13:45.836+0000] {dag.py:4180} INFO - Setting next_dagrun for weather_pipeline_dag to None, run_after=None
[2026-08-31T08:13:45.856+0000] {processor.py:208} INFO - Processing /opt/airflow/dags/ml_02_weather_pipeline.py took 0.272 seconds
[2026-08-31T08:14:16.759+0000] {processor.py:186} INFO - Started process (PID=598) to work on /opt/airflow/dags/ml_02_weather_pipeline.py
[2026-08-31T08:14:16.765+0000] {processor.py:914} INFO - Processing file /opt/airflow/dags/ml_02_weather_pipeline.py for tasks to queue
[2026-08-31T08:14:16.769+0000] {logging_mixin.py:190} INFO - [2026-08-31T08:14:16.769+0000] {dagbag.py:588} INFO - Filling up the DagBag from /opt/airflow/dags/ml_02_weather_pipeline.py
[2026-08-31T08:14:17.116+0000] {processor.py:925} INFO - DAG(s) 'weather_pipeline_dag' retrieved from /opt/airflow/dags/ml_02_weather_pipeline.py
[2026-08-31T08:14:17.148+0000] {logging_mixin.py:190} INFO - [2026-08-31T08:14:17.147+0000] {dag.py:3239} INFO - Sync 1 DAGs
[2026-08-31T08:14:17.162+0000] {logging_mixin.py:190} INFO - [2026-08-31T08:14:17.162+0000] {dag.py:4180} INFO - Setting next_dagrun for weather_pipeline_dag to None, run_after=None
[2026-08-31T08:14:17.197+0000] {processor.py:208} INFO - Processing /opt/airflow/dags/ml_02_weather_pipeline.py took 0.444 seconds
[2026-08-31T08:14:47.344+0000] {processor.py:186} INFO - Started process (PID=612) to work on /opt/airflow/dags/ml_02_weather_pipeline.py
[2026-08-31T08:14:47.347+0000] {processor.py:914} INFO - Processing file /opt/airflow/dags/ml_02_weather_pipeline.py for tasks to queue
[2026-08-31T08:14:47.353+0000] {logging_mixin.py:190} INFO - [2026-08-31T08:14:47.352+0000] {dagbag.py:588} INFO - Filling up the DagBag from /opt/airflow/dags/ml_02_weather_pipeline.py
[2026-08-31T08:14:47.726+0000] {processor.py:925} INFO - DAG(s) 'weather_pipeline_dag' retrieved from /opt/airflow/dags/ml_02_weather_pipeline.py
[2026-08-31T08:14:47.755+0000] {logging_mixin.py:190} INFO - [2026-08-31T08:14:47.755+0000] {dag.py:3239} INFO - Sync 1 DAGs
[2026-08-31T08:14:47.767+0000] {logging_mixin.py:190} INFO - [2026-08-31T08:14:47.767+0000] {dag.py:4180} INFO - Setting next_dagrun for weather_pipeline_dag to None, run_after=None
[2026-08-31T08:14:47.787+0000] {processor.py:208} INFO - Processing /opt/airflow/dags/ml_02_weather_pipeline.py took 0.453 seconds
[2026-08-31T08:15:18.640+0000] {processor.py:186} INFO - Started process (PID=626) to work on /opt/airflow/dags/ml_02_weather_pipeline.py
[2026-08-31T08:15:18.641+0000] {processor.py:914} INFO - Processing file /opt/airflow/dags/ml_02_weather_pipeline.py for tasks to queue
[2026-08-31T08:15:18.644+0000] {logging_mixin.py:190} INFO - [2026-08-31T08:15:18.643+0000] {dagbag.py:588} INFO - Filling up the DagBag from /opt/airflow/dags/ml_02_weather_pipeline.py
[2026-08-31T08:15:18.893+0000] {processor.py:925} INFO - DAG(s) 'weather_pipeline_dag' retrieved from /opt/airflow/dags/ml_02_weather_pipeline.py
[2026-08-31T08:15:18.917+0000] {logging_mixin.py:190} INFO - [2026-08-31T08:15:18.916+0000] {dag.py:3239} INFO - Sync 1 DAGs
[2026-08-31T08:15:18.928+0000] {logging_mixin.py:190} INFO - [2026-08-31T08:15:18.928+0000] {dag.py:4180} INFO - Setting next_dagrun for weather_pipeline_dag to None, run_after=None
[2026-08-31T08:15:18.953+0000] {processor.py:208} INFO - Processing /opt/airflow/dags/ml_02_weather_pipeline.py took 0.318 seconds
[2026-08-31T08:15:49.701+0000] {processor.py:186} INFO - Started process (PID=640) to work on /opt/airflow/dags/ml_02_weather_pipeline.py
[2026-08-31T08:15:49.702+0000] {processor.py:914} INFO - Processing file /opt/airflow/dags/ml_02_weather_pipeline.py for tasks to queue
[2026-08-31T08:15:49.704+0000] {logging_mixin.py:190} INFO - [2026-08-31T08:15:49.704+0000] {dagbag.py:588} INFO - Filling up the DagBag from /opt/airflow/dags/ml_02_weather_pipeline.py
[2026-08-31T08:15:49.949+0000] {processor.py:925} INFO - DAG(s) 'weather_pipeline_dag' retrieved from /opt/airflow/dags/ml_02_weather_pipeline.py
[2026-08-31T08:15:49.972+0000] {logging_mixin.py:190} INFO - [2026-08-31T08:15:49.972+0000] {dag.py:3239} INFO - Sync 1 DAGs
[2026-08-31T08:15:49.985+0000] {logging_mixin.py:190} INFO - [2026-08-31T08:15:49.985+0000] {dag.py:4180} INFO - Setting next_dagrun for weather_pipeline_dag to None, run_after=None
[2026-08-31T08:15:50.006+0000] {processor.py:208} INFO - Processing /opt/airflow/dags/ml_02_weather_pipeline.py took 0.310 seconds
[2026-08-31T08:16:20.721+0000] {processor.py:186} INFO - Started process (PID=654) to work on /opt/airflow/dags/ml_02_weather_pipeline.py
[2026-08-31T08:16:20.722+0000] {processor.py:914} INFO - Processing file /opt/airflow/dags/ml_02_weather_pipeline.py for tasks to queue
[2026-08-31T08:16:20.724+0000] {logging_mixin.py:190} INFO - [2026-08-31T08:16:20.724+0000] {dagbag.py:588} INFO - Filling up the DagBag from /opt/airflow/dags/ml_02_weather_pipeline.py
[2026-08-31T08:16:20.964+0000] {processor.py:925} INFO - DAG(s) 'weather_pipeline_dag' retrieved from /opt/airflow/dags/ml_02_weather_pipeline.py
[2026-08-31T08:16:20.987+0000] {logging_mixin.py:190} INFO - [2026-08-31T08:16:20.987+0000] {dag.py:3239} INFO - Sync 1 DAGs
[2026-08-31T08:16:20.997+0000] {logging_mixin.py:190} INFO - [2026-08-31T08:16:20.997+0000] {dag.py:4180} INFO - Setting next_dagrun for weather_pipeline_dag to None, run_after=None
[2026-08-31T08:16:21.013+0000] {processor.py:208} INFO - Processing /opt/airflow/dags/ml_02_weather_pipeline.py took 0.297 seconds
[2026-08-31T08:16:51.686+0000] {processor.py:186} INFO - Started process (PID=668) to work on /opt/airflow/dags/ml_02_weather_pipeline.py
[2026-08-31T08:16:51.687+0000] {processor.py:914} INFO - Processing file /opt/airflow/dags/ml_02_weather_pipeline.py for tasks to queue
[2026-08-31T08:16:51.689+0000] {logging_mixin.py:190} INFO - [2026-08-31T08:16:51.689+0000] {dagbag.py:588} INFO - Filling up the DagBag from /opt/airflow/dags/ml_02_weather_pipeline.py
[2026-08-31T08:16:51.919+0000] {processor.py:925} INFO - DAG(s) 'weather_pipeline_dag' retrieved from /opt/airflow/dags/ml_02_weather_pipeline.py
[2026-08-31T08:16:51.941+0000] {logging_mixin.py:190} INFO - [2026-08-31T08:16:51.941+0000] {dag.py:3239} INFO - Sync 1 DAGs
[2026-08-31T08:16:51.951+0000] {logging_mixin.py:190} INFO - [2026-08-31T08:16:51.951+0000] {dag.py:4180} INFO - Setting next_dagrun for weather_pipeline_dag to None, run_after=None
[2026-08-31T08:16:51.971+0000] {processor.py:208} INFO - Processing /opt/airflow/dags/ml_02_weather_pipeline.py took 0.290 seconds
[2026-08-31T08:17:22.270+0000] {processor.py:186} INFO - Started process (PID=682) to work on /opt/airflow/dags/ml_02_weather_pipeline.py
[2026-08-31T08:17:22.271+0000] {processor.py:914} INFO - Processing file /opt/airflow/dags/ml_02_weather_pipeline.py for tasks to queue
[2026-08-31T08:17:22.275+0000] {logging_mixin.py:190} INFO - [2026-08-31T08:17:22.274+0000] {dagbag.py:588} INFO - Filling up the DagBag from /opt/airflow/dags/ml_02_weather_pipeline.py
[2026-08-31T08:17:22.528+0000] {processor.py:925} INFO - DAG(s) 'weather_pipeline_dag' retrieved from /opt/airflow/dags/ml_02_weather_pipeline.py
[2026-08-31T08:17:22.549+0000] {logging_mixin.py:190} INFO - [2026-08-31T08:17:22.548+0000] {dag.py:3239} INFO - Sync 1 DAGs
[2026-08-31T08:17:22.560+0000] {logging_mixin.py:190} INFO - [2026-08-31T08:17:22.560+0000] {dag.py:4180} INFO - Setting next_dagrun for weather_pipeline_dag to None, run_after=None
[2026-08-31T08:17:22.580+0000] {processor.py:208} INFO - Processing /opt/airflow/dags/ml_02_weather_pipeline.py took 0.315 seconds
[2026-08-31T08:17:53.313+0000] {processor.py:186} INFO - Started process (PID=696) to work on /opt/airflow/dags/ml_02_weather_pipeline.py
[2026-08-31T08:17:53.315+0000] {processor.py:914} INFO - Processing file /opt/airflow/dags/ml_02_weather_pipeline.py for tasks to queue
[2026-08-31T08:17:53.317+0000] {logging_mixin.py:190} INFO - [2026-08-31T08:17:53.316+0000] {dagbag.py:588} INFO - Filling up the DagBag from /opt/airflow/dags/ml_02_weather_pipeline.py
[2026-08-31T08:17:53.531+0000] {processor.py:925} INFO - DAG(s) 'weather_pipeline_dag' retrieved from /opt/airflow/dags/ml_02_weather_pipeline.py
[2026-08-31T08:17:53.554+0000] {logging_mixin.py:190} INFO - [2026-08-31T08:17:53.554+0000] {dag.py:3239} INFO - Sync 1 DAGs
[2026-08-31T08:17:53.565+0000] {logging_mixin.py:190} INFO - [2026-08-31T08:17:53.565+0000] {dag.py:4180} INFO - Setting next_dagrun for weather_pipeline_dag to None, run_after=None
[2026-08-31T08:17:53.581+0000] {processor.py:208} INFO - Processing /opt/airflow/dags/ml_02_weather_pipeline.py took 0.273 seconds
[2026-08-31T08:18:24.518+0000] {processor.py:186} INFO - Started process (PID=710) to work on /opt/airflow/dags/ml_02_weather_pipeline.py
[2026-08-31T08:18:24.519+0000] {processor.py:914} INFO - Processing file /opt/airflow/dags/ml_02_weather_pipeline.py for tasks to queue
[2026-08-31T08:18:24.522+0000] {logging_mixin.py:190} INFO - [2026-08-31T08:18:24.521+0000] {dagbag.py:588} INFO - Filling up the DagBag from /opt/airflow/dags/ml_02_weather_pipeline.py
[2026-08-31T08:18:24.758+0000] {processor.py:925} INFO - DAG(s) 'weather_pipeline_dag' retrieved from /opt/airflow/dags/ml_02_weather_pipeline.py
[2026-08-31T08:18:24.787+0000] {logging_mixin.py:190} INFO - [2026-08-31T08:18:24.786+0000] {dag.py:3239} INFO - Sync 1 DAGs
[2026-08-31T08:18:24.807+0000] {logging_mixin.py:190} INFO - [2026-08-31T08:18:24.807+0000] {dag.py:4180} INFO - Setting next_dagrun for weather_pipeline_dag to None, run_after=None
[2026-08-31T08:18:24.848+0000] {processor.py:208} INFO - Processing /opt/airflow/dags/ml_02_weather_pipeline.py took 0.335 seconds
[2026-08-31T08:18:55.721+0000] {processor.py:186} INFO - Started process (PID=724) to work on /opt/airflow/dags/ml_02_weather_pipeline.py
[2026-08-31T08:18:55.723+0000] {processor.py:914} INFO - Processing file /opt/airflow/dags/ml_02_weather_pipeline.py for tasks to queue
[2026-08-31T08:18:55.725+0000] {logging_mixin.py:190} INFO - [2026-08-31T08:18:55.725+0000] {dagbag.py:588} INFO - Filling up the DagBag from /opt/airflow/dags/ml_02_weather_pipeline.py
[2026-08-31T08:18:55.959+0000] {processor.py:925} INFO - DAG(s) 'weather_pipeline_dag' retrieved from /opt/airflow/dags/ml_02_weather_pipeline.py
[2026-08-31T08:18:55.981+0000] {logging_mixin.py:190} INFO - [2026-08-31T08:18:55.981+0000] {dag.py:3239} INFO - Sync 1 DAGs
[2026-08-31T08:18:55.992+0000] {logging_mixin.py:190} INFO - [2026-08-31T08:18:55.992+0000] {dag.py:4180} INFO - Setting next_dagrun for weather_pipeline_dag to None, run_after=None
[2026-08-31T08:18:56.014+0000] {processor.py:208} INFO - Processing /opt/airflow/dags/ml_02_weather_pipeline.py took 0.302 seconds
[2026-08-31T08:19:26.173+0000] {processor.py:186} INFO - Started process (PID=738) to work on /opt/airflow/dags/ml_02_weather_pipeline.py
[2026-08-31T08:19:26.174+0000] {processor.py:914} INFO - Processing file /opt/airflow/dags/ml_02_weather_pipeline.py for tasks to queue
[2026-08-31T08:19:26.176+0000] {logging_mixin.py:190} INFO - [2026-08-31T08:19:26.176+0000] {dagbag.py:588} INFO - Filling up the DagBag from /opt/airflow/dags/ml_02_weather_pipeline.py
[2026-08-31T08:19:26.403+0000] {processor.py:925} INFO - DAG(s) 'weather_pipeline_dag' retrieved from /opt/airflow/dags/ml_02_weather_pipeline.py
[2026-08-31T08:19:26.428+0000] {logging_mixin.py:190} INFO - [2026-08-31T08:19:26.428+0000] {dag.py:3239} INFO - Sync 1 DAGs
[2026-08-31T08:19:26.440+0000] {logging_mixin.py:190} INFO - [2026-08-31T08:19:26.439+0000] {dag.py:4180} INFO - Setting next_dagrun for weather_pipeline_dag to None, run_after=None
[2026-08-31T08:19:26.455+0000] {processor.py:208} INFO - Processing /opt/airflow/dags/ml_02_weather_pipeline.py took 0.287 seconds
[2026-08-31T08:19:57.078+0000] {processor.py:186} INFO - Started process (PID=752) to work on /opt/airflow/dags/ml_02_weather_pipeline.py
[2026-08-31T08:19:57.079+0000] {processor.py:914} INFO - Processing file /opt/airflow/dags/ml_02_weather_pipeline.py for tasks to queue
[2026-08-31T08:19:57.081+0000] {logging_mixin.py:190} INFO - [2026-08-31T08:19:57.081+0000] {dagbag.py:588} INFO - Filling up the DagBag from /opt/airflow/dags/ml_02_weather_pipeline.py
[2026-08-31T08:19:57.495+0000] {processor.py:925} INFO - DAG(s) 'weather_pipeline_dag' retrieved from /opt/airflow/dags/ml_02_weather_pipeline.py
[2026-08-31T08:19:57.526+0000] {logging_mixin.py:190} INFO - [2026-08-31T08:19:57.526+0000] {dag.py:3239} INFO - Sync 1 DAGs
[2026-08-31T08:19:57.536+0000] {logging_mixin.py:190} INFO - [2026-08-31T08:19:57.536+0000] {dag.py:4180} INFO - Setting next_dagrun for weather_pipeline_dag to None, run_after=None
[2026-08-31T08:19:57.557+0000] {processor.py:208} INFO - Processing /opt/airflow/dags/ml_02_weather_pipeline.py took 0.485 seconds
[2026-08-31T08:20:28.511+0000] {processor.py:186} INFO - Started process (PID=766) to work on /opt/airflow/dags/ml_02_weather_pipeline.py
[2026-08-31T08:20:28.514+0000] {processor.py:914} INFO - Processing file /opt/airflow/dags/ml_02_weather_pipeline.py for tasks to queue
[2026-08-31T08:20:28.519+0000] {logging_mixin.py:190} INFO - [2026-08-31T08:20:28.518+0000] {dagbag.py:588} INFO - Filling up the DagBag from /opt/airflow/dags/ml_02_weather_pipeline.py
[2026-08-31T08:20:28.883+0000] {processor.py:925} INFO - DAG(s) 'weather_pipeline_dag' retrieved from /opt/airflow/dags/ml_02_weather_pipeline.py
[2026-08-31T08:20:28.907+0000] {logging_mixin.py:190} INFO - [2026-08-31T08:20:28.907+0000] {dag.py:3239} INFO - Sync 1 DAGs
[2026-08-31T08:20:28.920+0000] {logging_mixin.py:190} INFO - [2026-08-31T08:20:28.920+0000] {dag.py:4180} INFO - Setting next_dagrun for weather_pipeline_dag to None, run_after=None
[2026-08-31T08:20:28.940+0000] {processor.py:208} INFO - Processing /opt/airflow/dags/ml_02_weather_pipeline.py took 0.441 seconds
[2026-08-31T08:20:59.884+0000] {processor.py:186} INFO - Started process (PID=780) to work on /opt/airflow/dags/ml_02_weather_pipeline.py
[2026-08-31T08:20:59.886+0000] {processor.py:914} INFO - Processing file /opt/airflow/dags/ml_02_weather_pipeline.py for tasks to queue
[2026-08-31T08:20:59.888+0000] {logging_mixin.py:190} INFO - [2026-08-31T08:20:59.888+0000] {dagbag.py:588} INFO - Filling up the DagBag from /opt/airflow/dags/ml_02_weather_pipeline.py
[2026-08-31T08:21:00.248+0000] {processor.py:925} INFO - DAG(s) 'weather_pipeline_dag' retrieved from /opt/airflow/dags/ml_02_weather_pipeline.py
[2026-08-31T08:21:00.271+0000] {logging_mixin.py:190} INFO - [2026-08-31T08:21:00.270+0000] {dag.py:3239} INFO - Sync 1 DAGs
[2026-08-31T08:21:00.280+0000] {logging_mixin.py:190} INFO - [2026-08-31T08:21:00.280+0000] {dag.py:4180} INFO - Setting next_dagrun for weather_pipeline_dag to None, run_after=None
[2026-08-31T08:21:00.296+0000] {processor.py:208} INFO - Processing /opt/airflow/dags/ml_02_weather_pipeline.py took 0.423 seconds
[2026-08-31T08:21:30.450+0000] {processor.py:186} INFO - Started process (PID=797) to work on /opt/airflow/dags/ml_02_weather_pipeline.py
[2026-08-31T08:21:30.454+0000] {processor.py:914} INFO - Processing file /opt/airflow/dags/ml_02_weather_pipeline.py for tasks to queue
[2026-08-31T08:21:30.456+0000] {logging_mixin.py:190} INFO - [2026-08-31T08:21:30.456+0000] {dagbag.py:588} INFO - Filling up the DagBag from /opt/airflow/dags/ml_02_weather_pipeline.py
[2026-08-31T08:21:30.689+0000] {processor.py:925} INFO - DAG(s) 'weather_pipeline_dag' retrieved from /opt/airflow/dags/ml_02_weather_pipeline.py
[2026-08-31T08:21:30.712+0000] {logging_mixin.py:190} INFO - [2026-08-31T08:21:30.711+0000] {dag.py:3239} INFO - Sync 1 DAGs
[2026-08-31T08:21:30.724+0000] {logging_mixin.py:190} INFO - [2026-08-31T08:21:30.724+0000] {dag.py:4180} INFO - Setting next_dagrun for weather_pipeline_dag to None, run_after=None
[2026-08-31T08:21:30.746+0000] {processor.py:208} INFO - Processing /opt/airflow/dags/ml_02_weather_pipeline.py took 0.301 seconds
[2026-08-31T08:22:01.531+0000] {processor.py:186} INFO - Started process (PID=811) to work on /opt/airflow/dags/ml_02_weather_pipeline.py
[2026-08-31T08:22:01.532+0000] {processor.py:914} INFO - Processing file /opt/airflow/dags/ml_02_weather_pipeline.py for tasks to queue
[2026-08-31T08:22:01.534+0000] {logging_mixin.py:190} INFO - [2026-08-31T08:22:01.534+0000] {dagbag.py:588} INFO - Filling up the DagBag from /opt/airflow/dags/ml_02_weather_pipeline.py
[2026-08-31T08:22:01.757+0000] {processor.py:925} INFO - DAG(s) 'weather_pipeline_dag' retrieved from /opt/airflow/dags/ml_02_weather_pipeline.py
[2026-08-31T08:22:01.780+0000] {logging_mixin.py:190} INFO - [2026-08-31T08:22:01.780+0000] {dag.py:3239} INFO - Sync 1 DAGs
[2026-08-31T08:22:01.790+0000] {logging_mixin.py:190} INFO - [2026-08-31T08:22:01.790+0000] {dag.py:4180} INFO - Setting next_dagrun for weather_pipeline_dag to None, run_after=None
[2026-08-31T08:22:01.807+0000] {processor.py:208} INFO - Processing /opt/airflow/dags/ml_02_weather_pipeline.py took 0.281 seconds
[2026-08-31T08:22:31.946+0000] {processor.py:186} INFO - Started process (PID=825) to work on /opt/airflow/dags/ml_02_weather_pipeline.py
[2026-08-31T08:22:31.947+0000] {processor.py:914} INFO - Processing file /opt/airflow/dags/ml_02_weather_pipeline.py for tasks to queue
[2026-08-31T08:22:31.949+0000] {logging_mixin.py:190} INFO - [2026-08-31T08:22:31.948+0000] {dagbag.py:588} INFO - Filling up the DagBag from /opt/airflow/dags/ml_02_weather_pipeline.py
[2026-08-31T08:22:32.184+0000] {processor.py:925} INFO - DAG(s) 'weather_pipeline_dag' retrieved from /opt/airflow/dags/ml_02_weather_pipeline.py
[2026-08-31T08:22:32.207+0000] {logging_mixin.py:190} INFO - [2026-08-31T08:22:32.207+0000] {dag.py:3239} INFO - Sync 1 DAGs
[2026-08-31T08:22:32.219+0000] {logging_mixin.py:190} INFO - [2026-08-31T08:22:32.218+0000] {dag.py:4180} INFO - Setting next_dagrun for weather_pipeline_dag to None, run_after=None
[2026-08-31T08:22:32.250+0000] {processor.py:208} INFO - Processing /opt/airflow/dags/ml_02_weather_pipeline.py took 0.311 seconds
[2026-08-31T08:23:02.397+0000] {processor.py:186} INFO - Started process (PID=839) to work on /opt/airflow/dags/ml_02_weather_pipeline.py
[2026-08-31T08:23:02.399+0000] {processor.py:914} INFO - Processing file /opt/airflow/dags/ml_02_weather_pipeline.py for tasks to queue
[2026-08-31T08:23:02.402+0000] {logging_mixin.py:190} INFO - [2026-08-31T08:23:02.402+0000] {dagbag.py:588} INFO - Filling up the DagBag from /opt/airflow/dags/ml_02_weather_pipeline.py
[2026-08-31T08:23:02.682+0000] {processor.py:925} INFO - DAG(s) 'weather_pipeline_dag' retrieved from /opt/airflow/dags/ml_02_weather_pipeline.py
[2026-08-31T08:23:02.714+0000] {logging_mixin.py:190} INFO - [2026-08-31T08:23:02.713+0000] {dag.py:3239} INFO - Sync 1 DAGs
[2026-08-31T08:23:02.728+0000] {logging_mixin.py:190} INFO - [2026-08-31T08:23:02.727+0000] {dag.py:4180} INFO - Setting next_dagrun for weather_pipeline_dag to None, run_after=None
[2026-08-31T08:23:02.747+0000] {processor.py:208} INFO - Processing /opt/airflow/dags/ml_02_weather_pipeline.py took 0.360 seconds
[2026-08-31T08:23:33.462+0000] {processor.py:186} INFO - Started process (PID=853) to work on /opt/airflow/dags/ml_02_weather_pipeline.py
[2026-08-31T08:23:33.463+0000] {processor.py:914} INFO - Processing file /opt/airflow/dags/ml_02_weather_pipeline.py for tasks to queue
[2026-08-31T08:23:33.465+0000] {logging_mixin.py:190} INFO - [2026-08-31T08:23:33.464+0000] {dagbag.py:588} INFO - Filling up the DagBag from /opt/airflow/dags/ml_02_weather_pipeline.py
[2026-08-31T08:23:33.708+0000] {processor.py:925} INFO - DAG(s) 'weather_pipeline_dag' retrieved from /opt/airflow/dags/ml_02_weather_pipeline.py
[2026-08-31T08:23:33.732+0000] {logging_mixin.py:190} INFO - [2026-08-31T08:23:33.732+0000] {dag.py:3239} INFO - Sync 1 DAGs
[2026-08-31T08:23:33.742+0000] {logging_mixin.py:190} INFO - [2026-08-31T08:23:33.742+0000] {dag.py:4180} INFO - Setting next_dagrun for weather_pipeline_dag to None, run_after=None
[2026-08-31T08:23:33.764+0000] {processor.py:208} INFO - Processing /opt/airflow/dags/ml_02_weather_pipeline.py took 0.308 seconds
[2026-08-31T08:24:04.663+0000] {processor.py:186} INFO - Started process (PID=874) to work on /opt/airflow/dags/ml_02_weather_pipeline.py
[2026-08-31T08:24:04.664+0000] {processor.py:914} INFO - Processing file /opt/airflow/dags/ml_02_weather_pipeline.py for tasks to queue
[2026-08-31T08:24:04.666+0000] {logging_mixin.py:190} INFO - [2026-08-31T08:24:04.666+0000] {dagbag.py:588} INFO - Filling up the DagBag from /opt/airflow/dags/ml_02_weather_pipeline.py
[2026-08-31T08:24:04.920+0000] {processor.py:925} INFO - DAG(s) 'weather_pipeline_dag' retrieved from /opt/airflow/dags/ml_02_weather_pipeline.py
[2026-08-31T08:24:04.941+0000] {logging_mixin.py:190} INFO - [2026-08-31T08:24:04.940+0000] {dag.py:3239} INFO - Sync 1 DAGs
[2026-08-31T08:24:04.951+0000] {logging_mixin.py:190} INFO - [2026-08-31T08:24:04.951+0000] {dag.py:4180} INFO - Setting next_dagrun for weather_pipeline_dag to None, run_after=None
[2026-08-31T08:24:04.971+0000] {processor.py:208} INFO - Processing /opt/airflow/dags/ml_02_weather_pipeline.py took 0.314 seconds
[2026-08-31T08:24:35.256+0000] {processor.py:186} INFO - Started process (PID=890) to work on /opt/airflow/dags/ml_02_weather_pipeline.py
[2026-08-31T08:24:35.257+0000] {processor.py:914} INFO - Processing file /opt/airflow/dags/ml_02_weather_pipeline.py for tasks to queue
[2026-08-31T08:24:35.260+0000] {logging_mixin.py:190} INFO - [2026-08-31T08:24:35.259+0000] {dagbag.py:588} INFO - Filling up the DagBag from /opt/airflow/dags/ml_02_weather_pipeline.py
[2026-08-31T08:24:35.611+0000] {processor.py:925} INFO - DAG(s) 'weather_pipeline_dag' retrieved from /opt/airflow/dags/ml_02_weather_pipeline.py
[2026-08-31T08:24:35.648+0000] {logging_mixin.py:190} INFO - [2026-08-31T08:24:35.648+0000] {dag.py:3239} INFO - Sync 1 DAGs
[2026-08-31T08:24:35.660+0000] {logging_mixin.py:190} INFO - [2026-08-31T08:24:35.660+0000] {dag.py:4180} INFO - Setting next_dagrun for weather_pipeline_dag to None, run_after=None
[2026-08-31T08:24:35.683+0000] {processor.py:208} INFO - Processing /opt/airflow/dags/ml_02_weather_pipeline.py took 0.434 seconds
[2026-08-31T08:25:06.481+0000] {processor.py:186} INFO - Started process (PID=904) to work on /opt/airflow/dags/ml_02_weather_pipeline.py
[2026-08-31T08:25:06.483+0000] {processor.py:914} INFO - Processing file /opt/airflow/dags/ml_02_weather_pipeline.py for tasks to queue
[2026-08-31T08:25:06.487+0000] {logging_mixin.py:190} INFO - [2026-08-31T08:25:06.487+0000] {dagbag.py:588} INFO - Filling up the DagBag from /opt/airflow/dags/ml_02_weather_pipeline.py
[2026-08-31T08:25:06.761+0000] {processor.py:925} INFO - DAG(s) 'weather_pipeline_dag' retrieved from /opt/airflow/dags/ml_02_weather_pipeline.py
[2026-08-31T08:25:06.788+0000] {logging_mixin.py:190} INFO - [2026-08-31T08:25:06.788+0000] {dag.py:3239} INFO - Sync 1 DAGs
[2026-08-31T08:25:06.799+0000] {logging_mixin.py:190} INFO - [2026-08-31T08:25:06.798+0000] {dag.py:4180} INFO - Setting next_dagrun for weather_pipeline_dag to None, run_after=None
[2026-08-31T08:25:06.816+0000] {processor.py:208} INFO - Processing /opt/airflow/dags/ml_02_weather_pipeline.py took 0.347 seconds
[2026-08-31T08:25:36.945+0000] {processor.py:186} INFO - Started process (PID=920) to work on /opt/airflow/dags/ml_02_weather_pipeline.py
[2026-08-31T08:25:36.946+0000] {processor.py:914} INFO - Processing file /opt/airflow/dags/ml_02_weather_pipeline.py for tasks to queue
[2026-08-31T08:25:36.949+0000] {logging_mixin.py:190} INFO - [2026-08-31T08:25:36.949+0000] {dagbag.py:588} INFO - Filling up the DagBag from /opt/airflow/dags/ml_02_weather_pipeline.py
[2026-08-31T08:25:37.175+0000] {processor.py:925} INFO - DAG(s) 'weather_pipeline_dag' retrieved from /opt/airflow/dags/ml_02_weather_pipeline.py
[2026-08-31T08:25:37.197+0000] {logging_mixin.py:190} INFO - [2026-08-31T08:25:37.197+0000] {dag.py:3239} INFO - Sync 1 DAGs
[2026-08-31T08:25:37.209+0000] {logging_mixin.py:190} INFO - [2026-08-31T08:25:37.209+0000] {dag.py:4180} INFO - Setting next_dagrun for weather_pipeline_dag to None, run_after=None
[2026-08-31T08:25:37.235+0000] {processor.py:208} INFO - Processing /opt/airflow/dags/ml_02_weather_pipeline.py took 0.296 seconds
[2026-08-31T08:26:08.207+0000] {processor.py:186} INFO - Started process (PID=934) to work on /opt/airflow/dags/ml_02_weather_pipeline.py
[2026-08-31T08:26:08.209+0000] {processor.py:914} INFO - Processing file /opt/airflow/dags/ml_02_weather_pipeline.py for tasks to queue
[2026-08-31T08:26:08.217+0000] {logging_mixin.py:190} INFO - [2026-08-31T08:26:08.216+0000] {dagbag.py:588} INFO - Filling up the DagBag from /opt/airflow/dags/ml_02_weather_pipeline.py
[2026-08-31T08:26:08.464+0000] {processor.py:925} INFO - DAG(s) 'weather_pipeline_dag' retrieved from /opt/airflow/dags/ml_02_weather_pipeline.py
[2026-08-31T08:26:08.485+0000] {logging_mixin.py:190} INFO - [2026-08-31T08:26:08.485+0000] {dag.py:3239} INFO - Sync 1 DAGs
[2026-08-31T08:26:08.497+0000] {logging_mixin.py:190} INFO - [2026-08-31T08:26:08.497+0000] {dag.py:4180} INFO - Setting next_dagrun for weather_pipeline_dag to None, run_after=None
[2026-08-31T08:26:08.514+0000] {processor.py:208} INFO - Processing /opt/airflow/dags/ml_02_weather_pipeline.py took 0.316 seconds
[2026-08-31T08:26:39.376+0000] {processor.py:186} INFO - Started process (PID=948) to work on /opt/airflow/dags/ml_02_weather_pipeline.py
[2026-08-31T08:26:39.377+0000] {processor.py:914} INFO - Processing file /opt/airflow/dags/ml_02_weather_pipeline.py for tasks to queue
[2026-08-31T08:26:39.381+0000] {logging_mixin.py:190} INFO - [2026-08-31T08:26:39.381+0000] {dagbag.py:588} INFO - Filling up the DagBag from /opt/airflow/dags/ml_02_weather_pipeline.py
[2026-08-31T08:26:39.617+0000] {processor.py:925} INFO - DAG(s) 'weather_pipeline_dag' retrieved from /opt/airflow/dags/ml_02_weather_pipeline.py
[2026-08-31T08:26:39.641+0000] {logging_mixin.py:190} INFO - [2026-08-31T08:26:39.640+0000] {dag.py:3239} INFO - Sync 1 DAGs
[2026-08-31T08:26:39.653+0000] {logging_mixin.py:190} INFO - [2026-08-31T08:26:39.653+0000] {dag.py:4180} INFO - Setting next_dagrun for weather_pipeline_dag to None, run_after=None
[2026-08-31T08:26:39.671+0000] {processor.py:208} INFO - Processing /opt/airflow/dags/ml_02_weather_pipeline.py took 0.300 seconds
[2026-08-31T08:27:09.742+0000] {processor.py:186} INFO - Started process (PID=962) to work on /opt/airflow/dags/ml_02_weather_pipeline.py
[2026-08-31T08:27:09.745+0000] {processor.py:914} INFO - Processing file /opt/airflow/dags/ml_02_weather_pipeline.py for tasks to queue
[2026-08-31T08:27:09.748+0000] {logging_mixin.py:190} INFO - [2026-08-31T08:27:09.748+0000] {dagbag.py:588} INFO - Filling up the DagBag from /opt/airflow/dags/ml_02_weather_pipeline.py
[2026-08-31T08:27:10.009+0000] {processor.py:925} INFO - DAG(s) 'weather_pipeline_dag' retrieved from /opt/airflow/dags/ml_02_weather_pipeline.py
[2026-08-31T08:27:10.034+0000] {logging_mixin.py:190} INFO - [2026-08-31T08:27:10.033+0000] {dag.py:3239} INFO - Sync 1 DAGs
[2026-08-31T08:27:10.044+0000] {logging_mixin.py:190} INFO - [2026-08-31T08:27:10.044+0000] {dag.py:4180} INFO - Setting next_dagrun for weather_pipeline_dag to None, run_after=None
[2026-08-31T08:27:10.067+0000] {processor.py:208} INFO - Processing /opt/airflow/dags/ml_02_weather_pipeline.py took 0.336 seconds
[2026-08-31T08:27:40.894+0000] {processor.py:186} INFO - Started process (PID=976) to work on /opt/airflow/dags/ml_02_weather_pipeline.py
[2026-08-31T08:27:40.895+0000] {processor.py:914} INFO - Processing file /opt/airflow/dags/ml_02_weather_pipeline.py for tasks to queue
[2026-08-31T08:27:40.897+0000] {logging_mixin.py:190} INFO - [2026-08-31T08:27:40.897+0000] {dagbag.py:588} INFO - Filling up the DagBag from /opt/airflow/dags/ml_02_weather_pipeline.py
[2026-08-31T08:27:41.138+0000] {processor.py:925} INFO - DAG(s) 'weather_pipeline_dag' retrieved from /opt/airflow/dags/ml_02_weather_pipeline.py
[2026-08-31T08:27:41.161+0000] {logging_mixin.py:190} INFO - [2026-08-31T08:27:41.161+0000] {dag.py:3239} INFO - Sync 1 DAGs
[2026-08-31T08:27:41.175+0000] {logging_mixin.py:190} INFO - [2026-08-31T08:27:41.175+0000] {dag.py:4180} INFO - Setting next_dagrun for weather_pipeline_dag to None, run_after=None
[2026-08-31T08:27:41.200+0000] {processor.py:208} INFO - Processing /opt/airflow/dags/ml_02_weather_pipeline.py took 0.311 seconds
[2026-08-31T08:28:11.943+0000] {processor.py:186} INFO - Started process (PID=990) to work on /opt/airflow/dags/ml_02_weather_pipeline.py
[2026-08-31T08:28:11.945+0000] {processor.py:914} INFO - Processing file /opt/airflow/dags/ml_02_weather_pipeline.py for tasks to queue
[2026-08-31T08:28:11.949+0000] {logging_mixin.py:190} INFO - [2026-08-31T08:28:11.948+0000] {dagbag.py:588} INFO - Filling up the DagBag from /opt/airflow/dags/ml_02_weather_pipeline.py
[2026-08-31T08:28:12.243+0000] {processor.py:925} INFO - DAG(s) 'weather_pipeline_dag' retrieved from /opt/airflow/dags/ml_02_weather_pipeline.py
[2026-08-31T08:28:12.272+0000] {logging_mixin.py:190} INFO - [2026-08-31T08:28:12.271+0000] {dag.py:3239} INFO - Sync 1 DAGs
[2026-08-31T08:28:12.283+0000] {logging_mixin.py:190} INFO - [2026-08-31T08:28:12.283+0000] {dag.py:4180} INFO - Setting next_dagrun for weather_pipeline_dag to None, run_after=None
[2026-08-31T08:28:12.298+0000] {processor.py:208} INFO - Processing /opt/airflow/dags/ml_02_weather_pipeline.py took 0.363 seconds
[2026-08-31T08:28:43.238+0000] {processor.py:186} INFO - Started process (PID=1004) to work on /opt/airflow/dags/ml_02_weather_pipeline.py
[2026-08-31T08:28:43.239+0000] {processor.py:914} INFO - Processing file /opt/airflow/dags/ml_02_weather_pipeline.py for tasks to queue
[2026-08-31T08:28:43.242+0000] {logging_mixin.py:190} INFO - [2026-08-31T08:28:43.242+0000] {dagbag.py:588} INFO - Filling up the DagBag from /opt/airflow/dags/ml_02_weather_pipeline.py
[2026-08-31T08:28:43.488+0000] {processor.py:925} INFO - DAG(s) 'weather_pipeline_dag' retrieved from /opt/airflow/dags/ml_02_weather_pipeline.py
[2026-08-31T08:28:43.510+0000] {logging_mixin.py:190} INFO - [2026-08-31T08:28:43.509+0000] {dag.py:3239} INFO - Sync 1 DAGs
[2026-08-31T08:28:43.521+0000] {logging_mixin.py:190} INFO - [2026-08-31T08:28:43.520+0000] {dag.py:4180} INFO - Setting next_dagrun for weather_pipeline_dag to None, run_after=None
[2026-08-31T08:28:43.538+0000] {processor.py:208} INFO - Processing /opt/airflow/dags/ml_02_weather_pipeline.py took 0.308 seconds
[2026-08-31T08:29:14.643+0000] {processor.py:186} INFO - Started process (PID=1018) to work on /opt/airflow/dags/ml_02_weather_pipeline.py
[2026-08-31T08:29:14.645+0000] {processor.py:914} INFO - Processing file /opt/airflow/dags/ml_02_weather_pipeline.py for tasks to queue
[2026-08-31T08:29:14.647+0000] {logging_mixin.py:190} INFO - [2026-08-31T08:29:14.647+0000] {dagbag.py:588} INFO - Filling up the DagBag from /opt/airflow/dags/ml_02_weather_pipeline.py
[2026-08-31T08:29:14.937+0000] {processor.py:925} INFO - DAG(s) 'weather_pipeline_dag' retrieved from /opt/airflow/dags/ml_02_weather_pipeline.py
[2026-08-31T08:29:14.959+0000] {logging_mixin.py:190} INFO - [2026-08-31T08:29:14.959+0000] {dag.py:3239} INFO - Sync 1 DAGs
[2026-08-31T08:29:14.971+0000] {logging_mixin.py:190} INFO - [2026-08-31T08:29:14.971+0000] {dag.py:4180} INFO - Setting next_dagrun for weather_pipeline_dag to None, run_after=None
[2026-08-31T08:29:15.004+0000] {processor.py:208} INFO - Processing /opt/airflow/dags/ml_02_weather_pipeline.py took 0.369 seconds
[2026-08-31T08:29:45.971+0000] {processor.py:186} INFO - Started process (PID=1032) to work on /opt/airflow/dags/ml_02_weather_pipeline.py
[2026-08-31T08:29:45.972+0000] {processor.py:914} INFO - Processing file /opt/airflow/dags/ml_02_weather_pipeline.py for tasks to queue
[2026-08-31T08:29:45.975+0000] {logging_mixin.py:190} INFO - [2026-08-31T08:29:45.974+0000] {dagbag.py:588} INFO - Filling up the DagBag from /opt/airflow/dags/ml_02_weather_pipeline.py
[2026-08-31T08:29:46.211+0000] {processor.py:925} INFO - DAG(s) 'weather_pipeline_dag' retrieved from /opt/airflow/dags/ml_02_weather_pipeline.py
[2026-08-31T08:29:46.238+0000] {logging_mixin.py:190} INFO - [2026-08-31T08:29:46.238+0000] {dag.py:3239} INFO - Sync 1 DAGs
[2026-08-31T08:29:46.250+0000] {logging_mixin.py:190} INFO - [2026-08-31T08:29:46.249+0000] {dag.py:4180} INFO - Setting next_dagrun for weather_pipeline_dag to None, run_after=None
[2026-08-31T08:29:46.266+0000] {processor.py:208} INFO - Processing /opt/airflow/dags/ml_02_weather_pipeline.py took 0.301 seconds
[2026-08-31T08:30:16.912+0000] {processor.py:186} INFO - Started process (PID=1046) to work on /opt/airflow/dags/ml_02_weather_pipeline.py
[2026-08-31T08:30:16.913+0000] {processor.py:914} INFO - Processing file /opt/airflow/dags/ml_02_weather_pipeline.py for tasks to queue
[2026-08-31T08:30:16.920+0000] {logging_mixin.py:190} INFO - [2026-08-31T08:30:16.919+0000] {dagbag.py:588} INFO - Filling up the DagBag from /opt/airflow/dags/ml_02_weather_pipeline.py
[2026-08-31T08:30:17.223+0000] {processor.py:925} INFO - DAG(s) 'weather_pipeline_dag' retrieved from /opt/airflow/dags/ml_02_weather_pipeline.py
[2026-08-31T08:30:17.252+0000] {logging_mixin.py:190} INFO - [2026-08-31T08:30:17.252+0000] {dag.py:3239} INFO - Sync 1 DAGs
[2026-08-31T08:30:17.266+0000] {logging_mixin.py:190} INFO - [2026-08-31T08:30:17.266+0000] {dag.py:4180} INFO - Setting next_dagrun for weather_pipeline_dag to None, run_after=None
[2026-08-31T08:30:17.290+0000] {processor.py:208} INFO - Processing /opt/airflow/dags/ml_02_weather_pipeline.py took 0.386 seconds
[2026-08-31T08:30:48.228+0000] {processor.py:186} INFO - Started process (PID=1060) to work on /opt/airflow/dags/ml_02_weather_pipeline.py
[2026-08-31T08:30:48.229+0000] {processor.py:914} INFO - Processing file /opt/airflow/dags/ml_02_weather_pipeline.py for tasks to queue
[2026-08-31T08:30:48.232+0000] {logging_mixin.py:190} INFO - [2026-08-31T08:30:48.231+0000] {dagbag.py:588} INFO - Filling up the DagBag from /opt/airflow/dags/ml_02_weather_pipeline.py
[2026-08-31T08:30:48.491+0000] {processor.py:925} INFO - DAG(s) 'weather_pipeline_dag' retrieved from /opt/airflow/dags/ml_02_weather_pipeline.py
[2026-08-31T08:30:48.515+0000] {logging_mixin.py:190} INFO - [2026-08-31T08:30:48.514+0000] {dag.py:3239} INFO - Sync 1 DAGs
[2026-08-31T08:30:48.527+0000] {logging_mixin.py:190} INFO - [2026-08-31T08:30:48.526+0000] {dag.py:4180} INFO - Setting next_dagrun for weather_pipeline_dag to None, run_after=None
[2026-08-31T08:30:48.545+0000] {processor.py:208} INFO - Processing /opt/airflow/dags/ml_02_weather_pipeline.py took 0.323 seconds
[2026-08-31T08:31:19.297+0000] {processor.py:186} INFO - Started process (PID=1074) to work on /opt/airflow/dags/ml_02_weather_pipeline.py
[2026-08-31T08:31:19.299+0000] {processor.py:914} INFO - Processing file /opt/airflow/dags/ml_02_weather_pipeline.py for tasks to queue
[2026-08-31T08:31:19.301+0000] {logging_mixin.py:190} INFO - [2026-08-31T08:31:19.301+0000] {dagbag.py:588} INFO - Filling up the DagBag from /opt/airflow/dags/ml_02_weather_pipeline.py
[2026-08-31T08:31:19.529+0000] {processor.py:925} INFO - DAG(s) 'weather_pipeline_dag' retrieved from /opt/airflow/dags/ml_02_weather_pipeline.py
[2026-08-31T08:31:19.552+0000] {logging_mixin.py:190} INFO - [2026-08-31T08:31:19.552+0000] {dag.py:3239} INFO - Sync 1 DAGs
[2026-08-31T08:31:19.563+0000] {logging_mixin.py:190} INFO - [2026-08-31T08:31:19.563+0000] {dag.py:4180} INFO - Setting next_dagrun for weather_pipeline_dag to None, run_after=None
[2026-08-31T08:31:19.586+0000] {processor.py:208} INFO - Processing /opt/airflow/dags/ml_02_weather_pipeline.py took 0.294 seconds
[2026-08-31T08:31:50.497+0000] {processor.py:186} INFO - Started process (PID=1088) to work on /opt/airflow/dags/ml_02_weather_pipeline.py
[2026-08-31T08:31:50.498+0000] {processor.py:914} INFO - Processing file /opt/airflow/dags/ml_02_weather_pipeline.py for tasks to queue
[2026-08-31T08:31:50.501+0000] {logging_mixin.py:190} INFO - [2026-08-31T08:31:50.500+0000] {dagbag.py:588} INFO - Filling up the DagBag from /opt/airflow/dags/ml_02_weather_pipeline.py
[2026-08-31T08:31:50.745+0000] {processor.py:925} INFO - DAG(s) 'weather_pipeline_dag' retrieved from /opt/airflow/dags/ml_02_weather_pipeline.py
[2026-08-31T08:31:50.768+0000] {logging_mixin.py:190} INFO - [2026-08-31T08:31:50.768+0000] {dag.py:3239} INFO - Sync 1 DAGs
[2026-08-31T08:31:50.780+0000] {logging_mixin.py:190} INFO - [2026-08-31T08:31:50.779+0000] {dag.py:4180} INFO - Setting next_dagrun for weather_pipeline_dag to None, run_after=None
[2026-08-31T08:31:50.801+0000] {processor.py:208} INFO - Processing /opt/airflow/dags/ml_02_weather_pipeline.py took 0.310 seconds
[2026-08-31T08:32:21.521+0000] {processor.py:186} INFO - Started process (PID=1102) to work on /opt/airflow/dags/ml_02_weather_pipeline.py
[2026-08-31T08:32:21.522+0000] {processor.py:914} INFO - Processing file /opt/airflow/dags/ml_02_weather_pipeline.py for tasks to queue
[2026-08-31T08:32:21.525+0000] {logging_mixin.py:190} INFO - [2026-08-31T08:32:21.524+0000] {dagbag.py:588} INFO - Filling up the DagBag from /opt/airflow/dags/ml_02_weather_pipeline.py
[2026-08-31T08:32:21.763+0000] {processor.py:925} INFO - DAG(s) 'weather_pipeline_dag' retrieved from /opt/airflow/dags/ml_02_weather_pipeline.py
[2026-08-31T08:32:21.788+0000] {logging_mixin.py:190} INFO - [2026-08-31T08:32:21.788+0000] {dag.py:3239} INFO - Sync 1 DAGs
[2026-08-31T08:32:21.799+0000] {logging_mixin.py:190} INFO - [2026-08-31T08:32:21.799+0000] {dag.py:4180} INFO - Setting next_dagrun for weather_pipeline_dag to None, run_after=None
[2026-08-31T08:32:21.819+0000] {processor.py:208} INFO - Processing /opt/airflow/dags/ml_02_weather_pipeline.py took 0.302 seconds
[2026-08-31T08:32:51.869+0000] {processor.py:186} INFO - Started process (PID=1116) to work on /opt/airflow/dags/ml_02_weather_pipeline.py
[2026-08-31T08:32:51.870+0000] {processor.py:914} INFO - Processing file /opt/airflow/dags/ml_02_weather_pipeline.py for tasks to queue
[2026-08-31T08:32:51.872+0000] {logging_mixin.py:190} INFO - [2026-08-31T08:32:51.872+0000] {dagbag.py:588} INFO - Filling up the DagBag from /opt/airflow/dags/ml_02_weather_pipeline.py
[2026-08-31T08:32:52.104+0000] {processor.py:925} INFO - DAG(s) 'weather_pipeline_dag' retrieved from /opt/airflow/dags/ml_02_weather_pipeline.py
[2026-08-31T08:32:52.125+0000] {logging_mixin.py:190} INFO - [2026-08-31T08:32:52.125+0000] {dag.py:3239} INFO - Sync 1 DAGs
[2026-08-31T08:32:52.135+0000] {logging_mixin.py:190} INFO - [2026-08-31T08:32:52.135+0000] {dag.py:4180} INFO - Setting next_dagrun for weather_pipeline_dag to None, run_after=None
[2026-08-31T08:32:52.154+0000] {processor.py:208} INFO - Processing /opt/airflow/dags/ml_02_weather_pipeline.py took 0.291 seconds
[2026-08-31T08:33:23.106+0000] {processor.py:186} INFO - Started process (PID=1130) to work on /opt/airflow/dags/ml_02_weather_pipeline.py
[2026-08-31T08:33:23.108+0000] {processor.py:914} INFO - Processing file /opt/airflow/dags/ml_02_weather_pipeline.py for tasks to queue
[2026-08-31T08:33:23.111+0000] {logging_mixin.py:190} INFO - [2026-08-31T08:33:23.111+0000] {dagbag.py:588} INFO - Filling up the DagBag from /opt/airflow/dags/ml_02_weather_pipeline.py
[2026-08-31T08:33:23.362+0000] {processor.py:925} INFO - DAG(s) 'weather_pipeline_dag' retrieved from /opt/airflow/dags/ml_02_weather_pipeline.py
[2026-08-31T08:33:23.383+0000] {logging_mixin.py:190} INFO - [2026-08-31T08:33:23.383+0000] {dag.py:3239} INFO - Sync 1 DAGs
[2026-08-31T08:33:23.394+0000] {logging_mixin.py:190} INFO - [2026-08-31T08:33:23.394+0000] {dag.py:4180} INFO - Setting next_dagrun for weather_pipeline_dag to None, run_after=None
[2026-08-31T08:33:23.411+0000] {processor.py:208} INFO - Processing /opt/airflow/dags/ml_02_weather_pipeline.py took 0.311 seconds
[2026-08-31T08:33:54.351+0000] {processor.py:186} INFO - Started process (PID=1144) to work on /opt/airflow/dags/ml_02_weather_pipeline.py
[2026-08-31T08:33:54.352+0000] {processor.py:914} INFO - Processing file /opt/airflow/dags/ml_02_weather_pipeline.py for tasks to queue
[2026-08-31T08:33:54.354+0000] {logging_mixin.py:190} INFO - [2026-08-31T08:33:54.354+0000] {dagbag.py:588} INFO - Filling up the DagBag from /opt/airflow/dags/ml_02_weather_pipeline.py
[2026-08-31T08:33:54.596+0000] {processor.py:925} INFO - DAG(s) 'weather_pipeline_dag' retrieved from /opt/airflow/dags/ml_02_weather_pipeline.py
[2026-08-31T08:33:54.619+0000] {logging_mixin.py:190} INFO - [2026-08-31T08:33:54.618+0000] {dag.py:3239} INFO - Sync 1 DAGs
[2026-08-31T08:33:54.630+0000] {logging_mixin.py:190} INFO - [2026-08-31T08:33:54.630+0000] {dag.py:4180} INFO - Setting next_dagrun for weather_pipeline_dag to None, run_after=None
[2026-08-31T08:33:54.651+0000] {processor.py:208} INFO - Processing /opt/airflow/dags/ml_02_weather_pipeline.py took 0.305 seconds
[2026-08-31T08:34:24.837+0000] {processor.py:186} INFO - Started process (PID=1158) to work on /opt/airflow/dags/ml_02_weather_pipeline.py
[2026-08-31T08:34:24.838+0000] {processor.py:914} INFO - Processing file /opt/airflow/dags/ml_02_weather_pipeline.py for tasks to queue
[2026-08-31T08:34:24.840+0000] {logging_mixin.py:190} INFO - [2026-08-31T08:34:24.840+0000] {dagbag.py:588} INFO - Filling up the DagBag from /opt/airflow/dags/ml_02_weather_pipeline.py
[2026-08-31T08:34:25.088+0000] {processor.py:925} INFO - DAG(s) 'weather_pipeline_dag' retrieved from /opt/airflow/dags/ml_02_weather_pipeline.py
[2026-08-31T08:34:25.110+0000] {logging_mixin.py:190} INFO - [2026-08-31T08:34:25.110+0000] {dag.py:3239} INFO - Sync 1 DAGs
[2026-08-31T08:34:25.121+0000] {logging_mixin.py:190} INFO - [2026-08-31T08:34:25.121+0000] {dag.py:4180} INFO - Setting next_dagrun for weather_pipeline_dag to None, run_after=None
[2026-08-31T08:34:25.143+0000] {processor.py:208} INFO - Processing /opt/airflow/dags/ml_02_weather_pipeline.py took 0.311 seconds
[2026-08-31T08:34:56.175+0000] {processor.py:186} INFO - Started process (PID=1172) to work on /opt/airflow/dags/ml_02_weather_pipeline.py
[2026-08-31T08:34:56.175+0000] {processor.py:914} INFO - Processing file /opt/airflow/dags/ml_02_weather_pipeline.py for tasks to queue
[2026-08-31T08:34:56.177+0000] {logging_mixin.py:190} INFO - [2026-08-31T08:34:56.177+0000] {dagbag.py:588} INFO - Filling up the DagBag from /opt/airflow/dags/ml_02_weather_pipeline.py
[2026-08-31T08:34:56.443+0000] {processor.py:925} INFO - DAG(s) 'weather_pipeline_dag' retrieved from /opt/airflow/dags/ml_02_weather_pipeline.py
[2026-08-31T08:34:56.466+0000] {logging_mixin.py:190} INFO - [2026-08-31T08:34:56.465+0000] {dag.py:3239} INFO - Sync 1 DAGs
[2026-08-31T08:34:56.479+0000] {logging_mixin.py:190} INFO - [2026-08-31T08:34:56.478+0000] {dag.py:4180} INFO - Setting next_dagrun for weather_pipeline_dag to None, run_after=None
[2026-08-31T08:34:56.496+0000] {processor.py:208} INFO - Processing /opt/airflow/dags/ml_02_weather_pipeline.py took 0.326 seconds
[2026-08-31T08:35:26.619+0000] {processor.py:186} INFO - Started process (PID=1186) to work on /opt/airflow/dags/ml_02_weather_pipeline.py
[2026-08-31T08:35:26.620+0000] {processor.py:914} INFO - Processing file /opt/airflow/dags/ml_02_weather_pipeline.py for tasks to queue
[2026-08-31T08:35:26.624+0000] {logging_mixin.py:190} INFO - [2026-08-31T08:35:26.624+0000] {dagbag.py:588} INFO - Filling up the DagBag from /opt/airflow/dags/ml_02_weather_pipeline.py
[2026-08-31T08:35:26.889+0000] {processor.py:925} INFO - DAG(s) 'weather_pipeline_dag' retrieved from /opt/airflow/dags/ml_02_weather_pipeline.py
[2026-08-31T08:35:26.915+0000] {logging_mixin.py:190} INFO - [2026-08-31T08:35:26.914+0000] {dag.py:3239} INFO - Sync 1 DAGs
[2026-08-31T08:35:26.927+0000] {logging_mixin.py:190} INFO - [2026-08-31T08:35:26.927+0000] {dag.py:4180} INFO - Setting next_dagrun for weather_pipeline_dag to None, run_after=None
[2026-08-31T08:35:26.948+0000] {processor.py:208} INFO - Processing /opt/airflow/dags/ml_02_weather_pipeline.py took 0.341 seconds
[2026-08-31T08:35:57.893+0000] {processor.py:186} INFO - Started process (PID=1200) to work on /opt/airflow/dags/ml_02_weather_pipeline.py
[2026-08-31T08:35:57.896+0000] {processor.py:914} INFO - Processing file /opt/airflow/dags/ml_02_weather_pipeline.py for tasks to queue
[2026-08-31T08:35:57.903+0000] {logging_mixin.py:190} INFO - [2026-08-31T08:35:57.902+0000] {dagbag.py:588} INFO - Filling up the DagBag from /opt/airflow/dags/ml_02_weather_pipeline.py
[2026-08-31T08:35:58.211+0000] {processor.py:925} INFO - DAG(s) 'weather_pipeline_dag' retrieved from /opt/airflow/dags/ml_02_weather_pipeline.py
[2026-08-31T08:35:58.235+0000] {logging_mixin.py:190} INFO - [2026-08-31T08:35:58.235+0000] {dag.py:3239} INFO - Sync 1 DAGs
[2026-08-31T08:35:58.246+0000] {logging_mixin.py:190} INFO - [2026-08-31T08:35:58.246+0000] {dag.py:4180} INFO - Setting next_dagrun for weather_pipeline_dag to None, run_after=None
[2026-08-31T08:35:58.266+0000] {processor.py:208} INFO - Processing /opt/airflow/dags/ml_02_weather_pipeline.py took 0.382 seconds
[2026-08-31T08:36:28.410+0000] {processor.py:186} INFO - Started process (PID=1214) to work on /opt/airflow/dags/ml_02_weather_pipeline.py
[2026-08-31T08:36:28.411+0000] {processor.py:914} INFO - Processing file /opt/airflow/dags/ml_02_weather_pipeline.py for tasks to queue
[2026-08-31T08:36:28.413+0000] {logging_mixin.py:190} INFO - [2026-08-31T08:36:28.413+0000] {dagbag.py:588} INFO - Filling up the DagBag from /opt/airflow/dags/ml_02_weather_pipeline.py
[2026-08-31T08:36:28.682+0000] {processor.py:925} INFO - DAG(s) 'weather_pipeline_dag' retrieved from /opt/airflow/dags/ml_02_weather_pipeline.py
[2026-08-31T08:36:28.705+0000] {logging_mixin.py:190} INFO - [2026-08-31T08:36:28.705+0000] {dag.py:3239} INFO - Sync 1 DAGs
[2026-08-31T08:36:28.716+0000] {logging_mixin.py:190} INFO - [2026-08-31T08:36:28.716+0000] {dag.py:4180} INFO - Setting next_dagrun for weather_pipeline_dag to None, run_after=None
[2026-08-31T08:36:28.737+0000] {processor.py:208} INFO - Processing /opt/airflow/dags/ml_02_weather_pipeline.py took 0.332 seconds
[2026-08-31T08:36:58.877+0000] {processor.py:186} INFO - Started process (PID=1228) to work on /opt/airflow/dags/ml_02_weather_pipeline.py
[2026-08-31T08:36:58.878+0000] {processor.py:914} INFO - Processing file /opt/airflow/dags/ml_02_weather_pipeline.py for tasks to queue
[2026-08-31T08:36:58.881+0000] {logging_mixin.py:190} INFO - [2026-08-31T08:36:58.881+0000] {dagbag.py:588} INFO - Filling up the DagBag from /opt/airflow/dags/ml_02_weather_pipeline.py
[2026-08-31T08:36:59.122+0000] {processor.py:925} INFO - DAG(s) 'weather_pipeline_dag' retrieved from /opt/airflow/dags/ml_02_weather_pipeline.py
[2026-08-31T08:36:59.143+0000] {logging_mixin.py:190} INFO - [2026-08-31T08:36:59.142+0000] {dag.py:3239} INFO - Sync 1 DAGs
[2026-08-31T08:36:59.153+0000] {logging_mixin.py:190} INFO - [2026-08-31T08:36:59.153+0000] {dag.py:4180} INFO - Setting next_dagrun for weather_pipeline_dag to None, run_after=None
[2026-08-31T08:36:59.175+0000] {processor.py:208} INFO - Processing /opt/airflow/dags/ml_02_weather_pipeline.py took 0.303 seconds
[2026-08-31T08:37:29.899+0000] {processor.py:186} INFO - Started process (PID=1242) to work on /opt/airflow/dags/ml_02_weather_pipeline.py
[2026-08-31T08:37:29.900+0000] {processor.py:914} INFO - Processing file /opt/airflow/dags/ml_02_weather_pipeline.py for tasks to queue
[2026-08-31T08:37:29.902+0000] {logging_mixin.py:190} INFO - [2026-08-31T08:37:29.902+0000] {dagbag.py:588} INFO - Filling up the DagBag from /opt/airflow/dags/ml_02_weather_pipeline.py
[2026-08-31T08:37:30.144+0000] {processor.py:925} INFO - DAG(s) 'weather_pipeline_dag' retrieved from /opt/airflow/dags/ml_02_weather_pipeline.py
[2026-08-31T08:37:30.167+0000] {logging_mixin.py:190} INFO - [2026-08-31T08:37:30.166+0000] {dag.py:3239} INFO - Sync 1 DAGs
[2026-08-31T08:37:30.177+0000] {logging_mixin.py:190} INFO - [2026-08-31T08:37:30.177+0000] {dag.py:4180} INFO - Setting next_dagrun for weather_pipeline_dag to None, run_after=None
[2026-08-31T08:37:30.193+0000] {processor.py:208} INFO - Processing /opt/airflow/dags/ml_02_weather_pipeline.py took 0.300 seconds
[2026-08-31T08:38:00.355+0000] {processor.py:186} INFO - Started process (PID=1256) to work on /opt/airflow/dags/ml_02_weather_pipeline.py
[2026-08-31T08:38:00.357+0000] {processor.py:914} INFO - Processing file /opt/airflow/dags/ml_02_weather_pipeline.py for tasks to queue
[2026-08-31T08:38:00.362+0000] {logging_mixin.py:190} INFO - [2026-08-31T08:38:00.362+0000] {dagbag.py:588} INFO - Filling up the DagBag from /opt/airflow/dags/ml_02_weather_pipeline.py
[2026-08-31T08:38:00.825+0000] {processor.py:925} INFO - DAG(s) 'weather_pipeline_dag' retrieved from /opt/airflow/dags/ml_02_weather_pipeline.py
[2026-08-31T08:38:00.850+0000] {logging_mixin.py:190} INFO - [2026-08-31T08:38:00.849+0000] {dag.py:3239} INFO - Sync 1 DAGs
[2026-08-31T08:38:00.861+0000] {logging_mixin.py:190} INFO - [2026-08-31T08:38:00.861+0000] {dag.py:4180} INFO - Setting next_dagrun for weather_pipeline_dag to None, run_after=None
[2026-08-31T08:38:00.882+0000] {processor.py:208} INFO - Processing /opt/airflow/dags/ml_02_weather_pipeline.py took 0.533 seconds
[2026-08-31T08:38:31.302+0000] {processor.py:186} INFO - Started process (PID=1270) to work on /opt/airflow/dags/ml_02_weather_pipeline.py
[2026-08-31T08:38:31.304+0000] {processor.py:914} INFO - Processing file /opt/airflow/dags/ml_02_weather_pipeline.py for tasks to queue
[2026-08-31T08:38:31.306+0000] {logging_mixin.py:190} INFO - [2026-08-31T08:38:31.306+0000] {dagbag.py:588} INFO - Filling up the DagBag from /opt/airflow/dags/ml_02_weather_pipeline.py
[2026-08-31T08:38:31.534+0000] {processor.py:925} INFO - DAG(s) 'weather_pipeline_dag' retrieved from /opt/airflow/dags/ml_02_weather_pipeline.py
[2026-08-31T08:38:31.556+0000] {logging_mixin.py:190} INFO - [2026-08-31T08:38:31.556+0000] {dag.py:3239} INFO - Sync 1 DAGs
[2026-08-31T08:38:31.568+0000] {logging_mixin.py:190} INFO - [2026-08-31T08:38:31.568+0000] {dag.py:4180} INFO - Setting next_dagrun for weather_pipeline_dag to None, run_after=None
[2026-08-31T08:38:31.587+0000] {processor.py:208} INFO - Processing /opt/airflow/dags/ml_02_weather_pipeline.py took 0.292 seconds
[2026-08-31T08:39:02.548+0000] {processor.py:186} INFO - Started process (PID=1284) to work on /opt/airflow/dags/ml_02_weather_pipeline.py
[2026-08-31T08:39:02.550+0000] {processor.py:914} INFO - Processing file /opt/airflow/dags/ml_02_weather_pipeline.py for tasks to queue
[2026-08-31T08:39:02.552+0000] {logging_mixin.py:190} INFO - [2026-08-31T08:39:02.552+0000] {dagbag.py:588} INFO - Filling up the DagBag from /opt/airflow/dags/ml_02_weather_pipeline.py
[2026-08-31T08:39:02.848+0000] {processor.py:925} INFO - DAG(s) 'weather_pipeline_dag' retrieved from /opt/airflow/dags/ml_02_weather_pipeline.py
[2026-08-31T08:39:02.874+0000] {logging_mixin.py:190} INFO - [2026-08-31T08:39:02.873+0000] {dag.py:3239} INFO - Sync 1 DAGs
[2026-08-31T08:39:02.884+0000] {logging_mixin.py:190} INFO - [2026-08-31T08:39:02.884+0000] {dag.py:4180} INFO - Setting next_dagrun for weather_pipeline_dag to None, run_after=None
[2026-08-31T08:39:02.905+0000] {processor.py:208} INFO - Processing /opt/airflow/dags/ml_02_weather_pipeline.py took 0.365 seconds
[2026-08-31T08:39:33.709+0000] {processor.py:186} INFO - Started process (PID=1299) to work on /opt/airflow/dags/ml_02_weather_pipeline.py
[2026-08-31T08:39:33.710+0000] {processor.py:914} INFO - Processing file /opt/airflow/dags/ml_02_weather_pipeline.py for tasks to queue
[2026-08-31T08:39:33.713+0000] {logging_mixin.py:190} INFO - [2026-08-31T08:39:33.713+0000] {dagbag.py:588} INFO - Filling up the DagBag from /opt/airflow/dags/ml_02_weather_pipeline.py
[2026-08-31T08:39:33.944+0000] {processor.py:925} INFO - DAG(s) 'weather_pipeline_dag' retrieved from /opt/airflow/dags/ml_02_weather_pipeline.py
[2026-08-31T08:39:33.967+0000] {logging_mixin.py:190} INFO - [2026-08-31T08:39:33.967+0000] {dag.py:3239} INFO - Sync 1 DAGs
[2026-08-31T08:39:33.977+0000] {logging_mixin.py:190} INFO - [2026-08-31T08:39:33.977+0000] {dag.py:4180} INFO - Setting next_dagrun for weather_pipeline_dag to None, run_after=None
[2026-08-31T08:39:33.999+0000] {processor.py:208} INFO - Processing /opt/airflow/dags/ml_02_weather_pipeline.py took 0.294 seconds
[2026-08-31T08:40:04.433+0000] {processor.py:186} INFO - Started process (PID=1313) to work on /opt/airflow/dags/ml_02_weather_pipeline.py
[2026-08-31T08:40:04.434+0000] {processor.py:914} INFO - Processing file /opt/airflow/dags/ml_02_weather_pipeline.py for tasks to queue
[2026-08-31T08:40:04.436+0000] {logging_mixin.py:190} INFO - [2026-08-31T08:40:04.436+0000] {dagbag.py:588} INFO - Filling up the DagBag from /opt/airflow/dags/ml_02_weather_pipeline.py
[2026-08-31T08:40:04.680+0000] {processor.py:925} INFO - DAG(s) 'weather_pipeline_dag' retrieved from /opt/airflow/dags/ml_02_weather_pipeline.py
[2026-08-31T08:40:04.702+0000] {logging_mixin.py:190} INFO - [2026-08-31T08:40:04.702+0000] {dag.py:3239} INFO - Sync 1 DAGs
[2026-08-31T08:40:04.714+0000] {logging_mixin.py:190} INFO - [2026-08-31T08:40:04.714+0000] {dag.py:4180} INFO - Setting next_dagrun for weather_pipeline_dag to None, run_after=None
[2026-08-31T08:40:04.735+0000] {processor.py:208} INFO - Processing /opt/airflow/dags/ml_02_weather_pipeline.py took 0.309 seconds
[2026-08-31T08:40:34.797+0000] {processor.py:186} INFO - Started process (PID=1327) to work on /opt/airflow/dags/ml_02_weather_pipeline.py
[2026-08-31T08:40:34.798+0000] {processor.py:914} INFO - Processing file /opt/airflow/dags/ml_02_weather_pipeline.py for tasks to queue
[2026-08-31T08:40:34.801+0000] {logging_mixin.py:190} INFO - [2026-08-31T08:40:34.800+0000] {dagbag.py:588} INFO - Filling up the DagBag from /opt/airflow/dags/ml_02_weather_pipeline.py
[2026-08-31T08:40:35.033+0000] {processor.py:925} INFO - DAG(s) 'weather_pipeline_dag' retrieved from /opt/airflow/dags/ml_02_weather_pipeline.py
[2026-08-31T08:40:35.059+0000] {logging_mixin.py:190} INFO - [2026-08-31T08:40:35.058+0000] {dag.py:3239} INFO - Sync 1 DAGs
[2026-08-31T08:40:35.069+0000] {logging_mixin.py:190} INFO - [2026-08-31T08:40:35.069+0000] {dag.py:4180} INFO - Setting next_dagrun for weather_pipeline_dag to None, run_after=None
[2026-08-31T08:40:35.091+0000] {processor.py:208} INFO - Processing /opt/airflow/dags/ml_02_weather_pipeline.py took 0.298 seconds
[2026-08-31T08:41:06.084+0000] {processor.py:186} INFO - Started process (PID=1341) to work on /opt/airflow/dags/ml_02_weather_pipeline.py
[2026-08-31T08:41:06.086+0000] {processor.py:914} INFO - Processing file /opt/airflow/dags/ml_02_weather_pipeline.py for tasks to queue
[2026-08-31T08:41:06.092+0000] {logging_mixin.py:190} INFO - [2026-08-31T08:41:06.092+0000] {dagbag.py:588} INFO - Filling up the DagBag from /opt/airflow/dags/ml_02_weather_pipeline.py
[2026-08-31T08:41:06.482+0000] {processor.py:925} INFO - DAG(s) 'weather_pipeline_dag' retrieved from /opt/airflow/dags/ml_02_weather_pipeline.py
[2026-08-31T08:41:06.505+0000] {logging_mixin.py:190} INFO - [2026-08-31T08:41:06.505+0000] {dag.py:3239} INFO - Sync 1 DAGs
[2026-08-31T08:41:06.516+0000] {logging_mixin.py:190} INFO - [2026-08-31T08:41:06.516+0000] {dag.py:4180} INFO - Setting next_dagrun for weather_pipeline_dag to None, run_after=None
[2026-08-31T08:41:06.534+0000] {processor.py:208} INFO - Processing /opt/airflow/dags/ml_02_weather_pipeline.py took 0.464 seconds
[2026-08-31T08:41:37.329+0000] {processor.py:186} INFO - Started process (PID=1361) to work on /opt/airflow/dags/ml_02_weather_pipeline.py
[2026-08-31T08:41:37.330+0000] {processor.py:914} INFO - Processing file /opt/airflow/dags/ml_02_weather_pipeline.py for tasks to queue
[2026-08-31T08:41:37.332+0000] {logging_mixin.py:190} INFO - [2026-08-31T08:41:37.332+0000] {dagbag.py:588} INFO - Filling up the DagBag from /opt/airflow/dags/ml_02_weather_pipeline.py
[2026-08-31T08:41:37.571+0000] {processor.py:925} INFO - DAG(s) 'weather_pipeline_dag' retrieved from /opt/airflow/dags/ml_02_weather_pipeline.py
[2026-08-31T08:41:37.596+0000] {logging_mixin.py:190} INFO - [2026-08-31T08:41:37.596+0000] {dag.py:3239} INFO - Sync 1 DAGs
[2026-08-31T08:41:37.607+0000] {logging_mixin.py:190} INFO - [2026-08-31T08:41:37.607+0000] {dag.py:4180} INFO - Setting next_dagrun for weather_pipeline_dag to None, run_after=None
[2026-08-31T08:41:37.628+0000] {processor.py:208} INFO - Processing /opt/airflow/dags/ml_02_weather_pipeline.py took 0.306 seconds
[2026-08-31T08:42:08.329+0000] {processor.py:186} INFO - Started process (PID=1375) to work on /opt/airflow/dags/ml_02_weather_pipeline.py
[2026-08-31T08:42:08.330+0000] {processor.py:914} INFO - Processing file /opt/airflow/dags/ml_02_weather_pipeline.py for tasks to queue
[2026-08-31T08:42:08.334+0000] {logging_mixin.py:190} INFO - [2026-08-31T08:42:08.334+0000] {dagbag.py:588} INFO - Filling up the DagBag from /opt/airflow/dags/ml_02_weather_pipeline.py
[2026-08-31T08:42:08.593+0000] {processor.py:925} INFO - DAG(s) 'weather_pipeline_dag' retrieved from /opt/airflow/dags/ml_02_weather_pipeline.py
[2026-08-31T08:42:08.617+0000] {logging_mixin.py:190} INFO - [2026-08-31T08:42:08.617+0000] {dag.py:3239} INFO - Sync 1 DAGs
[2026-08-31T08:42:08.630+0000] {logging_mixin.py:190} INFO - [2026-08-31T08:42:08.630+0000] {dag.py:4180} INFO - Setting next_dagrun for weather_pipeline_dag to None, run_after=None
[2026-08-31T08:42:08.652+0000] {processor.py:208} INFO - Processing /opt/airflow/dags/ml_02_weather_pipeline.py took 0.330 seconds
[2026-08-31T08:42:38.882+0000] {processor.py:186} INFO - Started process (PID=1389) to work on /opt/airflow/dags/ml_02_weather_pipeline.py
[2026-08-31T08:42:38.884+0000] {processor.py:914} INFO - Processing file /opt/airflow/dags/ml_02_weather_pipeline.py for tasks to queue
[2026-08-31T08:42:38.886+0000] {logging_mixin.py:190} INFO - [2026-08-31T08:42:38.886+0000] {dagbag.py:588} INFO - Filling up the DagBag from /opt/airflow/dags/ml_02_weather_pipeline.py
[2026-08-31T08:42:39.126+0000] {processor.py:925} INFO - DAG(s) 'weather_pipeline_dag' retrieved from /opt/airflow/dags/ml_02_weather_pipeline.py
[2026-08-31T08:42:39.147+0000] {logging_mixin.py:190} INFO - [2026-08-31T08:42:39.147+0000] {dag.py:3239} INFO - Sync 1 DAGs
[2026-08-31T08:42:39.160+0000] {logging_mixin.py:190} INFO - [2026-08-31T08:42:39.160+0000] {dag.py:4180} INFO - Setting next_dagrun for weather_pipeline_dag to None, run_after=None
[2026-08-31T08:42:39.181+0000] {processor.py:208} INFO - Processing /opt/airflow/dags/ml_02_weather_pipeline.py took 0.304 seconds
[2026-08-31T08:43:09.678+0000] {processor.py:186} INFO - Started process (PID=1403) to work on /opt/airflow/dags/ml_02_weather_pipeline.py
[2026-08-31T08:43:09.679+0000] {processor.py:914} INFO - Processing file /opt/airflow/dags/ml_02_weather_pipeline.py for tasks to queue
[2026-08-31T08:43:09.681+0000] {logging_mixin.py:190} INFO - [2026-08-31T08:43:09.681+0000] {dagbag.py:588} INFO - Filling up the DagBag from /opt/airflow/dags/ml_02_weather_pipeline.py
[2026-08-31T08:43:09.939+0000] {processor.py:925} INFO - DAG(s) 'weather_pipeline_dag' retrieved from /opt/airflow/dags/ml_02_weather_pipeline.py
[2026-08-31T08:43:09.960+0000] {logging_mixin.py:190} INFO - [2026-08-31T08:43:09.959+0000] {dag.py:3239} INFO - Sync 1 DAGs
[2026-08-31T08:43:09.970+0000] {logging_mixin.py:190} INFO - [2026-08-31T08:43:09.970+0000] {dag.py:4180} INFO - Setting next_dagrun for weather_pipeline_dag to None, run_after=None
[2026-08-31T08:43:09.993+0000] {processor.py:208} INFO - Processing /opt/airflow/dags/ml_02_weather_pipeline.py took 0.320 seconds
[2026-08-31T08:43:40.641+0000] {processor.py:186} INFO - Started process (PID=1417) to work on /opt/airflow/dags/ml_02_weather_pipeline.py
[2026-08-31T08:43:40.642+0000] {processor.py:914} INFO - Processing file /opt/airflow/dags/ml_02_weather_pipeline.py for tasks to queue
[2026-08-31T08:43:40.644+0000] {logging_mixin.py:190} INFO - [2026-08-31T08:43:40.644+0000] {dagbag.py:588} INFO - Filling up the DagBag from /opt/airflow/dags/ml_02_weather_pipeline.py
[2026-08-31T08:43:40.883+0000] {processor.py:925} INFO - DAG(s) 'weather_pipeline_dag' retrieved from /opt/airflow/dags/ml_02_weather_pipeline.py
[2026-08-31T08:43:40.905+0000] {logging_mixin.py:190} INFO - [2026-08-31T08:43:40.905+0000] {dag.py:3239} INFO - Sync 1 DAGs
[2026-08-31T08:43:40.915+0000] {logging_mixin.py:190} INFO - [2026-08-31T08:43:40.915+0000] {dag.py:4180} INFO - Setting next_dagrun for weather_pipeline_dag to None, run_after=None
[2026-08-31T08:43:40.937+0000] {processor.py:208} INFO - Processing /opt/airflow/dags/ml_02_weather_pipeline.py took 0.300 seconds
[2026-08-31T08:44:11.727+0000] {processor.py:186} INFO - Started process (PID=1431) to work on /opt/airflow/dags/ml_02_weather_pipeline.py
[2026-08-31T08:44:11.728+0000] {processor.py:914} INFO - Processing file /opt/airflow/dags/ml_02_weather_pipeline.py for tasks to queue
[2026-08-31T08:44:11.731+0000] {logging_mixin.py:190} INFO - [2026-08-31T08:44:11.730+0000] {dagbag.py:588} INFO - Filling up the DagBag from /opt/airflow/dags/ml_02_weather_pipeline.py
[2026-08-31T08:44:12.025+0000] {processor.py:925} INFO - DAG(s) 'weather_pipeline_dag' retrieved from /opt/airflow/dags/ml_02_weather_pipeline.py
[2026-08-31T08:44:12.065+0000] {logging_mixin.py:190} INFO - [2026-08-31T08:44:12.064+0000] {dag.py:3239} INFO - Sync 1 DAGs
[2026-08-31T08:44:12.078+0000] {logging_mixin.py:190} INFO - [2026-08-31T08:44:12.078+0000] {dag.py:4180} INFO - Setting next_dagrun for weather_pipeline_dag to None, run_after=None
[2026-08-31T08:44:12.101+0000] {processor.py:208} INFO - Processing /opt/airflow/dags/ml_02_weather_pipeline.py took 0.380 seconds
[2026-08-31T08:44:42.259+0000] {processor.py:186} INFO - Started process (PID=1445) to work on /opt/airflow/dags/ml_02_weather_pipeline.py
[2026-08-31T08:44:42.261+0000] {processor.py:914} INFO - Processing file /opt/airflow/dags/ml_02_weather_pipeline.py for tasks to queue
[2026-08-31T08:44:42.264+0000] {logging_mixin.py:190} INFO - [2026-08-31T08:44:42.263+0000] {dagbag.py:588} INFO - Filling up the DagBag from /opt/airflow/dags/ml_02_weather_pipeline.py
[2026-08-31T08:44:42.508+0000] {processor.py:925} INFO - DAG(s) 'weather_pipeline_dag' retrieved from /opt/airflow/dags/ml_02_weather_pipeline.py
[2026-08-31T08:44:42.530+0000] {logging_mixin.py:190} INFO - [2026-08-31T08:44:42.530+0000] {dag.py:3239} INFO - Sync 1 DAGs
[2026-08-31T08:44:42.541+0000] {logging_mixin.py:190} INFO - [2026-08-31T08:44:42.541+0000] {dag.py:4180} INFO - Setting next_dagrun for weather_pipeline_dag to None, run_after=None
[2026-08-31T08:44:42.561+0000] {processor.py:208} INFO - Processing /opt/airflow/dags/ml_02_weather_pipeline.py took 0.314 seconds
[2026-08-31T08:45:13.414+0000] {processor.py:186} INFO - Started process (PID=1459) to work on /opt/airflow/dags/ml_02_weather_pipeline.py
[2026-08-31T08:45:13.416+0000] {processor.py:914} INFO - Processing file /opt/airflow/dags/ml_02_weather_pipeline.py for tasks to queue
[2026-08-31T08:45:13.419+0000] {logging_mixin.py:190} INFO - [2026-08-31T08:45:13.419+0000] {dagbag.py:588} INFO - Filling up the DagBag from /opt/airflow/dags/ml_02_weather_pipeline.py
[2026-08-31T08:45:13.738+0000] {processor.py:925} INFO - DAG(s) 'weather_pipeline_dag' retrieved from /opt/airflow/dags/ml_02_weather_pipeline.py
[2026-08-31T08:45:13.762+0000] {logging_mixin.py:190} INFO - [2026-08-31T08:45:13.762+0000] {dag.py:3239} INFO - Sync 1 DAGs
[2026-08-31T08:45:13.776+0000] {logging_mixin.py:190} INFO - [2026-08-31T08:45:13.776+0000] {dag.py:4180} INFO - Setting next_dagrun for weather_pipeline_dag to None, run_after=None
[2026-08-31T08:45:13.799+0000] {processor.py:208} INFO - Processing /opt/airflow/dags/ml_02_weather_pipeline.py took 0.390 seconds
